{
  "AAPL": {
    "bid": 296.91,
    "ask": 297.11,
    "spread": 0.2,
    "spread_pct": 0.067338,
    "timestamp": 1778777577.3363051
  },
  "COPPER": {
    "bid": 658.63,
    "ask": 659.03,
    "spread": 0.4,
    "spread_pct": 0.060714,
    "timestamp": 1778745929.310647
  },
  "META": {
    "bid": 619.43,
    "ask": 620.05,
    "spread": 0.62,
    "spread_pct": 0.100042,
    "timestamp": 1778777577.336375
  },
  "MSFT": {
    "bid": 408.09,
    "ask": 408.5,
    "spread": 0.41,
    "spread_pct": 0.100418,
    "timestamp": 1778777577.1571488
  },
  "ORCL": {
    "bid": 197.58,
    "ask": 198.02,
    "spread": 0.44,
    "spread_pct": 0.222447,
    "timestamp": 1778777577.247076
  },
  "DJ30": {
    "bid": 50131.25,
    "ask": 50132.33,
    "spread": 1.08,
    "spread_pct": 0.002154,
    "timestamp": 1778777576.2030623
  },
  "TECH100": {
    "bid": 29721.43,
    "ask": 29721.83,
    "spread": 0.4,
    "spread_pct": 0.001346,
    "timestamp": 1778777577.336079
  },
  "XAUUSD": {
    "bid": 4676.62,
    "ask": 4676.8,
    "spread": 0.18,
    "spread_pct": 0.003849,
    "timestamp": 1778777577.335877
  },
  "UK100": {
    "bid": 10391.57,
    "ask": 10392.29,
    "spread": 0.72,
    "spread_pct": 0.006928,
    "timestamp": 1778777577.4479609
  },
  "UKOIL": {
    "bid": 105.127,
    "ask": 105.159,
    "spread": 0.032,
    "spread_pct": 0.030435,
    "timestamp": 1778777575.303335
  },
  "INTEL": {
    "bid": 117.24,
    "ask": 117.38,
    "spread": 0.14,
    "spread_pct": 0.119342,
    "timestamp": 1778777576.9244199
  },
  "JPN225": {
    "bid": 62948.54,
    "ask": 62957.96,
    "spread": 9.42,
    "spread_pct": 0.014963,
    "timestamp": 1778777577.131637
  },
  "NZDUSD": {
    "bid": 0.59156,
    "ask": 0.59168,
    "spread": 0.00012,
    "spread_pct": 0.020283,
    "timestamp": 1778777577.3362315
  },
  "NFLX": {
    "bid": 87.73,
    "ask": 87.86,
    "spread": 0.13,
    "spread_pct": 0.148072,
    "timestamp": 1778777577.1424065
  },
  "AMD": {
    "bid": 449.23,
    "ask": 449.68,
    "spread": 0.45,
    "spread_pct": 0.100121,
    "timestamp": 1778777577.360059
  },
  "GER30": {
    "bid": 24432.07,
    "ask": 24433.07,
    "spread": 1.0,
    "spread_pct": 0.004093,
    "timestamp": 1778777576.2028358
  },
  "XAGUSD": {
    "bid": 84.663,
    "ask": 84.766,
    "spread": 0.103,
    "spread_pct": 0.121585,
    "timestamp": 1778777577.3357043
  },
  "PLTR": {
    "bid": 133.41,
    "ask": 133.54,
    "spread": 0.13,
    "spread_pct": 0.097397,
    "timestamp": 1778777577.1227958
  },
  "GOOG": {
    "bid": 399.69,
    "ask": 400.13,
    "spread": 0.44,
    "spread_pct": 0.110025,
    "timestamp": 1778777576.1465778
  },
  "NGAS": {
    "bid": 2.8914,
    "ask": 2.9038,
    "spread": 0.0124,
    "spread_pct": 0.42794,
    "timestamp": 1778777565.5168056
  },
  "SP500": {
    "bid": 7518.72,
    "ask": 7519.02,
    "spread": 0.3,
    "spread_pct": 0.00399,
    "timestamp": 1778777576.6358323
  },
  "EURUSD": {
    "bid": 1.16752,
    "ask": 1.16761,
    "spread": 9e-05,
    "spread_pct": 0.007708,
    "timestamp": 1778777576.5817027
  },
  "NVIDIA": {
    "bid": 235.42,
    "ask": 235.72,
    "spread": 0.3,
    "spread_pct": 0.127351,
    "timestamp": 1778777575.8961558
  },
  "USOIL": {
    "bid": 96.512,
    "ask": 96.548,
    "spread": 0.036,
    "spread_pct": 0.037294,
    "timestamp": 1778777575.336989
  },
  "TSLA": {
    "bid": 446.44,
    "ask": 446.96,
    "spread": 0.52,
    "spread_pct": 0.116409,
    "timestamp": 1778777577.3359962
  },
  "AMZN": {
    "bid": 268.43,
    "ask": 268.7,
    "spread": 0.27,
    "spread_pct": 0.100534,
    "timestamp": 1778777577.177745
  },
  "GBPUSD": {
    "bid": 1.34387,
    "ask": 1.34398,
    "spread": 0.00011,
    "spread_pct": 0.008185,
    "timestamp": 1778777576.0154476
  },
  "AUDUSD": {
    "bid": 0.7219,
    "ask": 0.72199,
    "spread": 9e-05,
    "spread_pct": 0.012466,
    "timestamp": 1778777577.3361564
  },
  "TSM": {
    "bid": 417.32,
    "ask": 417.74,
    "spread": 0.42,
    "spread_pct": 0.100592,
    "timestamp": 1778777577.123487
  },
  "MSTR": {
    "bid": 188.92,
    "ask": 189.11,
    "spread": 0.19,
    "spread_pct": 0.100521,
    "timestamp": 1778777577.246965
  },
  "XPTUSD": {
    "bid": 2064.7,
    "ask": 2074.9,
    "spread": 10.2,
    "spread_pct": 0.492801,
    "timestamp": 1778777577.4013019
  },
  "COST": {
    "bid": 1032.71,
    "ask": 1034.02,
    "spread": 1.31,
    "spread_pct": 0.12677,
    "timestamp": 1778777577.277412
  },
  "XALUSD": {
    "bid": 3638.33,
    "ask": 3653.57,
    "spread": 15.24,
    "spread_pct": 0.417998,
    "timestamp": 1778777570.373426
  },
  "XPDUSD": {
    "bid": 1444.47,
    "ask": 1451.83,
    "spread": 7.36,
    "spread_pct": 0.508235,
    "timestamp": 1778777577.4011915
  }
}