{
  "AAPL": {
    "bid": 287.3,
    "ask": 287.59,
    "spread": 0.29,
    "spread_pct": 0.100889,
    "timestamp": 1778145889.2022538
  },
  "COPPER": {
    "bid": 620.9,
    "ask": 621.3,
    "spread": 0.4,
    "spread_pct": 0.064402,
    "timestamp": 1778145889.9814696
  },
  "META": {
    "bid": 612.17,
    "ask": 612.78,
    "spread": 0.61,
    "spread_pct": 0.099596,
    "timestamp": 1778145890.1816947
  },
  "MSFT": {
    "bid": 415.01,
    "ask": 415.43,
    "spread": 0.42,
    "spread_pct": 0.101151,
    "timestamp": 1778145889.269975
  },
  "ORCL": {
    "bid": 197.51,
    "ask": 197.96,
    "spread": 0.45,
    "spread_pct": 0.227577,
    "timestamp": 1778145890.2349339
  },
  "DJ30": {
    "bid": 50052.93,
    "ask": 50054.07,
    "spread": 1.14,
    "spread_pct": 0.002278,
    "timestamp": 1778145889.139739
  },
  "TECH100": {
    "bid": 28748.67,
    "ask": 28749.08,
    "spread": 0.41,
    "spread_pct": 0.001426,
    "timestamp": 1778145889.2695189
  },
  "XAUUSD": {
    "bid": 4737.06,
    "ask": 4737.26,
    "spread": 0.2,
    "spread_pct": 0.004222,
    "timestamp": 1778145889.1827652
  },
  "UK100": {
    "bid": 10365.61,
    "ask": 10366.39,
    "spread": 0.78,
    "spread_pct": 0.007525,
    "timestamp": 1778145889.3322992
  },
  "UKOIL": {
    "bid": 98.827,
    "ask": 98.863,
    "spread": 0.036,
    "spread_pct": 0.036421,
    "timestamp": 1778145889.1932425
  },
  "INTEL": {
    "bid": 112.21,
    "ask": 112.35,
    "spread": 0.14,
    "spread_pct": 0.124688,
    "timestamp": 1778093843.2089787
  },
  "JPN225": {
    "bid": 63033.96,
    "ask": 63041.04,
    "spread": 7.08,
    "spread_pct": 0.011231,
    "timestamp": 1778145889.2694187
  },
  "NZDUSD": {
    "bid": 0.59711,
    "ask": 0.59722,
    "spread": 0.00011,
    "spread_pct": 0.01842,
    "timestamp": 1778145889.9070344
  },
  "NFLX": {
    "bid": 88.31,
    "ask": 88.44,
    "spread": 0.13,
    "spread_pct": 0.1471,
    "timestamp": 1778145890.224511
  },
  "AMD": {
    "bid": 419.93,
    "ask": 420.35,
    "spread": 0.42,
    "spread_pct": 0.099967,
    "timestamp": 1778145889.1191146
  },
  "GER30": {
    "bid": 24988.46,
    "ask": 24989.54,
    "spread": 1.08,
    "spread_pct": 0.004322,
    "timestamp": 1778145889.1401427
  },
  "XAGUSD": {
    "bid": 79.652,
    "ask": 79.753,
    "spread": 0.101,
    "spread_pct": 0.126721,
    "timestamp": 1778145889.1400313
  },
  "PLTR": {
    "bid": 134.74,
    "ask": 134.87,
    "spread": 0.13,
    "spread_pct": 0.096436,
    "timestamp": 1778145889.1823788
  },
  "GOOG": {
    "bid": 396.65,
    "ask": 397.09,
    "spread": 0.44,
    "spread_pct": 0.110868,
    "timestamp": 1778093843.2086306
  },
  "NGAS": {
    "bid": 2.7092,
    "ask": 2.7218,
    "spread": 0.0126,
    "spread_pct": 0.464003,
    "timestamp": 1778145884.7312272
  },
  "SP500": {
    "bid": 7396.45,
    "ask": 7396.8,
    "spread": 0.35,
    "spread_pct": 0.004732,
    "timestamp": 1778145889.3410263
  },
  "EURUSD": {
    "bid": 1.17676,
    "ask": 1.17685,
    "spread": 9e-05,
    "spread_pct": 0.007648,
    "timestamp": 1778145889.8102787
  },
  "NVIDIA": {
    "bid": 206.89,
    "ask": 207.21,
    "spread": 0.32,
    "spread_pct": 0.154552,
    "timestamp": 1778093843.5791183
  },
  "USOIL": {
    "bid": 91.69,
    "ask": 93.53,
    "spread": 1.84,
    "spread_pct": 1.986826,
    "timestamp": 1778145890.235923
  },
  "TSLA": {
    "bid": 403.85,
    "ask": 404.33,
    "spread": 0.48,
    "spread_pct": 0.118785,
    "timestamp": 1778145889.2364326
  },
  "AMZN": {
    "bid": 275.61,
    "ask": 275.89,
    "spread": 0.28,
    "spread_pct": 0.101541,
    "timestamp": 1778145890.127895
  },
  "GBPUSD": {
    "bid": 1.36197,
    "ask": 1.36205,
    "spread": 8e-05,
    "spread_pct": 0.005874,
    "timestamp": 1778145889.4560359
  },
  "AUDUSD": {
    "bid": 0.72546,
    "ask": 0.72558,
    "spread": 0.00012,
    "spread_pct": 0.01654,
    "timestamp": 1778145889.6804497
  },
  "TSM": {
    "bid": 420.88,
    "ask": 421.3,
    "spread": 0.42,
    "spread_pct": 0.099741,
    "timestamp": 1778145889.277828
  },
  "MSTR": {
    "bid": 185.61,
    "ask": 185.8,
    "spread": 0.19,
    "spread_pct": 0.102313,
    "timestamp": 1778145890.1603577
  },
  "XPTUSD": {
    "bid": 2082.26,
    "ask": 2092.46,
    "spread": 10.2,
    "spread_pct": 0.488656,
    "timestamp": 1778145889.6803184
  },
  "COST": {
    "bid": 998.14,
    "ask": 999.58,
    "spread": 1.44,
    "spread_pct": 0.144164,
    "timestamp": 1778145889.2696588
  },
  "XALUSD": {
    "bid": 3477.01,
    "ask": 3492.29,
    "spread": 15.28,
    "spread_pct": 0.438495,
    "timestamp": 1778145874.2617679
  },
  "XPDUSD": {
    "bid": 1550.83,
    "ask": 1558.19,
    "spread": 7.36,
    "spread_pct": 0.473461,
    "timestamp": 1778145889.679768
  }
}