{
  "AAPL": {
    "bid": 292.43,
    "ask": 292.72,
    "spread": 0.29,
    "spread_pct": 0.09912,
    "timestamp": 1778474375.3136506
  },
  "COPPER": {
    "bid": 632.39,
    "ask": 632.81,
    "spread": 0.42,
    "spread_pct": 0.066393,
    "timestamp": 1778474374.7675529
  },
  "META": {
    "bid": 607.22,
    "ask": 607.83,
    "spread": 0.61,
    "spread_pct": 0.100407,
    "timestamp": 1778474375.1947024
  },
  "MSFT": {
    "bid": 413.27,
    "ask": 413.68,
    "spread": 0.41,
    "spread_pct": 0.09916,
    "timestamp": 1778474375.1503308
  },
  "ORCL": {
    "bid": 194.42,
    "ask": 194.64,
    "spread": 0.22,
    "spread_pct": 0.113093,
    "timestamp": 1778474375.1299438
  },
  "DJ30": {
    "bid": 49586.41,
    "ask": 49587.59,
    "spread": 1.18,
    "spread_pct": 0.00238,
    "timestamp": 1778474373.8935478
  },
  "TECH100": {
    "bid": 29332.65,
    "ask": 29333.1,
    "spread": 0.45,
    "spread_pct": 0.001534,
    "timestamp": 1778474375.654812
  },
  "XAUUSD": {
    "bid": 4671.84,
    "ask": 4672.04,
    "spread": 0.2,
    "spread_pct": 0.004281,
    "timestamp": 1778474375.150517
  },
  "UK100": {
    "bid": 10247.61,
    "ask": 10248.39,
    "spread": 0.78,
    "spread_pct": 0.007611,
    "timestamp": 1778474369.7991374
  },
  "UKOIL": {
    "bid": 105.734,
    "ask": 105.766,
    "spread": 0.032,
    "spread_pct": 0.03026,
    "timestamp": 1778474372.7797992
  },
  "INTEL": {
    "bid": 124.73,
    "ask": 124.89,
    "spread": 0.16,
    "spread_pct": 0.128195,
    "timestamp": 1778270030.4008458
  },
  "JPN225": {
    "bid": 62745.44,
    "ask": 62754.56,
    "spread": 9.12,
    "spread_pct": 0.014534,
    "timestamp": 1778474375.389597
  },
  "NZDUSD": {
    "bid": 0.5942,
    "ask": 0.59431,
    "spread": 0.00011,
    "spread_pct": 0.018511,
    "timestamp": 1778474375.6554441
  },
  "NFLX": {
    "bid": 87.33,
    "ask": 87.49,
    "spread": 0.16,
    "spread_pct": 0.183045,
    "timestamp": 1778474375.1714272
  },
  "AMD": {
    "bid": 463.76,
    "ask": 464.22,
    "spread": 0.46,
    "spread_pct": 0.09914,
    "timestamp": 1778474375.3135157
  },
  "GER30": {
    "bid": 24357.9,
    "ask": 24359.1,
    "spread": 1.2,
    "spread_pct": 0.004926,
    "timestamp": 1778474375.6551802
  },
  "XAGUSD": {
    "bid": 80.286,
    "ask": 80.387,
    "spread": 0.101,
    "spread_pct": 0.125721,
    "timestamp": 1778474375.8967278
  },
  "PLTR": {
    "bid": 135.93,
    "ask": 136.07,
    "spread": 0.14,
    "spread_pct": 0.102941,
    "timestamp": 1778474375.3137546
  },
  "GOOG": {
    "bid": 401.27,
    "ask": 401.73,
    "spread": 0.46,
    "spread_pct": 0.11457,
    "timestamp": 1778270030.3699174
  },
  "NGAS": {
    "bid": 2.802,
    "ask": 2.815,
    "spread": 0.013,
    "spread_pct": 0.462881,
    "timestamp": 1778474375.578803
  },
  "SP500": {
    "bid": 7411.72,
    "ask": 7412.03,
    "spread": 0.31,
    "spread_pct": 0.004182,
    "timestamp": 1778474375.654639
  },
  "EURUSD": {
    "bid": 1.17529,
    "ask": 1.1754,
    "spread": 0.00011,
    "spread_pct": 0.009359,
    "timestamp": 1778474375.0881329
  },
  "NVIDIA": {
    "bid": 214.87,
    "ask": 215.17,
    "spread": 0.3,
    "spread_pct": 0.139522,
    "timestamp": 1778270030.6704366
  },
  "USOIL": {
    "bid": 100.104,
    "ask": 100.136,
    "spread": 0.032,
    "spread_pct": 0.031962,
    "timestamp": 1778474363.2368703
  },
  "TSLA": {
    "bid": 425.23,
    "ask": 425.74,
    "spread": 0.51,
    "spread_pct": 0.119863,
    "timestamp": 1778474375.1734421
  },
  "AMZN": {
    "bid": 271.24,
    "ask": 271.51,
    "spread": 0.27,
    "spread_pct": 0.099493,
    "timestamp": 1778474375.3456664
  },
  "GBPUSD": {
    "bid": 1.35871,
    "ask": 1.35882,
    "spread": 0.00011,
    "spread_pct": 0.008096,
    "timestamp": 1778474375.866154
  },
  "AUDUSD": {
    "bid": 0.72257,
    "ask": 0.72268,
    "spread": 0.00011,
    "spread_pct": 0.015222,
    "timestamp": 1778474375.7180297
  },
  "TSM": {
    "bid": 407.66,
    "ask": 408.07,
    "spread": 0.41,
    "spread_pct": 0.100523,
    "timestamp": 1778474375.3469095
  },
  "MSTR": {
    "bid": 189.54,
    "ask": 189.73,
    "spread": 0.19,
    "spread_pct": 0.100192,
    "timestamp": 1778474375.1206143
  },
  "XPTUSD": {
    "bid": 2036.47,
    "ask": 2046.65,
    "spread": 10.18,
    "spread_pct": 0.498638,
    "timestamp": 1778474375.6555264
  },
  "COST": {
    "bid": 1006.19,
    "ask": 1007.4,
    "spread": 1.21,
    "spread_pct": 0.120183,
    "timestamp": 1778474375.3658714
  },
  "XALUSD": {
    "bid": 3514.51,
    "ask": 3529.84,
    "spread": 15.33,
    "spread_pct": 0.435242,
    "timestamp": 1778474363.4689398
  },
  "XPDUSD": {
    "bid": 1479.79,
    "ask": 1487.09,
    "spread": 7.3,
    "spread_pct": 0.492099,
    "timestamp": 1778474369.156472
  }
}