{
  "AAPL": {
    "bid": 292.6,
    "ask": 292.89,
    "spread": 0.29,
    "spread_pct": 0.099062,
    "timestamp": 1778572192.2550404
  },
  "COPPER": {
    "bid": 645.99,
    "ask": 646.41,
    "spread": 0.42,
    "spread_pct": 0.064995,
    "timestamp": 1778572191.1188555
  },
  "META": {
    "bid": 597.58,
    "ask": 598.18,
    "spread": 0.6,
    "spread_pct": 0.100355,
    "timestamp": 1778572192.2659297
  },
  "MSFT": {
    "bid": 411.92,
    "ask": 412.33,
    "spread": 0.41,
    "spread_pct": 0.099484,
    "timestamp": 1778572192.265786
  },
  "ORCL": {
    "bid": 191.81,
    "ask": 192.23,
    "spread": 0.42,
    "spread_pct": 0.218727,
    "timestamp": 1778572192.2650273
  },
  "DJ30": {
    "bid": 49777.98,
    "ask": 49779.02,
    "spread": 1.04,
    "spread_pct": 0.002089,
    "timestamp": 1778572192.3713288
  },
  "TECH100": {
    "bid": 29248.62,
    "ask": 29249.08,
    "spread": 0.46,
    "spread_pct": 0.001573,
    "timestamp": 1778572192.5833466
  },
  "XAUUSD": {
    "bid": 4699.25,
    "ask": 4699.43,
    "spread": 0.18,
    "spread_pct": 0.00383,
    "timestamp": 1778572191.1186545
  },
  "UK100": {
    "bid": 10222.59,
    "ask": 10223.41,
    "spread": 0.82,
    "spread_pct": 0.008021,
    "timestamp": 1778572191.8897438
  },
  "UKOIL": {
    "bid": 106.211,
    "ask": 106.249,
    "spread": 0.038,
    "spread_pct": 0.035771,
    "timestamp": 1778572190.1982057
  },
  "INTEL": {
    "bid": 128.57,
    "ask": 128.71,
    "spread": 0.14,
    "spread_pct": 0.108831,
    "timestamp": 1778524135.4207752
  },
  "JPN225": {
    "bid": 62642.99,
    "ask": 62652.01,
    "spread": 9.02,
    "spread_pct": 0.014398,
    "timestamp": 1778572191.3449485
  },
  "NZDUSD": {
    "bid": 0.59429,
    "ask": 0.59437,
    "spread": 8e-05,
    "spread_pct": 0.013461,
    "timestamp": 1778572192.3712087
  },
  "NFLX": {
    "bid": 85.41,
    "ask": 85.66,
    "spread": 0.25,
    "spread_pct": 0.292278,
    "timestamp": 1778572192.0994573
  },
  "AMD": {
    "bid": 448.47,
    "ask": 448.92,
    "spread": 0.45,
    "spread_pct": 0.100291,
    "timestamp": 1778572192.1834047
  },
  "GER30": {
    "bid": 24236.54,
    "ask": 24237.76,
    "spread": 1.22,
    "spread_pct": 0.005034,
    "timestamp": 1778572191.291339
  },
  "XAGUSD": {
    "bid": 84.207,
    "ask": 84.308,
    "spread": 0.101,
    "spread_pct": 0.119871,
    "timestamp": 1778572191.1717203
  },
  "PLTR": {
    "bid": 135.44,
    "ask": 135.58,
    "spread": 0.14,
    "spread_pct": 0.103313,
    "timestamp": 1778572192.1087027
  },
  "GOOG": {
    "bid": 392.6,
    "ask": 393.04,
    "spread": 0.44,
    "spread_pct": 0.112011,
    "timestamp": 1778524134.9171157
  },
  "NGAS": {
    "bid": 2.914,
    "ask": 2.927,
    "spread": 0.013,
    "spread_pct": 0.445129,
    "timestamp": 1778572188.5450675
  },
  "SP500": {
    "bid": 7416.22,
    "ask": 7416.53,
    "spread": 0.31,
    "spread_pct": 0.00418,
    "timestamp": 1778572192.1088984
  },
  "EURUSD": {
    "bid": 1.17434,
    "ask": 1.17446,
    "spread": 0.00012,
    "spread_pct": 0.010218,
    "timestamp": 1778572191.3134322
  },
  "NVIDIA": {
    "bid": 221.09,
    "ask": 221.41,
    "spread": 0.32,
    "spread_pct": 0.144633,
    "timestamp": 1778524135.7189126
  },
  "USOIL": {
    "bid": 96.742,
    "ask": 96.776,
    "spread": 0.034,
    "spread_pct": 0.035139,
    "timestamp": 1778572191.3894596
  },
  "TSLA": {
    "bid": 438.18,
    "ask": 438.71,
    "spread": 0.53,
    "spread_pct": 0.120882,
    "timestamp": 1778572192.357973
  },
  "AMZN": {
    "bid": 267.16,
    "ask": 267.43,
    "spread": 0.27,
    "spread_pct": 0.101012,
    "timestamp": 1778572192.1405818
  },
  "GBPUSD": {
    "bid": 1.3518,
    "ask": 1.3519,
    "spread": 0.0001,
    "spread_pct": 0.007397,
    "timestamp": 1778572192.2320516
  },
  "AUDUSD": {
    "bid": 0.72152,
    "ask": 0.72162,
    "spread": 0.0001,
    "spread_pct": 0.013859,
    "timestamp": 1778572191.6559887
  },
  "TSM": {
    "bid": 400.21,
    "ask": 400.61,
    "spread": 0.4,
    "spread_pct": 0.099898,
    "timestamp": 1778572192.2852209
  },
  "MSTR": {
    "bid": 191.34,
    "ask": 191.53,
    "spread": 0.19,
    "spread_pct": 0.09925,
    "timestamp": 1778572192.2648423
  },
  "XPTUSD": {
    "bid": 2063.86,
    "ask": 2073.94,
    "spread": 10.08,
    "spread_pct": 0.487215,
    "timestamp": 1778572189.9795213
  },
  "COST": {
    "bid": 1000.95,
    "ask": 1001.95,
    "spread": 1.0,
    "spread_pct": 0.099855,
    "timestamp": 1778572192.2184842
  },
  "XALUSD": {
    "bid": 3540.42,
    "ask": 3555.68,
    "spread": 15.26,
    "spread_pct": 0.430095,
    "timestamp": 1778572185.0291805
  },
  "XPDUSD": {
    "bid": 1484.67,
    "ask": 1492.03,
    "spread": 7.36,
    "spread_pct": 0.494507,
    "timestamp": 1778572191.655818
  }
}