{
  "AAPL": {
    "bid": 297.49,
    "ask": 297.79,
    "spread": 0.3,
    "spread_pct": 0.100793,
    "timestamp": 1779134656.2686439
  },
  "COPPER": {
    "bid": 658.63,
    "ask": 659.03,
    "spread": 0.4,
    "spread_pct": 0.060714,
    "timestamp": 1778745929.310647
  },
  "META": {
    "bid": 611.38,
    "ask": 611.99,
    "spread": 0.61,
    "spread_pct": 0.099725,
    "timestamp": 1779134656.142644
  },
  "MSFT": {
    "bid": 424.41,
    "ask": 424.83,
    "spread": 0.42,
    "spread_pct": 0.098912,
    "timestamp": 1779134656.1428397
  },
  "ORCL": {
    "bid": 186.79,
    "ask": 186.98,
    "spread": 0.19,
    "spread_pct": 0.101667,
    "timestamp": 1779134655.2158859
  },
  "DJ30": {
    "bid": 49745.69,
    "ask": 49746.81,
    "spread": 1.12,
    "spread_pct": 0.002251,
    "timestamp": 1779134655.5480266
  },
  "TECH100": {
    "bid": 29091.12,
    "ask": 29091.56,
    "spread": 0.44,
    "spread_pct": 0.001512,
    "timestamp": 1779134655.085424
  },
  "XAUUSD": {
    "bid": 4560.84,
    "ask": 4561.04,
    "spread": 0.2,
    "spread_pct": 0.004385,
    "timestamp": 1779134655.4179888
  },
  "UK100": {
    "bid": 10325.34,
    "ask": 10326.16,
    "spread": 0.82,
    "spread_pct": 0.007941,
    "timestamp": 1779128032.3949327
  },
  "UKOIL": {
    "bid": 108.951,
    "ask": 108.983,
    "spread": 0.032,
    "spread_pct": 0.029367,
    "timestamp": 1779134656.3009615
  },
  "INTEL": {
    "bid": 106.14,
    "ask": 106.3,
    "spread": 0.16,
    "spread_pct": 0.150631,
    "timestamp": 1779128030.307583
  },
  "JPN225": {
    "bid": 61521.45,
    "ask": 61528.55,
    "spread": 7.1,
    "spread_pct": 0.01154,
    "timestamp": 1779134655.4107046
  },
  "NZDUSD": {
    "bid": 0.58761,
    "ask": 0.5877,
    "spread": 9e-05,
    "spread_pct": 0.015315,
    "timestamp": 1779134655.8510036
  },
  "NFLX": {
    "bid": 89.57,
    "ask": 89.7,
    "spread": 0.13,
    "spread_pct": 0.145033,
    "timestamp": 1779134655.19232
  },
  "AMD": {
    "bid": 421.06,
    "ask": 421.48,
    "spread": 0.42,
    "spread_pct": 0.099699,
    "timestamp": 1779134656.1826081
  },
  "GER30": {
    "bid": 24296.69,
    "ask": 24297.85,
    "spread": 1.16,
    "spread_pct": 0.004774,
    "timestamp": 1779128033.0561764
  },
  "XAGUSD": {
    "bid": 77.318,
    "ask": 77.423,
    "spread": 0.105,
    "spread_pct": 0.135711,
    "timestamp": 1779134656.245845
  },
  "PLTR": {
    "bid": 135.2,
    "ask": 135.34,
    "spread": 0.14,
    "spread_pct": 0.103497,
    "timestamp": 1779134656.2051613
  },
  "GOOG": {
    "bid": 399.9,
    "ask": 400.3,
    "spread": 0.4,
    "spread_pct": 0.099975,
    "timestamp": 1779128032.8518436
  },
  "NGAS": {
    "bid": 3.0192,
    "ask": 3.0322,
    "spread": 0.013,
    "spread_pct": 0.429653,
    "timestamp": 1779134653.5183244
  },
  "SP500": {
    "bid": 7418.51,
    "ask": 7418.83,
    "spread": 0.32,
    "spread_pct": 0.004313,
    "timestamp": 1779134656.3010478
  },
  "EURUSD": {
    "bid": 1.16533,
    "ask": 1.16545,
    "spread": 0.00012,
    "spread_pct": 0.010297,
    "timestamp": 1779134656.142755
  },
  "NVIDIA": {
    "bid": 220.09,
    "ask": 220.42,
    "spread": 0.33,
    "spread_pct": 0.149826,
    "timestamp": 1779128032.1756685
  },
  "USOIL": {
    "bid": 101.902,
    "ask": 101.94,
    "spread": 0.038,
    "spread_pct": 0.037284,
    "timestamp": 1779134656.3008416
  },
  "TSLA": {
    "bid": 409.2,
    "ask": 409.69,
    "spread": 0.49,
    "spread_pct": 0.119674,
    "timestamp": 1779134656.1062315
  },
  "AMZN": {
    "bid": 264.73,
    "ask": 264.99,
    "spread": 0.26,
    "spread_pct": 0.098165,
    "timestamp": 1779134655.1802273
  },
  "GBPUSD": {
    "bid": 1.34327,
    "ask": 1.34338,
    "spread": 0.00011,
    "spread_pct": 0.008189,
    "timestamp": 1779134654.0604928
  },
  "AUDUSD": {
    "bid": 0.71679,
    "ask": 0.7169,
    "spread": 0.00011,
    "spread_pct": 0.015345,
    "timestamp": 1779134654.5972059
  },
  "TSM": {
    "bid": 396.16,
    "ask": 396.56,
    "spread": 0.4,
    "spread_pct": 0.100918,
    "timestamp": 1779134656.1429148
  },
  "MSTR": {
    "bid": 167.23,
    "ask": 167.4,
    "spread": 0.17,
    "spread_pct": 0.101605,
    "timestamp": 1779134656.0861862
  },
  "XPTUSD": {
    "bid": 1972.44,
    "ask": 1982.46,
    "spread": 10.02,
    "spread_pct": 0.506713,
    "timestamp": 1779134654.1539736
  },
  "COST": {
    "bid": 1075.41,
    "ask": 1078.0,
    "spread": 2.59,
    "spread_pct": 0.240549,
    "timestamp": 1779134656.150674
  },
  "XALUSD": {
    "bid": 3560.48,
    "ask": 3575.72,
    "spread": 15.24,
    "spread_pct": 0.427118,
    "timestamp": 1779120947.9483714
  },
  "XPDUSD": {
    "bid": 1413.81,
    "ask": 1421.13,
    "spread": 7.32,
    "spread_pct": 0.516413,
    "timestamp": 1779134642.1996536
  }
}