{
  "AAPL": {
    "bid": 283.53,
    "ask": 283.69,
    "spread": 0.16,
    "spread_pct": 0.056416,
    "timestamp": 1777647327.6552951
  },
  "COPPER": {
    "bid": 598.95,
    "ask": 599.35,
    "spread": 0.4,
    "spread_pct": 0.066761,
    "timestamp": 1777647327.2917657
  },
  "META": {
    "bid": 611.18,
    "ask": 612.06,
    "spread": 0.88,
    "spread_pct": 0.14388,
    "timestamp": 1777647327.4041383
  },
  "MSFT": {
    "bid": 413.59,
    "ask": 413.73,
    "spread": 0.14,
    "spread_pct": 0.033844,
    "timestamp": 1777647327.6553636
  },
  "ORCL": {
    "bid": 170.1,
    "ask": 170.46,
    "spread": 0.36,
    "spread_pct": 0.211416,
    "timestamp": 1777647327.13367
  },
  "DJ30": {
    "bid": 49915.37,
    "ask": 49916.63,
    "spread": 1.26,
    "spread_pct": 0.002524,
    "timestamp": 1777647327.2156987
  },
  "TECH100": {
    "bid": 27829.16,
    "ask": 27829.59,
    "spread": 0.43,
    "spread_pct": 0.001545,
    "timestamp": 1777647327.2589521
  },
  "XAUUSD": {
    "bid": 4631.62,
    "ask": 4631.82,
    "spread": 0.2,
    "spread_pct": 0.004318,
    "timestamp": 1777647327.5346923
  },
  "UK100": {
    "bid": 10367.63,
    "ask": 10368.37,
    "spread": 0.74,
    "spread_pct": 0.007137,
    "timestamp": 1777647326.6401863
  },
  "UKOIL": {
    "bid": 108.447,
    "ask": 108.483,
    "spread": 0.036,
    "spread_pct": 0.03319,
    "timestamp": 1777647327.3940449
  },
  "INTEL": {
    "bid": 99.88,
    "ask": 100.02,
    "spread": 0.14,
    "spread_pct": 0.14007,
    "timestamp": 1777647327.6550374
  },
  "JPN225": {
    "bid": 59415.95,
    "ask": 59424.05,
    "spread": 8.1,
    "spread_pct": 0.013632,
    "timestamp": 1777647327.3412561
  },
  "NZDUSD": {
    "bid": 0.59132,
    "ask": 0.59141,
    "spread": 9e-05,
    "spread_pct": 0.015219,
    "timestamp": 1777647327.3836327
  },
  "NFLX": {
    "bid": 93.74,
    "ask": 94.82,
    "spread": 1.08,
    "spread_pct": 1.145524,
    "timestamp": 1777647327.5347807
  },
  "AMD": {
    "bid": 352.25,
    "ask": 352.43,
    "spread": 0.18,
    "spread_pct": 0.051087,
    "timestamp": 1777647327.2897131
  },
  "GER30": {
    "bid": 24426.99,
    "ask": 24428.01,
    "spread": 1.02,
    "spread_pct": 0.004176,
    "timestamp": 1777575685.1484106
  },
  "XAGUSD": {
    "bid": 75.703,
    "ask": 75.804,
    "spread": 0.101,
    "spread_pct": 0.133327,
    "timestamp": 1777647327.5344021
  },
  "PLTR": {
    "bid": 143.46,
    "ask": 143.6,
    "spread": 0.14,
    "spread_pct": 0.097541,
    "timestamp": 1777647327.672255
  },
  "GOOG": {
    "bid": 384.43,
    "ask": 384.83,
    "spread": 0.4,
    "spread_pct": 0.103996,
    "timestamp": 1777647326.6402886
  },
  "NGAS": {
    "bid": 2.767,
    "ask": 2.78,
    "spread": 0.013,
    "spread_pct": 0.468722,
    "timestamp": 1777647327.223734
  },
  "SP500": {
    "bid": 7280.97,
    "ask": 7281.28,
    "spread": 0.31,
    "spread_pct": 0.004258,
    "timestamp": 1777647327.3335497
  },
  "EURUSD": {
    "bid": 1.17643,
    "ask": 1.17653,
    "spread": 0.0001,
    "spread_pct": 0.0085,
    "timestamp": 1777647327.6552193
  },
  "NVIDIA": {
    "bid": 199.59,
    "ask": 199.94,
    "spread": 0.35,
    "spread_pct": 0.175206,
    "timestamp": 1777647327.654807
  },
  "USOIL": {
    "bid": 101.526,
    "ask": 101.565,
    "spread": 0.039,
    "spread_pct": 0.038406,
    "timestamp": 1777647327.215524
  },
  "TSLA": {
    "bid": 389.03,
    "ask": 389.53,
    "spread": 0.5,
    "spread_pct": 0.128442,
    "timestamp": 1777647327.215624
  },
  "AMZN": {
    "bid": 269.77,
    "ask": 270.09,
    "spread": 0.32,
    "spread_pct": 0.118549,
    "timestamp": 1777647327.462573
  },
  "GBPUSD": {
    "bid": 1.36214,
    "ask": 1.36223,
    "spread": 9e-05,
    "spread_pct": 0.006607,
    "timestamp": 1777647326.710116
  },
  "AUDUSD": {
    "bid": 0.72143,
    "ask": 0.72152,
    "spread": 9e-05,
    "spread_pct": 0.012474,
    "timestamp": 1777647327.6551332
  },
  "TSM": {
    "bid": 398.57,
    "ask": 398.97,
    "spread": 0.4,
    "spread_pct": 0.100308,
    "timestamp": 1777647327.2152362
  },
  "MSTR": {
    "bid": 176.82,
    "ask": 177.0,
    "spread": 0.18,
    "spread_pct": 0.101747,
    "timestamp": 1777647327.3525872
  },
  "XPTUSD": {
    "bid": 1991.7,
    "ask": 2001.92,
    "spread": 10.22,
    "spread_pct": 0.511816,
    "timestamp": 1777647327.4626698
  },
  "COST": {
    "bid": 1025.21,
    "ask": 1026.24,
    "spread": 1.03,
    "spread_pct": 0.100417,
    "timestamp": 1777647327.3204927
  },
  "XALUSD": {
    "bid": 3512.51,
    "ask": 3527.99,
    "spread": 15.48,
    "spread_pct": 0.439741,
    "timestamp": 1777647315.1258166
  },
  "XPDUSD": {
    "bid": 1531.93,
    "ask": 1539.35,
    "spread": 7.42,
    "spread_pct": 0.483186,
    "timestamp": 1777647327.2236001
  }
}