{
  "AAPL": {
    "bid": 276.16,
    "ask": 276.44,
    "spread": 0.28,
    "spread_pct": 0.101339,
    "timestamp": 1777981360.2200963
  },
  "COPPER": {
    "bid": 598.54,
    "ask": 598.96,
    "spread": 0.42,
    "spread_pct": 0.070146,
    "timestamp": 1777981359.5266867
  },
  "META": {
    "bid": 613.01,
    "ask": 613.62,
    "spread": 0.61,
    "spread_pct": 0.099459,
    "timestamp": 1777981360.2435157
  },
  "MSFT": {
    "bid": 415.55,
    "ask": 415.97,
    "spread": 0.42,
    "spread_pct": 0.10102,
    "timestamp": 1777981360.3271084
  },
  "ORCL": {
    "bid": 184.34,
    "ask": 184.52,
    "spread": 0.18,
    "spread_pct": 0.097598,
    "timestamp": 1777981360.2774749
  },
  "DJ30": {
    "bid": 49230.94,
    "ask": 49232.06,
    "spread": 1.12,
    "spread_pct": 0.002275,
    "timestamp": 1777981359.537878
  },
  "TECH100": {
    "bid": 27940.66,
    "ask": 27941.09,
    "spread": 0.43,
    "spread_pct": 0.001539,
    "timestamp": 1777981359.3794596
  },
  "XAUUSD": {
    "bid": 4562.92,
    "ask": 4563.12,
    "spread": 0.2,
    "spread_pct": 0.004383,
    "timestamp": 1777981359.5264323
  },
  "UK100": {
    "bid": 10234.84,
    "ask": 10235.66,
    "spread": 0.82,
    "spread_pct": 0.008012,
    "timestamp": 1777981359.6863077
  },
  "UKOIL": {
    "bid": 112.623,
    "ask": 112.657,
    "spread": 0.034,
    "spread_pct": 0.030185,
    "timestamp": 1777981359.8469133
  },
  "INTEL": {
    "bid": 96.46,
    "ask": 96.62,
    "spread": 0.16,
    "spread_pct": 0.165734,
    "timestamp": 1777920631.2741215
  },
  "JPN225": {
    "bid": 59967.5,
    "ask": 60007.5,
    "spread": 40.0,
    "spread_pct": 0.066681,
    "timestamp": 1777981359.963592
  },
  "NZDUSD": {
    "bid": 0.58809,
    "ask": 0.58819,
    "spread": 0.0001,
    "spread_pct": 0.017003,
    "timestamp": 1777981359.6769826
  },
  "NFLX": {
    "bid": 91.45,
    "ask": 91.76,
    "spread": 0.31,
    "spread_pct": 0.338409,
    "timestamp": 1777981360.3043065
  },
  "AMD": {
    "bid": 348.35,
    "ask": 348.7,
    "spread": 0.35,
    "spread_pct": 0.100423,
    "timestamp": 1777981360.1774077
  },
  "GER30": {
    "bid": 24453.96,
    "ask": 24455.04,
    "spread": 1.08,
    "spread_pct": 0.004416,
    "timestamp": 1777981359.4530156
  },
  "XAGUSD": {
    "bid": 73.675,
    "ask": 73.776,
    "spread": 0.101,
    "spread_pct": 0.136995,
    "timestamp": 1777981359.2227077
  },
  "PLTR": {
    "bid": 141.94,
    "ask": 142.08,
    "spread": 0.14,
    "spread_pct": 0.098585,
    "timestamp": 1777981360.2775848
  },
  "GOOG": {
    "bid": 383.13,
    "ask": 383.53,
    "spread": 0.4,
    "spread_pct": 0.104349,
    "timestamp": 1777920631.1498659
  },
  "NGAS": {
    "bid": 2.8233,
    "ask": 2.8357,
    "spread": 0.0124,
    "spread_pct": 0.43824,
    "timestamp": 1777981360.2214732
  },
  "SP500": {
    "bid": 7257.7,
    "ask": 7258.05,
    "spread": 0.35,
    "spread_pct": 0.004822,
    "timestamp": 1777981359.5262487
  },
  "EURUSD": {
    "bid": 1.16909,
    "ask": 1.16919,
    "spread": 0.0001,
    "spread_pct": 0.008553,
    "timestamp": 1777981360.2219062
  },
  "NVIDIA": {
    "bid": 197.45,
    "ask": 197.79,
    "spread": 0.34,
    "spread_pct": 0.172047,
    "timestamp": 1777920630.2724364
  },
  "USOIL": {
    "bid": 102.95,
    "ask": 104.79,
    "spread": 1.84,
    "spread_pct": 1.771445,
    "timestamp": 1777981359.8468173
  },
  "TSLA": {
    "bid": 393.91,
    "ask": 394.38,
    "spread": 0.47,
    "spread_pct": 0.119245,
    "timestamp": 1777981360.1361911
  },
  "AMZN": {
    "bid": 273.89,
    "ask": 274.16,
    "spread": 0.27,
    "spread_pct": 0.098531,
    "timestamp": 1777981360.2613962
  },
  "GBPUSD": {
    "bid": 1.3539,
    "ask": 1.35402,
    "spread": 0.00012,
    "spread_pct": 0.008863,
    "timestamp": 1777981359.5265133
  },
  "AUDUSD": {
    "bid": 0.71723,
    "ask": 0.71733,
    "spread": 0.0001,
    "spread_pct": 0.013942,
    "timestamp": 1777981359.166864
  },
  "TSM": {
    "bid": 401.1,
    "ask": 401.5,
    "spread": 0.4,
    "spread_pct": 0.099676,
    "timestamp": 1777981360.136293
  },
  "MSTR": {
    "bid": 188.83,
    "ask": 189.02,
    "spread": 0.19,
    "spread_pct": 0.100569,
    "timestamp": 1777981360.1633396
  },
  "XPTUSD": {
    "bid": 1978.19,
    "ask": 1988.09,
    "spread": 9.9,
    "spread_pct": 0.499208,
    "timestamp": 1777981360.3462312
  },
  "COST": {
    "bid": 1013.06,
    "ask": 1014.07,
    "spread": 1.01,
    "spread_pct": 0.099648,
    "timestamp": 1777981360.3265874
  },
  "XALUSD": {
    "bid": 3529.6,
    "ask": 3545.0,
    "spread": 15.4,
    "spread_pct": 0.43536,
    "timestamp": 1777976289.697271
  },
  "XPDUSD": {
    "bid": 1508.02,
    "ask": 1515.38,
    "spread": 7.36,
    "spread_pct": 0.486869,
    "timestamp": 1777981359.5265937
  }
}