{
  "AAPL": {
    "bid": 298.57,
    "ask": 298.87,
    "spread": 0.3,
    "spread_pct": 0.100428,
    "timestamp": 1779263708.27571
  },
  "COPPER": {
    "bid": 658.63,
    "ask": 659.03,
    "spread": 0.4,
    "spread_pct": 0.060714,
    "timestamp": 1778745929.310647
  },
  "META": {
    "bid": 604.05,
    "ask": 604.65,
    "spread": 0.6,
    "spread_pct": 0.09928,
    "timestamp": 1779263708.2758675
  },
  "MSFT": {
    "bid": 417.55,
    "ask": 417.97,
    "spread": 0.42,
    "spread_pct": 0.100536,
    "timestamp": 1779263708.2031488
  },
  "ORCL": {
    "bid": 181.98,
    "ask": 182.16,
    "spread": 0.18,
    "spread_pct": 0.098863,
    "timestamp": 1779263708.1807132
  },
  "DJ30": {
    "bid": 49449.96,
    "ask": 49451.04,
    "spread": 1.08,
    "spread_pct": 0.002184,
    "timestamp": 1779263708.151605
  },
  "TECH100": {
    "bid": 29034.09,
    "ask": 29034.51,
    "spread": 0.42,
    "spread_pct": 0.001447,
    "timestamp": 1779263708.386154
  },
  "XAUUSD": {
    "bid": 4477.89,
    "ask": 4478.11,
    "spread": 0.22,
    "spread_pct": 0.004913,
    "timestamp": 1779263708.3871925
  },
  "UK100": {
    "bid": 10293.62,
    "ask": 10294.42,
    "spread": 0.8,
    "spread_pct": 0.007772,
    "timestamp": 1779263708.151723
  },
  "UKOIL": {
    "bid": 109.884,
    "ask": 109.922,
    "spread": 0.038,
    "spread_pct": 0.034576,
    "timestamp": 1779263707.3254688
  },
  "INTEL": {
    "bid": 112.4,
    "ask": 112.52,
    "spread": 0.12,
    "spread_pct": 0.106705,
    "timestamp": 1779214080.197513
  },
  "JPN225": {
    "bid": 59895.23,
    "ask": 59902.27,
    "spread": 7.04,
    "spread_pct": 0.011753,
    "timestamp": 1779263707.7654722
  },
  "NZDUSD": {
    "bid": 0.58342,
    "ask": 0.58351,
    "spread": 9e-05,
    "spread_pct": 0.015425,
    "timestamp": 1779263708.3870788
  },
  "NFLX": {
    "bid": 89.27,
    "ask": 89.4,
    "spread": 0.13,
    "spread_pct": 0.14552,
    "timestamp": 1779263708.1785622
  },
  "AMD": {
    "bid": 420.2,
    "ask": 420.62,
    "spread": 0.42,
    "spread_pct": 0.099902,
    "timestamp": 1779263708.2465339
  },
  "GER30": {
    "bid": 24396.96,
    "ask": 24398.06,
    "spread": 1.1,
    "spread_pct": 0.004509,
    "timestamp": 1779263708.2684257
  },
  "XAGUSD": {
    "bid": 74.976,
    "ask": 75.078,
    "spread": 0.102,
    "spread_pct": 0.135951,
    "timestamp": 1779263707.827002
  },
  "PLTR": {
    "bid": 135.03,
    "ask": 135.17,
    "spread": 0.14,
    "spread_pct": 0.103627,
    "timestamp": 1779263708.3081481
  },
  "GOOG": {
    "bid": 391.44,
    "ask": 391.9,
    "spread": 0.46,
    "spread_pct": 0.117446,
    "timestamp": 1779214082.4227853
  },
  "NGAS": {
    "bid": 3.0981,
    "ask": 3.1109,
    "spread": 0.0128,
    "spread_pct": 0.412305,
    "timestamp": 1779214079.4942377
  },
  "SP500": {
    "bid": 7384.53,
    "ask": 7384.85,
    "spread": 0.32,
    "spread_pct": 0.004333,
    "timestamp": 1779263707.6657114
  },
  "EURUSD": {
    "bid": 1.15931,
    "ask": 1.15942,
    "spread": 0.00011,
    "spread_pct": 0.009488,
    "timestamp": 1779263708.2025087
  },
  "NVIDIA": {
    "bid": 223.36,
    "ask": 223.7,
    "spread": 0.34,
    "spread_pct": 0.152105,
    "timestamp": 1779214080.6571395
  },
  "USOIL": {
    "bid": 102.916,
    "ask": 102.948,
    "spread": 0.032,
    "spread_pct": 0.031088,
    "timestamp": 1779263705.4496408
  },
  "TSLA": {
    "bid": 405.34,
    "ask": 405.83,
    "spread": 0.49,
    "spread_pct": 0.120813,
    "timestamp": 1779263708.233985
  },
  "AMZN": {
    "bid": 259.49,
    "ask": 259.75,
    "spread": 0.26,
    "spread_pct": 0.100146,
    "timestamp": 1779263708.372995
  },
  "GBPUSD": {
    "bid": 1.33877,
    "ask": 1.33888,
    "spread": 0.00011,
    "spread_pct": 0.008216,
    "timestamp": 1779263707.1531136
  },
  "AUDUSD": {
    "bid": 0.71068,
    "ask": 0.71077,
    "spread": 9e-05,
    "spread_pct": 0.012663,
    "timestamp": 1779263708.1518028
  },
  "TSM": {
    "bid": 395.36,
    "ask": 395.76,
    "spread": 0.4,
    "spread_pct": 0.101122,
    "timestamp": 1779263708.2027383
  },
  "MSTR": {
    "bid": 166.97,
    "ask": 167.14,
    "spread": 0.17,
    "spread_pct": 0.101763,
    "timestamp": 1779263708.120165
  },
  "XPTUSD": {
    "bid": 1933.43,
    "ask": 1943.29,
    "spread": 9.86,
    "spread_pct": 0.508677,
    "timestamp": 1779263708.3298988
  },
  "COST": {
    "bid": 1090.58,
    "ask": 1093.44,
    "spread": 2.86,
    "spread_pct": 0.261902,
    "timestamp": 1779263708.2680717
  },
  "XALUSD": {
    "bid": 3596.22,
    "ask": 3611.63,
    "spread": 15.41,
    "spread_pct": 0.427589,
    "timestamp": 1779263704.6305332
  },
  "XPDUSD": {
    "bid": 1371.78,
    "ask": 1379.28,
    "spread": 7.5,
    "spread_pct": 0.545244,
    "timestamp": 1779263708.2030385
  }
}