{
  "AAPL": {
    "bid": 288.0,
    "ask": 288.29,
    "spread": 0.29,
    "spread_pct": 0.100644,
    "timestamp": 1778203433.2472382
  },
  "COPPER": {
    "bid": 616.59,
    "ask": 616.97,
    "spread": 0.38,
    "spread_pct": 0.06161,
    "timestamp": 1778203433.2260492
  },
  "META": {
    "bid": 618.58,
    "ask": 619.2,
    "spread": 0.62,
    "spread_pct": 0.100179,
    "timestamp": 1778203433.2370183
  },
  "MSFT": {
    "bid": 421.98,
    "ask": 422.4,
    "spread": 0.42,
    "spread_pct": 0.099481,
    "timestamp": 1778203433.2487948
  },
  "ORCL": {
    "bid": 190.38,
    "ask": 190.59,
    "spread": 0.21,
    "spread_pct": 0.110245,
    "timestamp": 1778203433.23673
  },
  "DJ30": {
    "bid": 49753.99,
    "ask": 49766.01,
    "spread": 12.02,
    "spread_pct": 0.024156,
    "timestamp": 1778203431.4759452
  },
  "TECH100": {
    "bid": 28777.92,
    "ask": 28778.33,
    "spread": 0.41,
    "spread_pct": 0.001425,
    "timestamp": 1778203432.424277
  },
  "XAUUSD": {
    "bid": 4714.07,
    "ask": 4714.25,
    "spread": 0.18,
    "spread_pct": 0.003818,
    "timestamp": 1778203432.4322855
  },
  "UK100": {
    "bid": 10219.87,
    "ask": 10220.63,
    "spread": 0.76,
    "spread_pct": 0.007436,
    "timestamp": 1778203425.5162206
  },
  "UKOIL": {
    "bid": 101.409,
    "ask": 101.441,
    "spread": 0.032,
    "spread_pct": 0.03155,
    "timestamp": 1778203432.4324667
  },
  "INTEL": {
    "bid": 109.85,
    "ask": 110.01,
    "spread": 0.16,
    "spread_pct": 0.145547,
    "timestamp": 1778181256.3747072
  },
  "JPN225": {
    "bid": 62666.04,
    "ask": 62673.96,
    "spread": 7.92,
    "spread_pct": 0.012638,
    "timestamp": 1778203432.5402873
  },
  "NZDUSD": {
    "bid": 0.59403,
    "ask": 0.59412,
    "spread": 9e-05,
    "spread_pct": 0.01515,
    "timestamp": 1778203433.2486763
  },
  "NFLX": {
    "bid": 88.52,
    "ask": 88.66,
    "spread": 0.14,
    "spread_pct": 0.158031,
    "timestamp": 1778203433.357837
  },
  "AMD": {
    "bid": 411.69,
    "ask": 412.1,
    "spread": 0.41,
    "spread_pct": 0.09954,
    "timestamp": 1778203433.1303296
  },
  "GER30": {
    "bid": 24545.41,
    "ask": 24546.59,
    "spread": 1.18,
    "spread_pct": 0.004807,
    "timestamp": 1778203432.8618288
  },
  "XAGUSD": {
    "bid": 79.825,
    "ask": 79.926,
    "spread": 0.101,
    "spread_pct": 0.126447,
    "timestamp": 1778203433.3964646
  },
  "PLTR": {
    "bid": 136.83,
    "ask": 136.97,
    "spread": 0.14,
    "spread_pct": 0.102264,
    "timestamp": 1778203433.2810528
  },
  "GOOG": {
    "bid": 395.86,
    "ask": 396.26,
    "spread": 0.4,
    "spread_pct": 0.100995,
    "timestamp": 1778181255.3544738
  },
  "NGAS": {
    "bid": 2.7765,
    "ask": 2.7895,
    "spread": 0.013,
    "spread_pct": 0.467122,
    "timestamp": 1778203427.4497027
  },
  "SP500": {
    "bid": 7378.2,
    "ask": 7378.55,
    "spread": 0.35,
    "spread_pct": 0.004744,
    "timestamp": 1778203432.2359457
  },
  "EURUSD": {
    "bid": 1.17331,
    "ask": 1.1734,
    "spread": 9e-05,
    "spread_pct": 0.00767,
    "timestamp": 1778203433.3966088
  },
  "NVIDIA": {
    "bid": 212.53,
    "ask": 212.85,
    "spread": 0.32,
    "spread_pct": 0.150454,
    "timestamp": 1778181256.3437207
  },
  "USOIL": {
    "bid": 95.828,
    "ask": 95.862,
    "spread": 0.034,
    "spread_pct": 0.035474,
    "timestamp": 1778203431.4232798
  },
  "TSLA": {
    "bid": 411.9,
    "ask": 412.39,
    "spread": 0.49,
    "spread_pct": 0.11889,
    "timestamp": 1778203433.3004143
  },
  "AMZN": {
    "bid": 271.65,
    "ask": 271.92,
    "spread": 0.27,
    "spread_pct": 0.099343,
    "timestamp": 1778203433.344114
  },
  "GBPUSD": {
    "bid": 1.35576,
    "ask": 1.35585,
    "spread": 9e-05,
    "spread_pct": 0.006638,
    "timestamp": 1778203431.4663842
  },
  "AUDUSD": {
    "bid": 0.72131,
    "ask": 0.72143,
    "spread": 0.00012,
    "spread_pct": 0.016635,
    "timestamp": 1778203433.2381036
  },
  "TSM": {
    "bid": 415.62,
    "ask": 416.04,
    "spread": 0.42,
    "spread_pct": 0.101003,
    "timestamp": 1778203433.1831071
  },
  "MSTR": {
    "bid": 179.06,
    "ask": 179.24,
    "spread": 0.18,
    "spread_pct": 0.100474,
    "timestamp": 1778203433.13999
  },
  "XPTUSD": {
    "bid": 2043.9,
    "ask": 2053.7,
    "spread": 9.8,
    "spread_pct": 0.478329,
    "timestamp": 1778203432.4327557
  },
  "COST": {
    "bid": 1009.22,
    "ask": 1011.81,
    "spread": 2.59,
    "spread_pct": 0.256305,
    "timestamp": 1778203433.3769996
  },
  "XALUSD": {
    "bid": 3478.49,
    "ask": 3493.81,
    "spread": 15.32,
    "spread_pct": 0.439453,
    "timestamp": 1778203431.4662123
  },
  "XPDUSD": {
    "bid": 1500.04,
    "ask": 1507.46,
    "spread": 7.42,
    "spread_pct": 0.493433,
    "timestamp": 1778203429.02731
  }
}