{
  "AAPL": {
    "bid": 287.27,
    "ask": 287.56,
    "spread": 0.29,
    "spread_pct": 0.100899,
    "timestamp": 1778186516.1215491
  },
  "COPPER": {
    "bid": 614.6,
    "ask": 615.0,
    "spread": 0.4,
    "spread_pct": 0.065062,
    "timestamp": 1778186515.566373
  },
  "META": {
    "bid": 617.0,
    "ask": 617.62,
    "spread": 0.62,
    "spread_pct": 0.100436,
    "timestamp": 1778186516.379406
  },
  "MSFT": {
    "bid": 421.36,
    "ask": 421.78,
    "spread": 0.42,
    "spread_pct": 0.099628,
    "timestamp": 1778186516.1328301
  },
  "ORCL": {
    "bid": 194.78,
    "ask": 194.99,
    "spread": 0.21,
    "spread_pct": 0.107756,
    "timestamp": 1778186516.1663678
  },
  "DJ30": {
    "bid": 49685.98,
    "ask": 49687.02,
    "spread": 1.04,
    "spread_pct": 0.002093,
    "timestamp": 1778186515.7692633
  },
  "TECH100": {
    "bid": 28672.42,
    "ask": 28672.83,
    "spread": 0.41,
    "spread_pct": 0.00143,
    "timestamp": 1778186516.3887827
  },
  "XAUUSD": {
    "bid": 4703.35,
    "ask": 4703.57,
    "spread": 0.22,
    "spread_pct": 0.004677,
    "timestamp": 1778186515.566581
  },
  "UK100": {
    "bid": 10232.75,
    "ask": 10236.75,
    "spread": 4.0,
    "spread_pct": 0.039083,
    "timestamp": 1778181255.228766
  },
  "UKOIL": {
    "bid": 102.538,
    "ask": 102.572,
    "spread": 0.034,
    "spread_pct": 0.033153,
    "timestamp": 1778186516.2652545
  },
  "INTEL": {
    "bid": 109.85,
    "ask": 110.01,
    "spread": 0.16,
    "spread_pct": 0.145547,
    "timestamp": 1778181256.3747072
  },
  "JPN225": {
    "bid": 62130.65,
    "ask": 62139.35,
    "spread": 8.7,
    "spread_pct": 0.014002,
    "timestamp": 1778186515.9625173
  },
  "NZDUSD": {
    "bid": 0.59413,
    "ask": 0.59422,
    "spread": 9e-05,
    "spread_pct": 0.015147,
    "timestamp": 1778186515.5353026
  },
  "NFLX": {
    "bid": 88.28,
    "ask": 88.41,
    "spread": 0.13,
    "spread_pct": 0.14715,
    "timestamp": 1778186516.1873496
  },
  "AMD": {
    "bid": 408.17,
    "ask": 408.58,
    "spread": 0.41,
    "spread_pct": 0.100398,
    "timestamp": 1778186516.2311769
  },
  "GER30": {
    "bid": 24574.87,
    "ask": 24576.13,
    "spread": 1.26,
    "spread_pct": 0.005127,
    "timestamp": 1778181255.7407374
  },
  "XAGUSD": {
    "bid": 79.28,
    "ask": 79.383,
    "spread": 0.103,
    "spread_pct": 0.129835,
    "timestamp": 1778186516.4462297
  },
  "PLTR": {
    "bid": 136.65,
    "ask": 136.79,
    "spread": 0.14,
    "spread_pct": 0.102399,
    "timestamp": 1778186516.1219091
  },
  "GOOG": {
    "bid": 395.86,
    "ask": 396.26,
    "spread": 0.4,
    "spread_pct": 0.100995,
    "timestamp": 1778181255.3544738
  },
  "NGAS": {
    "bid": 2.7818,
    "ask": 2.7942,
    "spread": 0.0124,
    "spread_pct": 0.444763,
    "timestamp": 1778186515.5029228
  },
  "SP500": {
    "bid": 7360.09,
    "ask": 7360.41,
    "spread": 0.32,
    "spread_pct": 0.004348,
    "timestamp": 1778186515.4943252
  },
  "EURUSD": {
    "bid": 1.17292,
    "ask": 1.17301,
    "spread": 9e-05,
    "spread_pct": 0.007673,
    "timestamp": 1778186515.494436
  },
  "NVIDIA": {
    "bid": 212.53,
    "ask": 212.85,
    "spread": 0.32,
    "spread_pct": 0.150454,
    "timestamp": 1778181256.3437207
  },
  "USOIL": {
    "bid": 97.129,
    "ask": 97.161,
    "spread": 0.032,
    "spread_pct": 0.03294,
    "timestamp": 1778186516.3396144
  },
  "TSLA": {
    "bid": 410.42,
    "ask": 410.91,
    "spread": 0.49,
    "spread_pct": 0.119319,
    "timestamp": 1778186516.2207468
  },
  "AMZN": {
    "bid": 271.2,
    "ask": 271.47,
    "spread": 0.27,
    "spread_pct": 0.099508,
    "timestamp": 1778186516.3151412
  },
  "GBPUSD": {
    "bid": 1.35538,
    "ask": 1.35548,
    "spread": 0.0001,
    "spread_pct": 0.007378,
    "timestamp": 1778186514.367762
  },
  "AUDUSD": {
    "bid": 0.72115,
    "ask": 0.72127,
    "spread": 0.00012,
    "spread_pct": 0.016639,
    "timestamp": 1778186515.5666606
  },
  "TSM": {
    "bid": 414.92,
    "ask": 415.34,
    "spread": 0.42,
    "spread_pct": 0.101173,
    "timestamp": 1778186516.2866082
  },
  "MSTR": {
    "bid": 179.21,
    "ask": 179.39,
    "spread": 0.18,
    "spread_pct": 0.10039,
    "timestamp": 1778186516.391097
  },
  "XPTUSD": {
    "bid": 2033.59,
    "ask": 2043.71,
    "spread": 10.12,
    "spread_pct": 0.496407,
    "timestamp": 1778186515.686598
  },
  "COST": {
    "bid": 1009.6,
    "ask": 1011.24,
    "spread": 1.64,
    "spread_pct": 0.162309,
    "timestamp": 1778186516.121792
  },
  "XALUSD": {
    "bid": 3480.61,
    "ask": 3495.99,
    "spread": 15.38,
    "spread_pct": 0.440902,
    "timestamp": 1778174703.0287178
  },
  "XPDUSD": {
    "bid": 1490.2,
    "ask": 1497.44,
    "spread": 7.24,
    "spread_pct": 0.484663,
    "timestamp": 1778186515.6867082
  }
}