{
  "AAPL": {
    "bid": 269.82,
    "ask": 270.0,
    "spread": 0.18,
    "spread_pct": 0.066689,
    "timestamp": 1777402555.240041
  },
  "COPPER": {
    "bid": 600.18,
    "ask": 600.58,
    "spread": 0.4,
    "spread_pct": 0.066624,
    "timestamp": 1777446847.4238422
  },
  "META": {
    "bid": 671.41,
    "ask": 672.21,
    "spread": 0.8,
    "spread_pct": 0.119081,
    "timestamp": 1777402555.141898
  },
  "MSFT": {
    "bid": 427.11,
    "ask": 427.23,
    "spread": 0.12,
    "spread_pct": 0.028092,
    "timestamp": 1777402555.4344442
  },
  "ORCL": {
    "bid": 166.46,
    "ask": 166.62,
    "spread": 0.16,
    "spread_pct": 0.096073,
    "timestamp": 1777402554.1626806
  },
  "DJ30": {
    "bid": 49346.93,
    "ask": 49348.07,
    "spread": 1.14,
    "spread_pct": 0.00231,
    "timestamp": 1777446846.1620836
  },
  "TECH100": {
    "bid": 27258.02,
    "ask": 27258.48,
    "spread": 0.46,
    "spread_pct": 0.001688,
    "timestamp": 1777446846.2270682
  },
  "XAUUSD": {
    "bid": 4578.28,
    "ask": 4578.48,
    "spread": 0.2,
    "spread_pct": 0.004368,
    "timestamp": 1777446847.2348437
  },
  "UK100": {
    "bid": 10300.0,
    "ask": 10304.0,
    "spread": 4.0,
    "spread_pct": 0.038827,
    "timestamp": 1777446847.171197
  },
  "UKOIL": {
    "bid": 105.323,
    "ask": 105.357,
    "spread": 0.034,
    "spread_pct": 0.032276,
    "timestamp": 1777446846.283417
  },
  "INTEL": {
    "bid": 84.04,
    "ask": 84.14,
    "spread": 0.1,
    "spread_pct": 0.11892,
    "timestamp": 1777402555.5210788
  },
  "JPN225": {
    "bid": 59505.0,
    "ask": 59545.0,
    "spread": 40.0,
    "spread_pct": 0.067199,
    "timestamp": 1777438204.3521767
  },
  "NZDUSD": {
    "bid": 0.58665,
    "ask": 0.58675,
    "spread": 0.0001,
    "spread_pct": 0.017044,
    "timestamp": 1777446847.3037896
  },
  "NFLX": {
    "bid": 91.44,
    "ask": 92.52,
    "spread": 1.08,
    "spread_pct": 1.174168,
    "timestamp": 1777402554.2028255
  },
  "AMD": {
    "bid": 324.37,
    "ask": 324.51,
    "spread": 0.14,
    "spread_pct": 0.043151,
    "timestamp": 1777402555.682999
  },
  "GER30": {
    "bid": 24169.45,
    "ask": 24170.55,
    "spread": 1.1,
    "spread_pct": 0.004551,
    "timestamp": 1777446847.1710784
  },
  "XAGUSD": {
    "bid": 73.24,
    "ask": 73.344,
    "spread": 0.104,
    "spread_pct": 0.141898,
    "timestamp": 1777446847.2347453
  },
  "PLTR": {
    "bid": 141.52,
    "ask": 141.7,
    "spread": 0.18,
    "spread_pct": 0.12711,
    "timestamp": 1777402555.5207434
  },
  "GOOG": {
    "bid": 349.47,
    "ask": 349.89,
    "spread": 0.42,
    "spread_pct": 0.12011,
    "timestamp": 1777402555.5450108
  },
  "NGAS": {
    "bid": 2.677,
    "ask": 2.69,
    "spread": 0.013,
    "spread_pct": 0.484442,
    "timestamp": 1777446847.1710138
  },
  "SP500": {
    "bid": 7177.21,
    "ask": 7177.54,
    "spread": 0.33,
    "spread_pct": 0.004598,
    "timestamp": 1777446846.4749424
  },
  "EURUSD": {
    "bid": 1.17061,
    "ask": 1.1707,
    "spread": 9e-05,
    "spread_pct": 0.007688,
    "timestamp": 1777446847.356813
  },
  "NVIDIA": {
    "bid": 213.5,
    "ask": 213.85,
    "spread": 0.35,
    "spread_pct": 0.1638,
    "timestamp": 1777402555.6406739
  },
  "USOIL": {
    "bid": 100.691,
    "ask": 100.729,
    "spread": 0.038,
    "spread_pct": 0.037732,
    "timestamp": 1777446846.4748778
  },
  "TSLA": {
    "bid": 377.41,
    "ask": 377.95,
    "spread": 0.54,
    "spread_pct": 0.142978,
    "timestamp": 1777402555.4564366
  },
  "AMZN": {
    "bid": 258.75,
    "ask": 259.07,
    "spread": 0.32,
    "spread_pct": 0.123595,
    "timestamp": 1777402555.3799934
  },
  "GBPUSD": {
    "bid": 1.35043,
    "ask": 1.35055,
    "spread": 0.00012,
    "spread_pct": 0.008886,
    "timestamp": 1777446847.171247
  },
  "AUDUSD": {
    "bid": 0.71626,
    "ask": 0.71637,
    "spread": 0.00011,
    "spread_pct": 0.015356,
    "timestamp": 1777446846.2835164
  },
  "TSM": {
    "bid": 392.43,
    "ask": 392.9,
    "spread": 0.47,
    "spread_pct": 0.119695,
    "timestamp": 1777402555.1968126
  },
  "MSTR": {
    "bid": 166.07,
    "ask": 166.75,
    "spread": 0.68,
    "spread_pct": 0.408629,
    "timestamp": 1777402555.7611969
  },
  "XPTUSD": {
    "bid": 1927.37,
    "ask": 1937.59,
    "spread": 10.22,
    "spread_pct": 0.528854,
    "timestamp": 1777446846.2516093
  },
  "COST": {
    "bid": 988.45,
    "ask": 988.97,
    "spread": 0.52,
    "spread_pct": 0.052594,
    "timestamp": 1777402554.3323452
  },
  "XALUSD": {
    "bid": 3535.56,
    "ask": 3550.94,
    "spread": 15.38,
    "spread_pct": 0.434065,
    "timestamp": 1777446828.3005488
  },
  "XPDUSD": {
    "bid": 1451.86,
    "ask": 1459.34,
    "spread": 7.48,
    "spread_pct": 0.513877,
    "timestamp": 1777446846.7890651
  }
}