{
  "AAPL": {
    "bid": 270.45,
    "ask": 270.72,
    "spread": 0.27,
    "spread_pct": 0.099784,
    "timestamp": 1777504119.166152
  },
  "COPPER": {
    "bid": 593.51,
    "ask": 593.89,
    "spread": 0.38,
    "spread_pct": 0.064005,
    "timestamp": 1777504114.9581423
  },
  "META": {
    "bid": 670.79,
    "ask": 671.61,
    "spread": 0.82,
    "spread_pct": 0.122169,
    "timestamp": 1777492423.5684698
  },
  "MSFT": {
    "bid": 423.3,
    "ask": 423.44,
    "spread": 0.14,
    "spread_pct": 0.033068,
    "timestamp": 1777492423.501683
  },
  "ORCL": {
    "bid": 164.86,
    "ask": 165.06,
    "spread": 0.2,
    "spread_pct": 0.121242,
    "timestamp": 1777504119.110442
  },
  "DJ30": {
    "bid": 48841.95,
    "ask": 48843.05,
    "spread": 1.1,
    "spread_pct": 0.002252,
    "timestamp": 1777504119.4167545
  },
  "TECH100": {
    "bid": 27466.39,
    "ask": 27466.86,
    "spread": 0.47,
    "spread_pct": 0.001711,
    "timestamp": 1777504119.3435328
  },
  "XAUUSD": {
    "bid": 4551.25,
    "ask": 4551.47,
    "spread": 0.22,
    "spread_pct": 0.004834,
    "timestamp": 1777504119.112085
  },
  "UK100": {
    "bid": 10202.6,
    "ask": 10203.4,
    "spread": 0.8,
    "spread_pct": 0.007841,
    "timestamp": 1777492423.426601
  },
  "UKOIL": {
    "bid": 111.924,
    "ask": 111.956,
    "spread": 0.032,
    "spread_pct": 0.028587,
    "timestamp": 1777496370.3341587
  },
  "INTEL": {
    "bid": 94.43,
    "ask": 94.55,
    "spread": 0.12,
    "spread_pct": 0.126998,
    "timestamp": 1777492423.3666635
  },
  "JPN225": {
    "bid": 58656.03,
    "ask": 58663.97,
    "spread": 7.94,
    "spread_pct": 0.013536,
    "timestamp": 1777496369.3141978
  },
  "NZDUSD": {
    "bid": 0.58321,
    "ask": 0.58332,
    "spread": 0.00011,
    "spread_pct": 0.018859,
    "timestamp": 1777504120.0576613
  },
  "NFLX": {
    "bid": 91.81,
    "ask": 91.95,
    "spread": 0.14,
    "spread_pct": 0.152373,
    "timestamp": 1777504120.1052153
  },
  "AMD": {
    "bid": 346.47,
    "ask": 346.83,
    "spread": 0.36,
    "spread_pct": 0.103851,
    "timestamp": 1777504119.1557
  },
  "GER30": {
    "bid": 23951.5,
    "ask": 23961.5,
    "spread": 10.0,
    "spread_pct": 0.041742,
    "timestamp": 1777492423.4437199
  },
  "XAGUSD": {
    "bid": 71.527,
    "ask": 71.63,
    "spread": 0.103,
    "spread_pct": 0.143898,
    "timestamp": 1777504119.2590196
  },
  "PLTR": {
    "bid": 138.5,
    "ask": 138.64,
    "spread": 0.14,
    "spread_pct": 0.101032,
    "timestamp": 1777504119.1782146
  },
  "GOOG": {
    "bid": 350.17,
    "ask": 350.55,
    "spread": 0.38,
    "spread_pct": 0.10846,
    "timestamp": 1777492423.2499824
  },
  "NGAS": {
    "bid": 2.6329,
    "ask": 2.6451,
    "spread": 0.0122,
    "spread_pct": 0.462296,
    "timestamp": 1777504116.4257257
  },
  "SP500": {
    "bid": 7182.95,
    "ask": 7183.3,
    "spread": 0.35,
    "spread_pct": 0.004873,
    "timestamp": 1777504119.5566516
  },
  "EURUSD": {
    "bid": 1.16764,
    "ask": 1.16773,
    "spread": 9e-05,
    "spread_pct": 0.007708,
    "timestamp": 1777504117.273392
  },
  "NVIDIA": {
    "bid": 208.83,
    "ask": 209.16,
    "spread": 0.33,
    "spread_pct": 0.157899,
    "timestamp": 1777492423.5693095
  },
  "USOIL": {
    "bid": 108.46,
    "ask": 108.5,
    "spread": 0.04,
    "spread_pct": 0.036873,
    "timestamp": 1777504119.18828
  },
  "TSLA": {
    "bid": 372.87,
    "ask": 373.41,
    "spread": 0.54,
    "spread_pct": 0.144718,
    "timestamp": 1777492423.1802778
  },
  "AMZN": {
    "bid": 268.95,
    "ask": 269.22,
    "spread": 0.27,
    "spread_pct": 0.10034,
    "timestamp": 1777504119.110162
  },
  "GBPUSD": {
    "bid": 1.34778,
    "ask": 1.34788,
    "spread": 0.0001,
    "spread_pct": 0.007419,
    "timestamp": 1777504119.829496
  },
  "AUDUSD": {
    "bid": 0.71187,
    "ask": 0.71196,
    "spread": 9e-05,
    "spread_pct": 0.012642,
    "timestamp": 1777504119.6857903
  },
  "TSM": {
    "bid": 392.75,
    "ask": 393.22,
    "spread": 0.47,
    "spread_pct": 0.119597,
    "timestamp": 1777492423.6238737
  },
  "MSTR": {
    "bid": 159.66,
    "ask": 159.82,
    "spread": 0.16,
    "spread_pct": 0.100163,
    "timestamp": 1777504119.227059
  },
  "XPTUSD": {
    "bid": 1885.84,
    "ask": 1895.79,
    "spread": 9.95,
    "spread_pct": 0.526228,
    "timestamp": 1777504119.49394
  },
  "COST": {
    "bid": 993.97,
    "ask": 997.79,
    "spread": 3.82,
    "spread_pct": 0.38358,
    "timestamp": 1777504119.1353228
  },
  "XALUSD": {
    "bid": 3500.37,
    "ask": 3515.63,
    "spread": 15.26,
    "spread_pct": 0.435006,
    "timestamp": 1777475548.2499206
  },
  "XPDUSD": {
    "bid": 1461.55,
    "ask": 1468.94,
    "spread": 7.39,
    "spread_pct": 0.504353,
    "timestamp": 1777504118.8831415
  }
}