{
  "AAPL": {
    "bid": 294.63,
    "ask": 294.92,
    "spread": 0.29,
    "spread_pct": 0.09838,
    "timestamp": 1778619225.1877255
  },
  "COPPER": {
    "bid": 663.54,
    "ask": 663.96,
    "spread": 0.42,
    "spread_pct": 0.063277,
    "timestamp": 1778619223.163635
  },
  "META": {
    "bid": 602.58,
    "ask": 603.18,
    "spread": 0.6,
    "spread_pct": 0.099522,
    "timestamp": 1778619225.1682894
  },
  "MSFT": {
    "bid": 408.02,
    "ask": 408.43,
    "spread": 0.41,
    "spread_pct": 0.100435,
    "timestamp": 1778619225.1682117
  },
  "ORCL": {
    "bid": 187.03,
    "ask": 187.22,
    "spread": 0.19,
    "spread_pct": 0.101536,
    "timestamp": 1778619225.2333086
  },
  "DJ30": {
    "bid": 49867.41,
    "ask": 49868.59,
    "spread": 1.18,
    "spread_pct": 0.002366,
    "timestamp": 1778619224.496007
  },
  "TECH100": {
    "bid": 29141.94,
    "ask": 29142.38,
    "spread": 0.44,
    "spread_pct": 0.00151,
    "timestamp": 1778619225.1996422
  },
  "XAUUSD": {
    "bid": 4713.99,
    "ask": 4714.21,
    "spread": 0.22,
    "spread_pct": 0.004667,
    "timestamp": 1778619225.2667594
  },
  "UK100": {
    "bid": 10286.58,
    "ask": 10287.42,
    "spread": 0.84,
    "spread_pct": 0.008166,
    "timestamp": 1778613498.3962438
  },
  "UKOIL": {
    "bid": 107.402,
    "ask": 107.438,
    "spread": 0.036,
    "spread_pct": 0.033513,
    "timestamp": 1778619214.680406
  },
  "INTEL": {
    "bid": 119.22,
    "ask": 119.34,
    "spread": 0.12,
    "spread_pct": 0.100604,
    "timestamp": 1778613498.5928645
  },
  "JPN225": {
    "bid": 62488.21,
    "ask": 62496.79,
    "spread": 8.58,
    "spread_pct": 0.01373,
    "timestamp": 1778619216.8631847
  },
  "NZDUSD": {
    "bid": 0.5952,
    "ask": 0.59532,
    "spread": 0.00012,
    "spread_pct": 0.020159,
    "timestamp": 1778619219.7108457
  },
  "NFLX": {
    "bid": 87.69,
    "ask": 87.82,
    "spread": 0.13,
    "spread_pct": 0.14814,
    "timestamp": 1778619225.1979706
  },
  "AMD": {
    "bid": 450.3,
    "ask": 450.75,
    "spread": 0.45,
    "spread_pct": 0.099883,
    "timestamp": 1778619225.317019
  },
  "GER30": {
    "bid": 24107.99,
    "ask": 24109.07,
    "spread": 1.08,
    "spread_pct": 0.00448,
    "timestamp": 1778613498.7007039
  },
  "XAGUSD": {
    "bid": 86.534,
    "ask": 86.636,
    "spread": 0.102,
    "spread_pct": 0.117803,
    "timestamp": 1778619223.7367992
  },
  "PLTR": {
    "bid": 138.25,
    "ask": 138.44,
    "spread": 0.19,
    "spread_pct": 0.137338,
    "timestamp": 1778619225.122353
  },
  "GOOG": {
    "bid": 385.32,
    "ask": 385.72,
    "spread": 0.4,
    "spread_pct": 0.103756,
    "timestamp": 1778613498.329054
  },
  "NGAS": {
    "bid": 2.8279,
    "ask": 2.8401,
    "spread": 0.0122,
    "spread_pct": 0.430487,
    "timestamp": 1778619225.9630811
  },
  "SP500": {
    "bid": 7420.72,
    "ask": 7421.03,
    "spread": 0.31,
    "spread_pct": 0.004177,
    "timestamp": 1778619225.1989176
  },
  "EURUSD": {
    "bid": 1.17396,
    "ask": 1.17404,
    "spread": 8e-05,
    "spread_pct": 0.006814,
    "timestamp": 1778619224.526089
  },
  "NVIDIA": {
    "bid": 220.74,
    "ask": 221.07,
    "spread": 0.33,
    "spread_pct": 0.149385,
    "timestamp": 1778613498.4447348
  },
  "USOIL": {
    "bid": 98.218,
    "ask": 98.254,
    "spread": 0.036,
    "spread_pct": 0.036646,
    "timestamp": 1778619224.7911596
  },
  "TSLA": {
    "bid": 432.46,
    "ask": 432.98,
    "spread": 0.52,
    "spread_pct": 0.12017,
    "timestamp": 1778619225.0913024
  },
  "AMZN": {
    "bid": 267.42,
    "ask": 267.69,
    "spread": 0.27,
    "spread_pct": 0.100914,
    "timestamp": 1778619225.133123
  },
  "GBPUSD": {
    "bid": 1.35371,
    "ask": 1.35383,
    "spread": 0.00012,
    "spread_pct": 0.008864,
    "timestamp": 1778619225.583587
  },
  "AUDUSD": {
    "bid": 0.72388,
    "ask": 0.72399,
    "spread": 0.00011,
    "spread_pct": 0.015195,
    "timestamp": 1778619224.622969
  },
  "TSM": {
    "bid": 396.42,
    "ask": 396.82,
    "spread": 0.4,
    "spread_pct": 0.100852,
    "timestamp": 1778619225.2333841
  },
  "MSTR": {
    "bid": 184.4,
    "ask": 184.58,
    "spread": 0.18,
    "spread_pct": 0.097566,
    "timestamp": 1778619225.1337433
  },
  "XPTUSD": {
    "bid": 2128.96,
    "ask": 2139.24,
    "spread": 10.28,
    "spread_pct": 0.481702,
    "timestamp": 1778619222.9072964
  },
  "COST": {
    "bid": 1019.04,
    "ask": 1021.32,
    "spread": 2.28,
    "spread_pct": 0.22349,
    "timestamp": 1778619225.3273768
  },
  "XALUSD": {
    "bid": 3557.03,
    "ask": 3572.27,
    "spread": 15.24,
    "spread_pct": 0.427531,
    "timestamp": 1778599401.8112879
  },
  "XPDUSD": {
    "bid": 1493.39,
    "ask": 1500.61,
    "spread": 7.22,
    "spread_pct": 0.482298,
    "timestamp": 1778613491.4263647
  }
}