{
  "AAPL": {
    "bid": 280.81,
    "ask": 281.09,
    "spread": 0.28,
    "spread_pct": 0.099662,
    "timestamp": 1777841248.2377138
  },
  "COPPER": {
    "bid": 596.46,
    "ask": 596.84,
    "spread": 0.38,
    "spread_pct": 0.063689,
    "timestamp": 1777666280.2936547
  },
  "META": {
    "bid": 612.4,
    "ask": 613.01,
    "spread": 0.61,
    "spread_pct": 0.099559,
    "timestamp": 1777841248.3154833
  },
  "MSFT": {
    "bid": 415.09,
    "ask": 415.51,
    "spread": 0.42,
    "spread_pct": 0.101132,
    "timestamp": 1777841248.2154741
  },
  "ORCL": {
    "bid": 172.67,
    "ask": 172.93,
    "spread": 0.26,
    "spread_pct": 0.150463,
    "timestamp": 1777841248.1291819
  },
  "DJ30": {
    "bid": 49642.41,
    "ask": 49643.59,
    "spread": 1.18,
    "spread_pct": 0.002377,
    "timestamp": 1777666280.1980872
  },
  "TECH100": {
    "bid": 27822.53,
    "ask": 27822.97,
    "spread": 0.44,
    "spread_pct": 0.001581,
    "timestamp": 1777666280.1983428
  },
  "XAUUSD": {
    "bid": 4609.54,
    "ask": 4609.76,
    "spread": 0.22,
    "spread_pct": 0.004773,
    "timestamp": 1777666280.5434732
  },
  "UK100": {
    "bid": 10381.58,
    "ask": 10382.42,
    "spread": 0.84,
    "spread_pct": 0.008091,
    "timestamp": 1777662373.31854
  },
  "UKOIL": {
    "bid": 108.666,
    "ask": 108.704,
    "spread": 0.038,
    "spread_pct": 0.034963,
    "timestamp": 1777666280.1979585
  },
  "INTEL": {
    "bid": 99.18,
    "ask": 99.28,
    "spread": 0.1,
    "spread_pct": 0.100776,
    "timestamp": 1777662375.1315198
  },
  "JPN225": {
    "bid": 59393.28,
    "ask": 59401.72,
    "spread": 8.44,
    "spread_pct": 0.014209,
    "timestamp": 1777666278.8218699
  },
  "NZDUSD": {
    "bid": 0.59005,
    "ask": 0.59014,
    "spread": 9e-05,
    "spread_pct": 0.015252,
    "timestamp": 1777666280.642546
  },
  "NFLX": {
    "bid": 92.21,
    "ask": 92.59,
    "spread": 0.38,
    "spread_pct": 0.411255,
    "timestamp": 1777841248.3024204
  },
  "AMD": {
    "bid": 368.05,
    "ask": 368.42,
    "spread": 0.37,
    "spread_pct": 0.100479,
    "timestamp": 1777841248.2347503
  },
  "GER30": {
    "bid": 24426.99,
    "ask": 24428.01,
    "spread": 1.02,
    "spread_pct": 0.004176,
    "timestamp": 1777575685.1484106
  },
  "XAGUSD": {
    "bid": 75.344,
    "ask": 75.445,
    "spread": 0.101,
    "spread_pct": 0.133962,
    "timestamp": 1777666280.642441
  },
  "PLTR": {
    "bid": 145.47,
    "ask": 145.62,
    "spread": 0.15,
    "spread_pct": 0.103061,
    "timestamp": 1777841248.3364472
  },
  "GOOG": {
    "bid": 384.41,
    "ask": 384.81,
    "spread": 0.4,
    "spread_pct": 0.104001,
    "timestamp": 1777662374.3601058
  },
  "NGAS": {
    "bid": 2.7819,
    "ask": 2.7951,
    "spread": 0.0132,
    "spread_pct": 0.473373,
    "timestamp": 1777666275.8224218
  },
  "SP500": {
    "bid": 7254.21,
    "ask": 7254.54,
    "spread": 0.33,
    "spread_pct": 0.004549,
    "timestamp": 1777666280.3818333
  },
  "EURUSD": {
    "bid": 1.17219,
    "ask": 1.1723,
    "spread": 0.00011,
    "spread_pct": 0.009384,
    "timestamp": 1777666280.4591417
  },
  "NVIDIA": {
    "bid": 198.35,
    "ask": 198.71,
    "spread": 0.36,
    "spread_pct": 0.181333,
    "timestamp": 1777662374.2304685
  },
  "USOIL": {
    "bid": 102.23,
    "ask": 102.27,
    "spread": 0.04,
    "spread_pct": 0.03912,
    "timestamp": 1777666280.1978364
  },
  "TSLA": {
    "bid": 393.37,
    "ask": 393.84,
    "spread": 0.47,
    "spread_pct": 0.119409,
    "timestamp": 1777841248.2040823
  },
  "AMZN": {
    "bid": 268.77,
    "ask": 269.04,
    "spread": 0.27,
    "spread_pct": 0.100407,
    "timestamp": 1777841248.2733405
  },
  "GBPUSD": {
    "bid": 1.35738,
    "ask": 1.35746,
    "spread": 8e-05,
    "spread_pct": 0.005894,
    "timestamp": 1777666280.3819585
  },
  "AUDUSD": {
    "bid": 0.72055,
    "ask": 0.72065,
    "spread": 0.0001,
    "spread_pct": 0.013877,
    "timestamp": 1777666280.121894
  },
  "TSM": {
    "bid": 399.05,
    "ask": 399.45,
    "spread": 0.4,
    "spread_pct": 0.100188,
    "timestamp": 1777841248.1097136
  },
  "MSTR": {
    "bid": 178.03,
    "ask": 178.21,
    "spread": 0.18,
    "spread_pct": 0.101055,
    "timestamp": 1777841248.3363273
  },
  "XPTUSD": {
    "bid": 1982.23,
    "ask": 1992.46,
    "spread": 10.23,
    "spread_pct": 0.514757,
    "timestamp": 1777666280.7420793
  },
  "COST": {
    "bid": 1012.05,
    "ask": 1013.06,
    "spread": 1.01,
    "spread_pct": 0.099748,
    "timestamp": 1777841248.173223
  },
  "XALUSD": {
    "bid": 3502.44,
    "ask": 3517.91,
    "spread": 15.47,
    "spread_pct": 0.440719,
    "timestamp": 1777658171.7225325
  },
  "XPDUSD": {
    "bid": 1524.26,
    "ask": 1531.74,
    "spread": 7.48,
    "spread_pct": 0.489529,
    "timestamp": 1777666279.7133005
  }
}