{
  "AAPL": {
    "bid": 267.58,
    "ask": 267.76,
    "spread": 0.18,
    "spread_pct": 0.067247,
    "timestamp": 1777319198.9201097
  },
  "COPPER": {
    "bid": 599.14,
    "ask": 599.52,
    "spread": 0.38,
    "spread_pct": 0.063404,
    "timestamp": 1777369078.3852499
  },
  "META": {
    "bid": 678.83,
    "ask": 679.65,
    "spread": 0.82,
    "spread_pct": 0.120723,
    "timestamp": 1777319197.8819156
  },
  "MSFT": {
    "bid": 425.55,
    "ask": 425.71,
    "spread": 0.16,
    "spread_pct": 0.037591,
    "timestamp": 1777319198.136073
  },
  "ORCL": {
    "bid": 172.93,
    "ask": 173.11,
    "spread": 0.18,
    "spread_pct": 0.104034,
    "timestamp": 1777319198.136018
  },
  "DJ30": {
    "bid": 49461.97,
    "ask": 49463.03,
    "spread": 1.06,
    "spread_pct": 0.002143,
    "timestamp": 1777369078.3851295
  },
  "TECH100": {
    "bid": 27296.92,
    "ask": 27297.33,
    "spread": 0.41,
    "spread_pct": 0.001502,
    "timestamp": 1777369078.6845934
  },
  "XAUUSD": {
    "bid": 4610.36,
    "ask": 4610.58,
    "spread": 0.22,
    "spread_pct": 0.004772,
    "timestamp": 1777369078.2681627
  },
  "UK100": {
    "bid": 10383.13,
    "ask": 10383.87,
    "spread": 0.74,
    "spread_pct": 0.007127,
    "timestamp": 1777369078.147066
  },
  "UKOIL": {
    "bid": 104.474,
    "ask": 104.506,
    "spread": 0.032,
    "spread_pct": 0.030625,
    "timestamp": 1777369078.2156162
  },
  "INTEL": {
    "bid": 84.38,
    "ask": 84.5,
    "spread": 0.12,
    "spread_pct": 0.142113,
    "timestamp": 1777319198.1361268
  },
  "JPN225": {
    "bid": 59940.48,
    "ask": 59949.52,
    "spread": 9.04,
    "spread_pct": 0.01508,
    "timestamp": 1777369077.8247764
  },
  "NZDUSD": {
    "bid": 0.58836,
    "ask": 0.58847,
    "spread": 0.00011,
    "spread_pct": 0.018694,
    "timestamp": 1777369077.3196795
  },
  "NFLX": {
    "bid": 91.05,
    "ask": 92.13,
    "spread": 1.08,
    "spread_pct": 1.179168,
    "timestamp": 1777319198.306423
  },
  "AMD": {
    "bid": 335.56,
    "ask": 335.7,
    "spread": 0.14,
    "spread_pct": 0.041713,
    "timestamp": 1777319198.759899
  },
  "GER30": {
    "bid": 24266.37,
    "ask": 24267.63,
    "spread": 1.26,
    "spread_pct": 0.005192,
    "timestamp": 1777369078.321415
  },
  "XAGUSD": {
    "bid": 72.861,
    "ask": 72.965,
    "spread": 0.104,
    "spread_pct": 0.142636,
    "timestamp": 1777369078.26727
  },
  "PLTR": {
    "bid": 142.98,
    "ask": 143.16,
    "spread": 0.18,
    "spread_pct": 0.125813,
    "timestamp": 1777319198.0162265
  },
  "GOOG": {
    "bid": 351.42,
    "ask": 351.86,
    "spread": 0.44,
    "spread_pct": 0.125128,
    "timestamp": 1777319198.4449518
  },
  "NGAS": {
    "bid": 2.7003,
    "ask": 2.7127,
    "spread": 0.0124,
    "spread_pct": 0.458156,
    "timestamp": 1777369075.817151
  },
  "SP500": {
    "bid": 7192.97,
    "ask": 7193.28,
    "spread": 0.31,
    "spread_pct": 0.00431,
    "timestamp": 1777369077.4610736
  },
  "EURUSD": {
    "bid": 1.16865,
    "ask": 1.16876,
    "spread": 0.00011,
    "spread_pct": 0.009412,
    "timestamp": 1777369077.2592435
  },
  "NVIDIA": {
    "bid": 215.79,
    "ask": 216.1,
    "spread": 0.31,
    "spread_pct": 0.143555,
    "timestamp": 1777319198.4448855
  },
  "USOIL": {
    "bid": 99.545,
    "ask": 99.585,
    "spread": 0.04,
    "spread_pct": 0.040175,
    "timestamp": 1777369078.268078
  },
  "TSLA": {
    "bid": 379.44,
    "ask": 379.96,
    "spread": 0.52,
    "spread_pct": 0.13695,
    "timestamp": 1777319198.4520955
  },
  "AMZN": {
    "bid": 260.85,
    "ask": 261.19,
    "spread": 0.34,
    "spread_pct": 0.130258,
    "timestamp": 1777319198.630619
  },
  "GBPUSD": {
    "bid": 1.34878,
    "ask": 1.34888,
    "spread": 0.0001,
    "spread_pct": 0.007414,
    "timestamp": 1777369078.1469755
  },
  "AUDUSD": {
    "bid": 0.7168,
    "ask": 0.71689,
    "spread": 9e-05,
    "spread_pct": 0.012555,
    "timestamp": 1777369078.234125
  },
  "TSM": {
    "bid": 403.65,
    "ask": 404.1,
    "spread": 0.45,
    "spread_pct": 0.111421,
    "timestamp": 1777319198.5634277
  },
  "MSTR": {
    "bid": 169.29,
    "ask": 169.99,
    "spread": 0.7,
    "spread_pct": 0.412639,
    "timestamp": 1777319197.1318383
  },
  "XPTUSD": {
    "bid": 1940.84,
    "ask": 1950.92,
    "spread": 10.08,
    "spread_pct": 0.518018,
    "timestamp": 1777369077.319779
  },
  "COST": {
    "bid": 999.34,
    "ask": 999.9,
    "spread": 0.56,
    "spread_pct": 0.056021,
    "timestamp": 1777319193.9235065
  },
  "XALUSD": {
    "bid": 3547.31,
    "ask": 3562.69,
    "spread": 15.38,
    "spread_pct": 0.43263,
    "timestamp": 1777369075.1994164
  },
  "XPDUSD": {
    "bid": 1439.73,
    "ask": 1447.03,
    "spread": 7.3,
    "spread_pct": 0.505757,
    "timestamp": 1777369075.1930146
  }
}