{
  "AAPL": {
    "bid": 294.09,
    "ask": 294.38,
    "spread": 0.29,
    "spread_pct": 0.098561,
    "timestamp": 1778666790.2499137
  },
  "COPPER": {
    "bid": 664.61,
    "ask": 664.99,
    "spread": 0.38,
    "spread_pct": 0.05716,
    "timestamp": 1778666790.592178
  },
  "META": {
    "bid": 603.31,
    "ask": 603.91,
    "spread": 0.6,
    "spread_pct": 0.099402,
    "timestamp": 1778666790.2290251
  },
  "MSFT": {
    "bid": 407.27,
    "ask": 407.68,
    "spread": 0.41,
    "spread_pct": 0.10062,
    "timestamp": 1778666790.174975
  },
  "ORCL": {
    "bid": 189.38,
    "ask": 189.77,
    "spread": 0.39,
    "spread_pct": 0.205723,
    "timestamp": 1778666790.291893
  },
  "DJ30": {
    "bid": 49770.5,
    "ask": 49771.5,
    "spread": 1.0,
    "spread_pct": 0.002009,
    "timestamp": 1778666789.4093666
  },
  "TECH100": {
    "bid": 29418.03,
    "ask": 29418.47,
    "spread": 0.44,
    "spread_pct": 0.001496,
    "timestamp": 1778666790.0879343
  },
  "XAUUSD": {
    "bid": 4699.63,
    "ask": 4699.85,
    "spread": 0.22,
    "spread_pct": 0.004681,
    "timestamp": 1778666790.5921097
  },
  "UK100": {
    "bid": 10297.62,
    "ask": 10298.38,
    "spread": 0.76,
    "spread_pct": 0.00738,
    "timestamp": 1778666789.6281536
  },
  "UKOIL": {
    "bid": 107.203,
    "ask": 107.237,
    "spread": 0.034,
    "spread_pct": 0.031711,
    "timestamp": 1778666789.5129192
  },
  "INTEL": {
    "bid": 119.22,
    "ask": 119.34,
    "spread": 0.12,
    "spread_pct": 0.100604,
    "timestamp": 1778613498.5928645
  },
  "JPN225": {
    "bid": 63038.9,
    "ask": 63046.1,
    "spread": 7.2,
    "spread_pct": 0.011421,
    "timestamp": 1778666790.1518028
  },
  "NZDUSD": {
    "bid": 0.59313,
    "ask": 0.59322,
    "spread": 9e-05,
    "spread_pct": 0.015173,
    "timestamp": 1778666790.5913653
  },
  "NFLX": {
    "bid": 87.54,
    "ask": 87.77,
    "spread": 0.23,
    "spread_pct": 0.262392,
    "timestamp": 1778666790.3126352
  },
  "AMD": {
    "bid": 460.38,
    "ask": 460.84,
    "spread": 0.46,
    "spread_pct": 0.099868,
    "timestamp": 1778666790.3127065
  },
  "GER30": {
    "bid": 24208.79,
    "ask": 24210.01,
    "spread": 1.22,
    "spread_pct": 0.005039,
    "timestamp": 1778666789.2199776
  },
  "XAGUSD": {
    "bid": 86.983,
    "ask": 87.084,
    "spread": 0.101,
    "spread_pct": 0.116047,
    "timestamp": 1778666790.6148682
  },
  "PLTR": {
    "bid": 135.8,
    "ask": 135.94,
    "spread": 0.14,
    "spread_pct": 0.10304,
    "timestamp": 1778666790.2713819
  },
  "GOOG": {
    "bid": 385.32,
    "ask": 385.72,
    "spread": 0.4,
    "spread_pct": 0.103756,
    "timestamp": 1778613498.329054
  },
  "NGAS": {
    "bid": 2.8324,
    "ask": 2.8446,
    "spread": 0.0122,
    "spread_pct": 0.429804,
    "timestamp": 1778666774.6123056
  },
  "SP500": {
    "bid": 7446.97,
    "ask": 7447.28,
    "spread": 0.31,
    "spread_pct": 0.004163,
    "timestamp": 1778666790.0876029
  },
  "EURUSD": {
    "bid": 1.17049,
    "ask": 1.17057,
    "spread": 8e-05,
    "spread_pct": 0.006835,
    "timestamp": 1778666790.647706
  },
  "NVIDIA": {
    "bid": 220.74,
    "ask": 221.07,
    "spread": 0.33,
    "spread_pct": 0.149385,
    "timestamp": 1778613498.4447348
  },
  "USOIL": {
    "bid": 96.86,
    "ask": 98.69,
    "spread": 1.83,
    "spread_pct": 1.871644,
    "timestamp": 1778666788.6676307
  },
  "TSLA": {
    "bid": 438.76,
    "ask": 439.29,
    "spread": 0.53,
    "spread_pct": 0.120722,
    "timestamp": 1778666790.271274
  },
  "AMZN": {
    "bid": 266.54,
    "ask": 266.81,
    "spread": 0.27,
    "spread_pct": 0.101247,
    "timestamp": 1778666790.1318254
  },
  "GBPUSD": {
    "bid": 1.35196,
    "ask": 1.35207,
    "spread": 0.00011,
    "spread_pct": 0.008136,
    "timestamp": 1778666790.3487895
  },
  "AUDUSD": {
    "bid": 0.72457,
    "ask": 0.72468,
    "spread": 0.00011,
    "spread_pct": 0.01518,
    "timestamp": 1778666790.6485095
  },
  "TSM": {
    "bid": 402.07,
    "ask": 402.47,
    "spread": 0.4,
    "spread_pct": 0.099436,
    "timestamp": 1778666790.2387056
  },
  "MSTR": {
    "bid": 187.27,
    "ask": 187.46,
    "spread": 0.19,
    "spread_pct": 0.101406,
    "timestamp": 1778666790.347663
  },
  "XPTUSD": {
    "bid": 2131.33,
    "ask": 2141.37,
    "spread": 10.04,
    "spread_pct": 0.46996,
    "timestamp": 1778666785.3522277
  },
  "COST": {
    "bid": 1014.8,
    "ask": 1015.82,
    "spread": 1.02,
    "spread_pct": 0.100462,
    "timestamp": 1778666790.3356981
  },
  "XALUSD": {
    "bid": 3628.46,
    "ask": 3643.94,
    "spread": 15.48,
    "spread_pct": 0.425719,
    "timestamp": 1778666785.1884408
  },
  "XPDUSD": {
    "bid": 1498.46,
    "ask": 1505.94,
    "spread": 7.48,
    "spread_pct": 0.497936,
    "timestamp": 1778657411.3117867
  }
}