{
  "AAPL": {
    "bid": 298.75,
    "ask": 299.05,
    "spread": 0.3,
    "spread_pct": 0.100368,
    "timestamp": 1778722263.2152507
  },
  "COPPER": {
    "bid": 660.44,
    "ask": 660.82,
    "spread": 0.38,
    "spread_pct": 0.057521,
    "timestamp": 1778722263.6155097
  },
  "META": {
    "bid": 617.34,
    "ask": 617.96,
    "spread": 0.62,
    "spread_pct": 0.10038,
    "timestamp": 1778722263.1713624
  },
  "MSFT": {
    "bid": 405.13,
    "ask": 405.54,
    "spread": 0.41,
    "spread_pct": 0.101151,
    "timestamp": 1778722263.2901506
  },
  "ORCL": {
    "bid": 191.1,
    "ask": 191.33,
    "spread": 0.23,
    "spread_pct": 0.120283,
    "timestamp": 1778722263.2151537
  },
  "DJ30": {
    "bid": 49895.39,
    "ask": 49896.61,
    "spread": 1.22,
    "spread_pct": 0.002445,
    "timestamp": 1778722263.1459682
  },
  "TECH100": {
    "bid": 29680.63,
    "ask": 29681.07,
    "spread": 0.44,
    "spread_pct": 0.001482,
    "timestamp": 1778722263.137388
  },
  "XAUUSD": {
    "bid": 4693.35,
    "ask": 4693.55,
    "spread": 0.2,
    "spread_pct": 0.004261,
    "timestamp": 1778722263.3294778
  },
  "UK100": {
    "bid": 10351.11,
    "ask": 10351.89,
    "spread": 0.78,
    "spread_pct": 0.007535,
    "timestamp": 1778722262.4891834
  },
  "UKOIL": {
    "bid": 105.645,
    "ask": 105.675,
    "spread": 0.03,
    "spread_pct": 0.028393,
    "timestamp": 1778722263.107963
  },
  "INTEL": {
    "bid": 121.1,
    "ask": 121.24,
    "spread": 0.14,
    "spread_pct": 0.11554,
    "timestamp": 1778700391.9036784
  },
  "JPN225": {
    "bid": 63820.49,
    "ask": 63829.51,
    "spread": 9.02,
    "spread_pct": 0.014132,
    "timestamp": 1778722263.031281
  },
  "NZDUSD": {
    "bid": 0.59302,
    "ask": 0.59311,
    "spread": 9e-05,
    "spread_pct": 0.015175,
    "timestamp": 1778722263.3876102
  },
  "NFLX": {
    "bid": 87.71,
    "ask": 87.87,
    "spread": 0.16,
    "spread_pct": 0.182253,
    "timestamp": 1778722263.3016937
  },
  "AMD": {
    "bid": 449.05,
    "ask": 449.5,
    "spread": 0.45,
    "spread_pct": 0.100161,
    "timestamp": 1778722263.1712673
  },
  "GER30": {
    "bid": 24321.36,
    "ask": 24322.44,
    "spread": 1.08,
    "spread_pct": 0.00444,
    "timestamp": 1778722261.8206053
  },
  "XAGUSD": {
    "bid": 87.561,
    "ask": 87.662,
    "spread": 0.101,
    "spread_pct": 0.115282,
    "timestamp": 1778722263.5507317
  },
  "PLTR": {
    "bid": 130.62,
    "ask": 130.75,
    "spread": 0.13,
    "spread_pct": 0.099476,
    "timestamp": 1778722263.2799728
  },
  "GOOG": {
    "bid": 402.22,
    "ask": 402.62,
    "spread": 0.4,
    "spread_pct": 0.099399,
    "timestamp": 1778700392.2463646
  },
  "NGAS": {
    "bid": 2.8678,
    "ask": 2.8802,
    "spread": 0.0124,
    "spread_pct": 0.431454,
    "timestamp": 1778722256.6476212
  },
  "SP500": {
    "bid": 7486.46,
    "ask": 7486.79,
    "spread": 0.33,
    "spread_pct": 0.004408,
    "timestamp": 1778722263.108064
  },
  "EURUSD": {
    "bid": 1.17155,
    "ask": 1.17164,
    "spread": 9e-05,
    "spread_pct": 0.007682,
    "timestamp": 1778722262.5770197
  },
  "NVIDIA": {
    "bid": 226.33,
    "ask": 226.63,
    "spread": 0.3,
    "spread_pct": 0.132462,
    "timestamp": 1778700392.3255315
  },
  "USOIL": {
    "bid": 96.741,
    "ask": 96.773,
    "spread": 0.032,
    "spread_pct": 0.033073,
    "timestamp": 1778722261.3215747
  },
  "TSLA": {
    "bid": 447.7,
    "ask": 448.24,
    "spread": 0.54,
    "spread_pct": 0.120544,
    "timestamp": 1778722263.3371925
  },
  "AMZN": {
    "bid": 271.31,
    "ask": 271.58,
    "spread": 0.27,
    "spread_pct": 0.099468,
    "timestamp": 1778722263.2153199
  },
  "GBPUSD": {
    "bid": 1.35278,
    "ask": 1.35287,
    "spread": 9e-05,
    "spread_pct": 0.006653,
    "timestamp": 1778722263.108132
  },
  "AUDUSD": {
    "bid": 0.72482,
    "ask": 0.72493,
    "spread": 0.00011,
    "spread_pct": 0.015175,
    "timestamp": 1778722262.2522388
  },
  "TSM": {
    "bid": 402.72,
    "ask": 403.12,
    "spread": 0.4,
    "spread_pct": 0.099275,
    "timestamp": 1778722263.1714294
  },
  "MSTR": {
    "bid": 179.42,
    "ask": 179.6,
    "spread": 0.18,
    "spread_pct": 0.100273,
    "timestamp": 1778722263.1373074
  },
  "XPTUSD": {
    "bid": 2136.65,
    "ask": 2146.49,
    "spread": 9.84,
    "spread_pct": 0.459476,
    "timestamp": 1778722262.920448
  },
  "COST": {
    "bid": 1026.89,
    "ask": 1027.92,
    "spread": 1.03,
    "spread_pct": 0.100253,
    "timestamp": 1778722263.2153838
  },
  "XALUSD": {
    "bid": 3632.38,
    "ask": 3647.62,
    "spread": 15.24,
    "spread_pct": 0.418681,
    "timestamp": 1778722262.1329288
  },
  "XPDUSD": {
    "bid": 1503.42,
    "ask": 1510.88,
    "spread": 7.46,
    "spread_pct": 0.494974,
    "timestamp": 1778722260.4801416
  }
}