{
  "AAPL": {
    "bid": 279.57,
    "ask": 279.85,
    "spread": 0.28,
    "spread_pct": 0.100104,
    "timestamp": 1777885598.1316192
  },
  "COPPER": {
    "bid": 594.4,
    "ask": 594.8,
    "spread": 0.4,
    "spread_pct": 0.067272,
    "timestamp": 1777885594.6166887
  },
  "META": {
    "bid": 611.99,
    "ask": 612.6,
    "spread": 0.61,
    "spread_pct": 0.099625,
    "timestamp": 1777885598.1678872
  },
  "MSFT": {
    "bid": 413.8,
    "ask": 414.21,
    "spread": 0.41,
    "spread_pct": 0.099033,
    "timestamp": 1777885598.187229
  },
  "ORCL": {
    "bid": 178.06,
    "ask": 178.25,
    "spread": 0.19,
    "spread_pct": 0.106649,
    "timestamp": 1777885598.1868095
  },
  "DJ30": {
    "bid": 49546.36,
    "ask": 49547.64,
    "spread": 1.28,
    "spread_pct": 0.002583,
    "timestamp": 1777885594.7431488
  },
  "TECH100": {
    "bid": 27900.65,
    "ask": 27901.1,
    "spread": 0.45,
    "spread_pct": 0.001613,
    "timestamp": 1777885598.167379
  },
  "XAUUSD": {
    "bid": 4579.91,
    "ask": 4580.11,
    "spread": 0.2,
    "spread_pct": 0.004367,
    "timestamp": 1777885597.1843426
  },
  "UK100": {
    "bid": 10381.58,
    "ask": 10382.42,
    "spread": 0.84,
    "spread_pct": 0.008091,
    "timestamp": 1777662373.31854
  },
  "UKOIL": {
    "bid": 109.227,
    "ask": 109.263,
    "spread": 0.036,
    "spread_pct": 0.032953,
    "timestamp": 1777885598.576603
  },
  "INTEL": {
    "bid": 99.18,
    "ask": 99.28,
    "spread": 0.1,
    "spread_pct": 0.100776,
    "timestamp": 1777662375.1315198
  },
  "JPN225": {
    "bid": 59750.63,
    "ask": 59759.37,
    "spread": 8.74,
    "spread_pct": 0.014626,
    "timestamp": 1777885597.6018598
  },
  "NZDUSD": {
    "bid": 0.5903,
    "ask": 0.59039,
    "spread": 9e-05,
    "spread_pct": 0.015245,
    "timestamp": 1777885596.411871
  },
  "NFLX": {
    "bid": 92.16,
    "ask": 92.3,
    "spread": 0.14,
    "spread_pct": 0.151794,
    "timestamp": 1777885598.2854774
  },
  "AMD": {
    "bid": 362.92,
    "ask": 363.28,
    "spread": 0.36,
    "spread_pct": 0.099146,
    "timestamp": 1777885598.1551445
  },
  "GER30": {
    "bid": 24418.49,
    "ask": 24419.51,
    "spread": 1.02,
    "spread_pct": 0.004177,
    "timestamp": 1777885597.9311876
  },
  "XAGUSD": {
    "bid": 74.38,
    "ask": 74.483,
    "spread": 0.103,
    "spread_pct": 0.138382,
    "timestamp": 1777885598.3838303
  },
  "PLTR": {
    "bid": 146.84,
    "ask": 146.99,
    "spread": 0.15,
    "spread_pct": 0.1021,
    "timestamp": 1777885598.2513266
  },
  "GOOG": {
    "bid": 384.41,
    "ask": 384.81,
    "spread": 0.4,
    "spread_pct": 0.104001,
    "timestamp": 1777662374.3601058
  },
  "NGAS": {
    "bid": 2.8332,
    "ask": 2.8458,
    "spread": 0.0126,
    "spread_pct": 0.44374,
    "timestamp": 1777885598.6289895
  },
  "SP500": {
    "bid": 7263.83,
    "ask": 7264.17,
    "spread": 0.34,
    "spread_pct": 0.004681,
    "timestamp": 1777885597.5592806
  },
  "EURUSD": {
    "bid": 1.17225,
    "ask": 1.17233,
    "spread": 8e-05,
    "spread_pct": 0.006824,
    "timestamp": 1777885598.018497
  },
  "NVIDIA": {
    "bid": 198.35,
    "ask": 198.71,
    "spread": 0.36,
    "spread_pct": 0.181333,
    "timestamp": 1777662374.2304685
  },
  "USOIL": {
    "bid": 102.831,
    "ask": 102.869,
    "spread": 0.038,
    "spread_pct": 0.036947,
    "timestamp": 1777885598.3837585
  },
  "TSLA": {
    "bid": 392.28,
    "ask": 392.75,
    "spread": 0.47,
    "spread_pct": 0.119741,
    "timestamp": 1777885598.2657444
  },
  "AMZN": {
    "bid": 270.42,
    "ask": 270.69,
    "spread": 0.27,
    "spread_pct": 0.099795,
    "timestamp": 1777885598.3821042
  },
  "GBPUSD": {
    "bid": 1.35652,
    "ask": 1.35662,
    "spread": 0.0001,
    "spread_pct": 0.007372,
    "timestamp": 1777885598.3839076
  },
  "AUDUSD": {
    "bid": 0.71974,
    "ask": 0.71984,
    "spread": 0.0001,
    "spread_pct": 0.013893,
    "timestamp": 1777885597.1386974
  },
  "TSM": {
    "bid": 406.61,
    "ask": 407.02,
    "spread": 0.41,
    "spread_pct": 0.100783,
    "timestamp": 1777885598.2656448
  },
  "MSTR": {
    "bid": 182.9,
    "ask": 183.08,
    "spread": 0.18,
    "spread_pct": 0.098366,
    "timestamp": 1777885598.351686
  },
  "XPTUSD": {
    "bid": 1960.67,
    "ask": 1970.83,
    "spread": 10.16,
    "spread_pct": 0.516851,
    "timestamp": 1777885594.3729043
  },
  "COST": {
    "bid": 1008.93,
    "ask": 1012.47,
    "spread": 3.54,
    "spread_pct": 0.350252,
    "timestamp": 1777885598.1552339
  },
  "XALUSD": {
    "bid": 3502.44,
    "ask": 3517.91,
    "spread": 15.47,
    "spread_pct": 0.440719,
    "timestamp": 1777658171.7225325
  },
  "XPDUSD": {
    "bid": 1492.2,
    "ask": 1499.72,
    "spread": 7.52,
    "spread_pct": 0.502687,
    "timestamp": 1777885598.1678143
  }
}