{
  "AAPL": {
    "bid": 270.04,
    "ask": 270.22,
    "spread": 0.18,
    "spread_pct": 0.066635,
    "timestamp": 1777059403.1095536
  },
  "COPPER": {
    "bid": 607.46,
    "ask": 607.88,
    "spread": 0.42,
    "spread_pct": 0.069116,
    "timestamp": 1777240956.826096
  },
  "META": {
    "bid": 676.18,
    "ask": 677.0,
    "spread": 0.82,
    "spread_pct": 0.121196,
    "timestamp": 1777059400.6640484
  },
  "MSFT": {
    "bid": 423.33,
    "ask": 423.49,
    "spread": 0.16,
    "spread_pct": 0.037788,
    "timestamp": 1777059402.2954955
  },
  "ORCL": {
    "bid": 173.44,
    "ask": 173.6,
    "spread": 0.16,
    "spread_pct": 0.092208,
    "timestamp": 1777059402.2959394
  },
  "DJ30": {
    "bid": 49300.46,
    "ask": 49301.54,
    "spread": 1.08,
    "spread_pct": 0.002191,
    "timestamp": 1777240956.445218
  },
  "TECH100": {
    "bid": 27384.79,
    "ask": 27385.21,
    "spread": 0.42,
    "spread_pct": 0.001534,
    "timestamp": 1777240956.4317179
  },
  "XAUUSD": {
    "bid": 4698.62,
    "ask": 4698.82,
    "spread": 0.2,
    "spread_pct": 0.004256,
    "timestamp": 1777240956.4353516
  },
  "UK100": {
    "bid": 10389.61,
    "ask": 10390.39,
    "spread": 0.78,
    "spread_pct": 0.007507,
    "timestamp": 1777059402.9202387
  },
  "UKOIL": {
    "bid": 101.411,
    "ask": 101.449,
    "spread": 0.038,
    "spread_pct": 0.037464,
    "timestamp": 1777240956.4667451
  },
  "INTEL": {
    "bid": 80.89,
    "ask": 81.03,
    "spread": 0.14,
    "spread_pct": 0.172925,
    "timestamp": 1777059403.1093316
  },
  "JPN225": {
    "bid": 59977.99,
    "ask": 59987.01,
    "spread": 9.02,
    "spread_pct": 0.015038,
    "timestamp": 1777062424.5481002
  },
  "NZDUSD": {
    "bid": 0.58713,
    "ask": 0.58723,
    "spread": 0.0001,
    "spread_pct": 0.017031,
    "timestamp": 1777240956.5661864
  },
  "NFLX": {
    "bid": 91.9,
    "ask": 92.94,
    "spread": 1.04,
    "spread_pct": 1.125298,
    "timestamp": 1777059402.984387
  },
  "AMD": {
    "bid": 345.64,
    "ask": 345.84,
    "spread": 0.2,
    "spread_pct": 0.057847,
    "timestamp": 1777059403.1096587
  },
  "GER30": {
    "bid": 24359.89,
    "ask": 24361.11,
    "spread": 1.22,
    "spread_pct": 0.005008,
    "timestamp": 1777059402.4746032
  },
  "XAGUSD": {
    "bid": 75.694,
    "ask": 75.794,
    "spread": 0.1,
    "spread_pct": 0.132024,
    "timestamp": 1777240956.329866
  },
  "PLTR": {
    "bid": 142.59,
    "ask": 142.73,
    "spread": 0.14,
    "spread_pct": 0.098135,
    "timestamp": 1777059403.1097336
  },
  "GOOG": {
    "bid": 344.29,
    "ask": 344.71,
    "spread": 0.42,
    "spread_pct": 0.121916,
    "timestamp": 1777059402.4018574
  },
  "NGAS": {
    "bid": 2.6783,
    "ask": 2.6907,
    "spread": 0.0124,
    "spread_pct": 0.461911,
    "timestamp": 1777240956.9168658
  },
  "SP500": {
    "bid": 7180.96,
    "ask": 7181.29,
    "spread": 0.33,
    "spread_pct": 0.004595,
    "timestamp": 1777240956.6757028
  },
  "EURUSD": {
    "bid": 1.17095,
    "ask": 1.17105,
    "spread": 0.0001,
    "spread_pct": 0.00854,
    "timestamp": 1777240957.0612009
  },
  "NVIDIA": {
    "bid": 208.25,
    "ask": 208.58,
    "spread": 0.33,
    "spread_pct": 0.158338,
    "timestamp": 1777059402.2326934
  },
  "USOIL": {
    "bid": 96.296,
    "ask": 96.334,
    "spread": 0.038,
    "spread_pct": 0.039454,
    "timestamp": 1777240956.7082
  },
  "TSLA": {
    "bid": 376.97,
    "ask": 377.49,
    "spread": 0.52,
    "spread_pct": 0.137847,
    "timestamp": 1777059402.600363
  },
  "AMZN": {
    "bid": 263.79,
    "ask": 264.09,
    "spread": 0.3,
    "spread_pct": 0.113662,
    "timestamp": 1777059402.2325428
  },
  "GBPUSD": {
    "bid": 1.3522,
    "ask": 1.35228,
    "spread": 8e-05,
    "spread_pct": 0.005916,
    "timestamp": 1777240956.8259711
  },
  "AUDUSD": {
    "bid": 0.71416,
    "ask": 0.71426,
    "spread": 0.0001,
    "spread_pct": 0.014001,
    "timestamp": 1777240956.5668666
  },
  "TSM": {
    "bid": 403.31,
    "ask": 403.78,
    "spread": 0.47,
    "spread_pct": 0.116468,
    "timestamp": 1777059402.232916
  },
  "MSTR": {
    "bid": 170.66,
    "ask": 171.38,
    "spread": 0.72,
    "spread_pct": 0.421003,
    "timestamp": 1777059402.9841743
  },
  "XPTUSD": {
    "bid": 2005.79,
    "ask": 2015.65,
    "spread": 9.86,
    "spread_pct": 0.490372,
    "timestamp": 1777240956.3299687
  },
  "COST": {
    "bid": 1010.06,
    "ask": 1010.62,
    "spread": 0.56,
    "spread_pct": 0.055427,
    "timestamp": 1777059400.371591
  },
  "XALUSD": {
    "bid": 3595.73,
    "ask": 3611.07,
    "spread": 15.34,
    "spread_pct": 0.425709,
    "timestamp": 1777052799.255632
  },
  "XPDUSD": {
    "bid": 1493.06,
    "ask": 1500.5,
    "spread": 7.44,
    "spread_pct": 0.497067,
    "timestamp": 1777240956.404459
  }
}