{
  "AAPL": {
    "bid": 269.82,
    "ask": 270.0,
    "spread": 0.18,
    "spread_pct": 0.066689,
    "timestamp": 1777402555.240041
  },
  "COPPER": {
    "bid": 597.55,
    "ask": 597.95,
    "spread": 0.4,
    "spread_pct": 0.066918,
    "timestamp": 1777419192.5980356
  },
  "META": {
    "bid": 671.41,
    "ask": 672.21,
    "spread": 0.8,
    "spread_pct": 0.119081,
    "timestamp": 1777402555.141898
  },
  "MSFT": {
    "bid": 427.11,
    "ask": 427.23,
    "spread": 0.12,
    "spread_pct": 0.028092,
    "timestamp": 1777402555.4344442
  },
  "ORCL": {
    "bid": 166.46,
    "ask": 166.62,
    "spread": 0.16,
    "spread_pct": 0.096073,
    "timestamp": 1777402554.1626806
  },
  "DJ30": {
    "bid": 49371.94,
    "ask": 49373.06,
    "spread": 1.12,
    "spread_pct": 0.002268,
    "timestamp": 1777419200.1574912
  },
  "TECH100": {
    "bid": 27233.64,
    "ask": 27234.11,
    "spread": 0.47,
    "spread_pct": 0.001726,
    "timestamp": 1777419200.7850993
  },
  "XAUUSD": {
    "bid": 4590.91,
    "ask": 4591.11,
    "spread": 0.2,
    "spread_pct": 0.004356,
    "timestamp": 1777419200.3540547
  },
  "UK100": {
    "bid": 10311.5,
    "ask": 10315.5,
    "spread": 4.0,
    "spread_pct": 0.038784,
    "timestamp": 1777402554.1142027
  },
  "UKOIL": {
    "bid": 104.109,
    "ask": 104.141,
    "spread": 0.032,
    "spread_pct": 0.030732,
    "timestamp": 1777407156.7001078
  },
  "INTEL": {
    "bid": 84.04,
    "ask": 84.14,
    "spread": 0.1,
    "spread_pct": 0.11892,
    "timestamp": 1777402555.5210788
  },
  "JPN225": {
    "bid": 59215.53,
    "ask": 59224.47,
    "spread": 8.94,
    "spread_pct": 0.015096,
    "timestamp": 1777419199.6235936
  },
  "NZDUSD": {
    "bid": 0.58868,
    "ask": 0.58879,
    "spread": 0.00011,
    "spread_pct": 0.018684,
    "timestamp": 1777419200.7931464
  },
  "NFLX": {
    "bid": 91.44,
    "ask": 92.52,
    "spread": 1.08,
    "spread_pct": 1.174168,
    "timestamp": 1777402554.2028255
  },
  "AMD": {
    "bid": 324.37,
    "ask": 324.51,
    "spread": 0.14,
    "spread_pct": 0.043151,
    "timestamp": 1777402555.682999
  },
  "GER30": {
    "bid": 24114.98,
    "ask": 24116.02,
    "spread": 1.04,
    "spread_pct": 0.004313,
    "timestamp": 1777402553.3227198
  },
  "XAGUSD": {
    "bid": 73.117,
    "ask": 73.22,
    "spread": 0.103,
    "spread_pct": 0.140771,
    "timestamp": 1777419200.556348
  },
  "PLTR": {
    "bid": 141.52,
    "ask": 141.7,
    "spread": 0.18,
    "spread_pct": 0.12711,
    "timestamp": 1777402555.5207434
  },
  "GOOG": {
    "bid": 349.47,
    "ask": 349.89,
    "spread": 0.42,
    "spread_pct": 0.12011,
    "timestamp": 1777402555.5450108
  },
  "NGAS": {
    "bid": 2.6752,
    "ask": 2.6878,
    "spread": 0.0126,
    "spread_pct": 0.469886,
    "timestamp": 1777415768.2485242
  },
  "SP500": {
    "bid": 7177.33,
    "ask": 7177.67,
    "spread": 0.34,
    "spread_pct": 0.004737,
    "timestamp": 1777419200.7132947
  },
  "EURUSD": {
    "bid": 1.17157,
    "ask": 1.17165,
    "spread": 8e-05,
    "spread_pct": 0.006828,
    "timestamp": 1777419199.0583243
  },
  "NVIDIA": {
    "bid": 213.5,
    "ask": 213.85,
    "spread": 0.35,
    "spread_pct": 0.1638,
    "timestamp": 1777402555.6406739
  },
  "USOIL": {
    "bid": 99.374,
    "ask": 99.406,
    "spread": 0.032,
    "spread_pct": 0.032196,
    "timestamp": 1777419197.7133539
  },
  "TSLA": {
    "bid": 377.41,
    "ask": 377.95,
    "spread": 0.54,
    "spread_pct": 0.142978,
    "timestamp": 1777402555.4564366
  },
  "AMZN": {
    "bid": 258.75,
    "ask": 259.07,
    "spread": 0.32,
    "spread_pct": 0.123595,
    "timestamp": 1777402555.3799934
  },
  "GBPUSD": {
    "bid": 1.35216,
    "ask": 1.35227,
    "spread": 0.00011,
    "spread_pct": 0.008135,
    "timestamp": 1777419200.1770186
  },
  "AUDUSD": {
    "bid": 0.71838,
    "ask": 0.71847,
    "spread": 9e-05,
    "spread_pct": 0.012527,
    "timestamp": 1777419200.1575592
  },
  "TSM": {
    "bid": 392.43,
    "ask": 392.9,
    "spread": 0.47,
    "spread_pct": 0.119695,
    "timestamp": 1777402555.1968126
  },
  "MSTR": {
    "bid": 166.07,
    "ask": 166.75,
    "spread": 0.68,
    "spread_pct": 0.408629,
    "timestamp": 1777402555.7611969
  },
  "XPTUSD": {
    "bid": 1937.17,
    "ask": 1947.38,
    "spread": 10.21,
    "spread_pct": 0.525672,
    "timestamp": 1777419200.7932374
  },
  "COST": {
    "bid": 988.45,
    "ask": 988.97,
    "spread": 0.52,
    "spread_pct": 0.052594,
    "timestamp": 1777402554.3323452
  },
  "XALUSD": {
    "bid": 3541.2,
    "ask": 3556.5,
    "spread": 15.3,
    "spread_pct": 0.431126,
    "timestamp": 1777390648.1311426
  },
  "XPDUSD": {
    "bid": 1462.42,
    "ask": 1469.8,
    "spread": 7.38,
    "spread_pct": 0.503373,
    "timestamp": 1777419199.4827113
  }
}