{
  "AAPL": {
    "bid": 293.83,
    "ask": 294.01,
    "spread": 0.18,
    "spread_pct": 0.061241,
    "timestamp": 1778606887.4310987
  },
  "COPPER": {
    "bid": 657.43,
    "ask": 657.83,
    "spread": 0.4,
    "spread_pct": 0.060824,
    "timestamp": 1778606886.2430747
  },
  "META": {
    "bid": 598.37,
    "ask": 599.23,
    "spread": 0.86,
    "spread_pct": 0.143621,
    "timestamp": 1778606887.6401553
  },
  "MSFT": {
    "bid": 409.12,
    "ask": 409.26,
    "spread": 0.14,
    "spread_pct": 0.034214,
    "timestamp": 1778606887.5638616
  },
  "ORCL": {
    "bid": 183.23,
    "ask": 183.39,
    "spread": 0.16,
    "spread_pct": 0.087284,
    "timestamp": 1778606887.3604393
  },
  "DJ30": {
    "bid": 49816.47,
    "ask": 49817.53,
    "spread": 1.06,
    "spread_pct": 0.002128,
    "timestamp": 1778606887.2079616
  },
  "TECH100": {
    "bid": 28867.26,
    "ask": 28867.7,
    "spread": 0.44,
    "spread_pct": 0.001524,
    "timestamp": 1778606887.3602967
  },
  "XAUUSD": {
    "bid": 4681.22,
    "ask": 4681.42,
    "spread": 0.2,
    "spread_pct": 0.004272,
    "timestamp": 1778606887.5752935
  },
  "UK100": {
    "bid": 10275.65,
    "ask": 10276.35,
    "spread": 0.7,
    "spread_pct": 0.006812,
    "timestamp": 1778606887.2084165
  },
  "UKOIL": {
    "bid": 107.194,
    "ask": 107.226,
    "spread": 0.032,
    "spread_pct": 0.029848,
    "timestamp": 1778606887.4309747
  },
  "INTEL": {
    "bid": 116.59,
    "ask": 116.71,
    "spread": 0.12,
    "spread_pct": 0.102872,
    "timestamp": 1778606887.563433
  },
  "JPN225": {
    "bid": 61975.65,
    "ask": 61984.35,
    "spread": 8.7,
    "spread_pct": 0.014037,
    "timestamp": 1778606887.747392
  },
  "NZDUSD": {
    "bid": 0.59424,
    "ask": 0.59436,
    "spread": 0.00012,
    "spread_pct": 0.020192,
    "timestamp": 1778606886.3643086
  },
  "NFLX": {
    "bid": 88.28,
    "ask": 88.41,
    "spread": 0.13,
    "spread_pct": 0.14715,
    "timestamp": 1778606887.1733472
  },
  "AMD": {
    "bid": 434.78,
    "ask": 434.9,
    "spread": 0.12,
    "spread_pct": 0.027596,
    "timestamp": 1778606887.4312696
  },
  "GER30": {
    "bid": 24073.76,
    "ask": 24074.84,
    "spread": 1.08,
    "spread_pct": 0.004486,
    "timestamp": 1778606887.467177
  },
  "XAGUSD": {
    "bid": 84.938,
    "ask": 85.041,
    "spread": 0.103,
    "spread_pct": 0.121191,
    "timestamp": 1778606887.7153628
  },
  "PLTR": {
    "bid": 134.13,
    "ask": 134.26,
    "spread": 0.13,
    "spread_pct": 0.096874,
    "timestamp": 1778606887.1946054
  },
  "GOOG": {
    "bid": 383.96,
    "ask": 384.4,
    "spread": 0.44,
    "spread_pct": 0.11453,
    "timestamp": 1778606887.6400487
  },
  "NGAS": {
    "bid": 2.8073,
    "ask": 2.8197,
    "spread": 0.0124,
    "spread_pct": 0.440732,
    "timestamp": 1778606887.2487912
  },
  "SP500": {
    "bid": 7386.72,
    "ask": 7387.03,
    "spread": 0.31,
    "spread_pct": 0.004197,
    "timestamp": 1778606887.207836
  },
  "EURUSD": {
    "bid": 1.17299,
    "ask": 1.17309,
    "spread": 0.0001,
    "spread_pct": 0.008525,
    "timestamp": 1778606887.3110158
  },
  "NVIDIA": {
    "bid": 217.1,
    "ask": 217.41,
    "spread": 0.31,
    "spread_pct": 0.142689,
    "timestamp": 1778606887.431189
  },
  "USOIL": {
    "bid": 97.871,
    "ask": 97.905,
    "spread": 0.034,
    "spread_pct": 0.034734,
    "timestamp": 1778606886.116599
  },
  "TSLA": {
    "bid": 425.82,
    "ask": 426.36,
    "spread": 0.54,
    "spread_pct": 0.126734,
    "timestamp": 1778606887.4313488
  },
  "AMZN": {
    "bid": 264.19,
    "ask": 264.45,
    "spread": 0.26,
    "spread_pct": 0.098366,
    "timestamp": 1778606887.1732519
  },
  "GBPUSD": {
    "bid": 1.35233,
    "ask": 1.35245,
    "spread": 0.00012,
    "spread_pct": 0.008873,
    "timestamp": 1778606887.2085383
  },
  "AUDUSD": {
    "bid": 0.72219,
    "ask": 0.72229,
    "spread": 0.0001,
    "spread_pct": 0.013846,
    "timestamp": 1778606887.563711
  },
  "TSM": {
    "bid": 391.11,
    "ask": 391.56,
    "spread": 0.45,
    "spread_pct": 0.114991,
    "timestamp": 1778606887.359523
  },
  "MSTR": {
    "bid": 182.65,
    "ask": 183.35,
    "spread": 0.7,
    "spread_pct": 0.382514,
    "timestamp": 1778606887.431426
  },
  "XPTUSD": {
    "bid": 2100.38,
    "ask": 2110.62,
    "spread": 10.24,
    "spread_pct": 0.486345,
    "timestamp": 1778606880.217081
  },
  "COST": {
    "bid": 1022.38,
    "ask": 1022.92,
    "spread": 0.54,
    "spread_pct": 0.052804,
    "timestamp": 1778606887.5639534
  },
  "XALUSD": {
    "bid": 3557.03,
    "ask": 3572.27,
    "spread": 15.24,
    "spread_pct": 0.427531,
    "timestamp": 1778599401.8112879
  },
  "XPDUSD": {
    "bid": 1479.16,
    "ask": 1486.44,
    "spread": 7.28,
    "spread_pct": 0.490963,
    "timestamp": 1778606881.5732505
  }
}