{
  "AAPL": {
    "bid": 293.03,
    "ask": 293.32,
    "spread": 0.29,
    "spread_pct": 0.098917,
    "timestamp": 1778454881.136465
  },
  "COPPER": {
    "bid": 628.25,
    "ask": 628.65,
    "spread": 0.4,
    "spread_pct": 0.063649,
    "timestamp": 1778454879.1498878
  },
  "META": {
    "bid": 608.54,
    "ask": 609.15,
    "spread": 0.61,
    "spread_pct": 0.10019,
    "timestamp": 1778454881.2494483
  },
  "MSFT": {
    "bid": 414.4,
    "ask": 414.81,
    "spread": 0.41,
    "spread_pct": 0.098889,
    "timestamp": 1778454881.1924694
  },
  "ORCL": {
    "bid": 195.2,
    "ask": 195.4,
    "spread": 0.2,
    "spread_pct": 0.102407,
    "timestamp": 1778454881.249304
  },
  "DJ30": {
    "bid": 49572.88,
    "ask": 49574.12,
    "spread": 1.24,
    "spread_pct": 0.002501,
    "timestamp": 1778454878.583836
  },
  "TECH100": {
    "bid": 29324.04,
    "ask": 29324.46,
    "spread": 0.42,
    "spread_pct": 0.001432,
    "timestamp": 1778454880.602109
  },
  "XAUUSD": {
    "bid": 4690.07,
    "ask": 4690.27,
    "spread": 0.2,
    "spread_pct": 0.004264,
    "timestamp": 1778454880.2931643
  },
  "UK100": {
    "bid": 10249.84,
    "ask": 10250.66,
    "spread": 0.82,
    "spread_pct": 0.008,
    "timestamp": 1778270030.3714488
  },
  "UKOIL": {
    "bid": 104.385,
    "ask": 104.415,
    "spread": 0.03,
    "spread_pct": 0.028736,
    "timestamp": 1778454871.5165985
  },
  "INTEL": {
    "bid": 124.73,
    "ask": 124.89,
    "spread": 0.16,
    "spread_pct": 0.128195,
    "timestamp": 1778270030.4008458
  },
  "JPN225": {
    "bid": 63590.55,
    "ask": 63599.45,
    "spread": 8.9,
    "spread_pct": 0.013995,
    "timestamp": 1778270029.2987144
  },
  "NZDUSD": {
    "bid": 0.59491,
    "ask": 0.595,
    "spread": 9e-05,
    "spread_pct": 0.015127,
    "timestamp": 1778454871.259362
  },
  "NFLX": {
    "bid": 87.5,
    "ask": 87.66,
    "spread": 0.16,
    "spread_pct": 0.18269,
    "timestamp": 1778454881.160492
  },
  "AMD": {
    "bid": 458.62,
    "ask": 459.08,
    "spread": 0.46,
    "spread_pct": 0.100251,
    "timestamp": 1778454881.1605837
  },
  "GER30": {
    "bid": 24450.95,
    "ask": 24452.05,
    "spread": 1.1,
    "spread_pct": 0.004499,
    "timestamp": 1778270029.1098595
  },
  "XAGUSD": {
    "bid": 80.057,
    "ask": 80.158,
    "spread": 0.101,
    "spread_pct": 0.126081,
    "timestamp": 1778454880.132672
  },
  "PLTR": {
    "bid": 136.78,
    "ask": 136.92,
    "spread": 0.14,
    "spread_pct": 0.102302,
    "timestamp": 1778454881.189773
  },
  "GOOG": {
    "bid": 401.27,
    "ask": 401.73,
    "spread": 0.46,
    "spread_pct": 0.11457,
    "timestamp": 1778270030.3699174
  },
  "NGAS": {
    "bid": 2.7924,
    "ask": 2.8046,
    "spread": 0.0122,
    "spread_pct": 0.435948,
    "timestamp": 1778454878.67092
  },
  "SP500": {
    "bid": 7406.45,
    "ask": 7406.8,
    "spread": 0.35,
    "spread_pct": 0.004725,
    "timestamp": 1778454880.2305326
  },
  "EURUSD": {
    "bid": 1.17641,
    "ask": 1.17652,
    "spread": 0.00011,
    "spread_pct": 0.00935,
    "timestamp": 1778454878.011405
  },
  "NVIDIA": {
    "bid": 214.87,
    "ask": 215.17,
    "spread": 0.3,
    "spread_pct": 0.139522,
    "timestamp": 1778270030.6704366
  },
  "USOIL": {
    "bid": 98.298,
    "ask": 98.332,
    "spread": 0.034,
    "spread_pct": 0.034583,
    "timestamp": 1778454878.6707666
  },
  "TSLA": {
    "bid": 426.66,
    "ask": 427.17,
    "spread": 0.51,
    "spread_pct": 0.119462,
    "timestamp": 1778454881.2573273
  },
  "AMZN": {
    "bid": 273.08,
    "ask": 273.35,
    "spread": 0.27,
    "spread_pct": 0.098823,
    "timestamp": 1778454880.2023993
  },
  "GBPUSD": {
    "bid": 1.35903,
    "ask": 1.35914,
    "spread": 0.00011,
    "spread_pct": 0.008094,
    "timestamp": 1778454868.1264613
  },
  "AUDUSD": {
    "bid": 0.72338,
    "ask": 0.72347,
    "spread": 9e-05,
    "spread_pct": 0.012441,
    "timestamp": 1778454880.709842
  },
  "TSM": {
    "bid": 411.41,
    "ask": 411.82,
    "spread": 0.41,
    "spread_pct": 0.099608,
    "timestamp": 1778454880.1926594
  },
  "MSTR": {
    "bid": 193.33,
    "ask": 193.52,
    "spread": 0.19,
    "spread_pct": 0.098229,
    "timestamp": 1778454880.1836658
  },
  "XPTUSD": {
    "bid": 2028.53,
    "ask": 2038.73,
    "spread": 10.2,
    "spread_pct": 0.501566,
    "timestamp": 1778454878.745609
  },
  "COST": {
    "bid": 1011.12,
    "ask": 1012.15,
    "spread": 1.03,
    "spread_pct": 0.101815,
    "timestamp": 1778451929.2360344
  },
  "XALUSD": {
    "bid": 3495.06,
    "ask": 3510.34,
    "spread": 15.28,
    "spread_pct": 0.436235,
    "timestamp": 1778260227.2062135
  },
  "XPDUSD": {
    "bid": 1472.89,
    "ask": 1480.41,
    "spread": 7.52,
    "spread_pct": 0.509261,
    "timestamp": 1778454880.858434
  }
}