{
  "AAPL": {
    "bid": 280.25,
    "ask": 280.53,
    "spread": 0.28,
    "spread_pct": 0.099861,
    "timestamp": 1777852837.3085694
  },
  "COPPER": {
    "bid": 597.63,
    "ask": 598.03,
    "spread": 0.4,
    "spread_pct": 0.066909,
    "timestamp": 1777852837.1989605
  },
  "META": {
    "bid": 609.33,
    "ask": 609.94,
    "spread": 0.61,
    "spread_pct": 0.10006,
    "timestamp": 1777852837.3398871
  },
  "MSFT": {
    "bid": 414.63,
    "ask": 415.04,
    "spread": 0.41,
    "spread_pct": 0.098834,
    "timestamp": 1777852837.1990392
  },
  "ORCL": {
    "bid": 173.06,
    "ask": 173.41,
    "spread": 0.35,
    "spread_pct": 0.202038,
    "timestamp": 1777852837.2415032
  },
  "DJ30": {
    "bid": 49690.41,
    "ask": 49691.59,
    "spread": 1.18,
    "spread_pct": 0.002375,
    "timestamp": 1777852837.1986651
  },
  "TECH100": {
    "bid": 27812.78,
    "ask": 27813.22,
    "spread": 0.44,
    "spread_pct": 0.001582,
    "timestamp": 1777852837.3822956
  },
  "XAUUSD": {
    "bid": 4610.69,
    "ask": 4610.89,
    "spread": 0.2,
    "spread_pct": 0.004338,
    "timestamp": 1777852835.753623
  },
  "UK100": {
    "bid": 10381.58,
    "ask": 10382.42,
    "spread": 0.84,
    "spread_pct": 0.008091,
    "timestamp": 1777662373.31854
  },
  "UKOIL": {
    "bid": 108.412,
    "ask": 108.448,
    "spread": 0.036,
    "spread_pct": 0.033201,
    "timestamp": 1777852837.294264
  },
  "INTEL": {
    "bid": 99.18,
    "ask": 99.28,
    "spread": 0.1,
    "spread_pct": 0.100776,
    "timestamp": 1777662375.1315198
  },
  "JPN225": {
    "bid": 59415.72,
    "ask": 59424.28,
    "spread": 8.56,
    "spread_pct": 0.014406,
    "timestamp": 1777852837.62999
  },
  "NZDUSD": {
    "bid": 0.59027,
    "ask": 0.59035,
    "spread": 8e-05,
    "spread_pct": 0.013552,
    "timestamp": 1777852837.4475262
  },
  "NFLX": {
    "bid": 92.41,
    "ask": 92.93,
    "spread": 0.52,
    "spread_pct": 0.561131,
    "timestamp": 1777852837.2078958
  },
  "AMD": {
    "bid": 365.6,
    "ask": 366.24,
    "spread": 0.64,
    "spread_pct": 0.174902,
    "timestamp": 1777852837.2740495
  },
  "GER30": {
    "bid": 24426.99,
    "ask": 24428.01,
    "spread": 1.02,
    "spread_pct": 0.004176,
    "timestamp": 1777575685.1484106
  },
  "XAGUSD": {
    "bid": 75.514,
    "ask": 75.614,
    "spread": 0.1,
    "spread_pct": 0.132338,
    "timestamp": 1777852837.447361
  },
  "PLTR": {
    "bid": 145.55,
    "ask": 145.7,
    "spread": 0.15,
    "spread_pct": 0.103004,
    "timestamp": 1777852837.1742241
  },
  "GOOG": {
    "bid": 384.41,
    "ask": 384.81,
    "spread": 0.4,
    "spread_pct": 0.104001,
    "timestamp": 1777662374.3601058
  },
  "NGAS": {
    "bid": 2.8283,
    "ask": 2.8407,
    "spread": 0.0124,
    "spread_pct": 0.437467,
    "timestamp": 1777852837.174321
  },
  "SP500": {
    "bid": 7259.84,
    "ask": 7260.16,
    "spread": 0.32,
    "spread_pct": 0.004408,
    "timestamp": 1777852837.198786
  },
  "EURUSD": {
    "bid": 1.17238,
    "ask": 1.17249,
    "spread": 0.00011,
    "spread_pct": 0.009382,
    "timestamp": 1777852837.1414971
  },
  "NVIDIA": {
    "bid": 198.35,
    "ask": 198.71,
    "spread": 0.36,
    "spread_pct": 0.181333,
    "timestamp": 1777662374.2304685
  },
  "USOIL": {
    "bid": 101.0,
    "ask": 102.86,
    "spread": 1.86,
    "spread_pct": 1.824782,
    "timestamp": 1777852837.1988728
  },
  "TSLA": {
    "bid": 392.94,
    "ask": 393.41,
    "spread": 0.47,
    "spread_pct": 0.11954,
    "timestamp": 1777852837.188308
  },
  "AMZN": {
    "bid": 268.12,
    "ask": 268.39,
    "spread": 0.27,
    "spread_pct": 0.100651,
    "timestamp": 1777852837.1169302
  },
  "GBPUSD": {
    "bid": 1.35785,
    "ask": 1.35795,
    "spread": 0.0001,
    "spread_pct": 0.007364,
    "timestamp": 1777852837.4111204
  },
  "AUDUSD": {
    "bid": 0.72068,
    "ask": 0.72078,
    "spread": 0.0001,
    "spread_pct": 0.013875,
    "timestamp": 1777852837.41127
  },
  "TSM": {
    "bid": 399.83,
    "ask": 400.23,
    "spread": 0.4,
    "spread_pct": 0.099993,
    "timestamp": 1777852837.3715508
  },
  "MSTR": {
    "bid": 177.12,
    "ask": 177.3,
    "spread": 0.18,
    "spread_pct": 0.101574,
    "timestamp": 1777852837.151616
  },
  "XPTUSD": {
    "bid": 1999.94,
    "ask": 2009.86,
    "spread": 9.92,
    "spread_pct": 0.494788,
    "timestamp": 1777852837.705911
  },
  "COST": {
    "bid": 1013.11,
    "ask": 1014.12,
    "spread": 1.01,
    "spread_pct": 0.099643,
    "timestamp": 1777852837.3495688
  },
  "XALUSD": {
    "bid": 3502.44,
    "ask": 3517.91,
    "spread": 15.47,
    "spread_pct": 0.440719,
    "timestamp": 1777658171.7225325
  },
  "XPDUSD": {
    "bid": 1529.87,
    "ask": 1537.37,
    "spread": 7.5,
    "spread_pct": 0.489039,
    "timestamp": 1777852837.1079981
  }
}