{
  "AAPL": {
    "bid": 296.19,
    "ask": 296.49,
    "spread": 0.3,
    "spread_pct": 0.101235,
    "timestamp": 1778842868.3329992
  },
  "COPPER": {
    "bid": 658.63,
    "ask": 659.03,
    "spread": 0.4,
    "spread_pct": 0.060714,
    "timestamp": 1778745929.310647
  },
  "META": {
    "bid": 609.97,
    "ask": 610.58,
    "spread": 0.61,
    "spread_pct": 0.099955,
    "timestamp": 1778842868.310328
  },
  "MSFT": {
    "bid": 411.97,
    "ask": 412.38,
    "spread": 0.41,
    "spread_pct": 0.099472,
    "timestamp": 1778842868.3104405
  },
  "ORCL": {
    "bid": 192.1,
    "ask": 192.44,
    "spread": 0.34,
    "spread_pct": 0.176835,
    "timestamp": 1778842868.1164865
  },
  "DJ30": {
    "bid": 49947.1,
    "ask": 49948.4,
    "spread": 1.3,
    "spread_pct": 0.002603,
    "timestamp": 1778842868.2476337
  },
  "TECH100": {
    "bid": 29349.77,
    "ask": 29350.23,
    "spread": 0.46,
    "spread_pct": 0.001567,
    "timestamp": 1778842868.1020849
  },
  "XAUUSD": {
    "bid": 4568.06,
    "ask": 4568.28,
    "spread": 0.22,
    "spread_pct": 0.004816,
    "timestamp": 1778842868.102166
  },
  "UK100": {
    "bid": 10261.65,
    "ask": 10262.43,
    "spread": 0.78,
    "spread_pct": 0.007601,
    "timestamp": 1778842868.5568812
  },
  "UKOIL": {
    "bid": 107.425,
    "ask": 107.455,
    "spread": 0.03,
    "spread_pct": 0.027923,
    "timestamp": 1778842867.6736505
  },
  "INTEL": {
    "bid": 116.42,
    "ask": 116.52,
    "spread": 0.1,
    "spread_pct": 0.085859,
    "timestamp": 1778784741.5946746
  },
  "JPN225": {
    "bid": 62162.86,
    "ask": 62172.14,
    "spread": 9.28,
    "spread_pct": 0.014927,
    "timestamp": 1778842868.3568468
  },
  "NZDUSD": {
    "bid": 0.58606,
    "ask": 0.58617,
    "spread": 0.00011,
    "spread_pct": 0.018768,
    "timestamp": 1778842868.2466278
  },
  "NFLX": {
    "bid": 86.88,
    "ask": 87.01,
    "spread": 0.13,
    "spread_pct": 0.14952,
    "timestamp": 1778842868.3197916
  },
  "AMD": {
    "bid": 437.16,
    "ask": 437.6,
    "spread": 0.44,
    "spread_pct": 0.100599,
    "timestamp": 1778842868.2661605
  },
  "GER30": {
    "bid": 24210.9,
    "ask": 24211.9,
    "spread": 1.0,
    "spread_pct": 0.00413,
    "timestamp": 1778842868.311118
  },
  "XAGUSD": {
    "bid": 78.848,
    "ask": 78.951,
    "spread": 0.103,
    "spread_pct": 0.130546,
    "timestamp": 1778842868.3555477
  },
  "PLTR": {
    "bid": 132.62,
    "ask": 132.75,
    "spread": 0.13,
    "spread_pct": 0.097976,
    "timestamp": 1778842868.2790415
  },
  "GOOG": {
    "bid": 399.93,
    "ask": 400.37,
    "spread": 0.44,
    "spread_pct": 0.109959,
    "timestamp": 1778784739.2200098
  },
  "NGAS": {
    "bid": 2.9134,
    "ask": 2.9266,
    "spread": 0.0132,
    "spread_pct": 0.452055,
    "timestamp": 1778842868.4303946
  },
  "SP500": {
    "bid": 7465.05,
    "ask": 7465.37,
    "spread": 0.32,
    "spread_pct": 0.004287,
    "timestamp": 1778842868.150761
  },
  "EURUSD": {
    "bid": 1.16486,
    "ask": 1.16495,
    "spread": 9e-05,
    "spread_pct": 0.007726,
    "timestamp": 1778842868.4306064
  },
  "NVIDIA": {
    "bid": 235.8,
    "ask": 236.12,
    "spread": 0.32,
    "spread_pct": 0.135616,
    "timestamp": 1778784740.8841429
  },
  "USOIL": {
    "bid": 98.897,
    "ask": 98.929,
    "spread": 0.032,
    "spread_pct": 0.032352,
    "timestamp": 1778842868.398863
  },
  "TSLA": {
    "bid": 436.06,
    "ask": 436.58,
    "spread": 0.52,
    "spread_pct": 0.119179,
    "timestamp": 1778842868.3460412
  },
  "AMZN": {
    "bid": 263.88,
    "ask": 264.14,
    "spread": 0.26,
    "spread_pct": 0.098481,
    "timestamp": 1778842868.355293
  },
  "GBPUSD": {
    "bid": 1.33834,
    "ask": 1.33845,
    "spread": 0.00011,
    "spread_pct": 0.008219,
    "timestamp": 1778842869.043304
  },
  "AUDUSD": {
    "bid": 0.71729,
    "ask": 0.7174,
    "spread": 0.00011,
    "spread_pct": 0.015334,
    "timestamp": 1778842868.7386286
  },
  "TSM": {
    "bid": 408.93,
    "ask": 409.34,
    "spread": 0.41,
    "spread_pct": 0.100211,
    "timestamp": 1778842868.3557885
  },
  "MSTR": {
    "bid": 183.46,
    "ask": 183.64,
    "spread": 0.18,
    "spread_pct": 0.098066,
    "timestamp": 1778842868.2124312
  },
  "XPTUSD": {
    "bid": 2008.51,
    "ask": 2018.35,
    "spread": 9.84,
    "spread_pct": 0.488718,
    "timestamp": 1778842867.482225
  },
  "COST": {
    "bid": 1042.83,
    "ask": 1043.87,
    "spread": 1.04,
    "spread_pct": 0.099679,
    "timestamp": 1778842868.3667471
  },
  "XALUSD": {
    "bid": 3585.13,
    "ask": 3600.62,
    "spread": 15.49,
    "spread_pct": 0.431131,
    "timestamp": 1778842862.3461437
  },
  "XPDUSD": {
    "bid": 1432.68,
    "ask": 1440.02,
    "spread": 7.34,
    "spread_pct": 0.511018,
    "timestamp": 1778842868.10197
  }
}