{
  "AAPL": {
    "bid": 296.97,
    "ask": 297.27,
    "spread": 0.3,
    "spread_pct": 0.100969,
    "timestamp": 1778686079.3527164
  },
  "COPPER": {
    "bid": 665.88,
    "ask": 666.28,
    "spread": 0.4,
    "spread_pct": 0.060053,
    "timestamp": 1778686079.931804
  },
  "META": {
    "bid": 605.54,
    "ask": 606.36,
    "spread": 0.82,
    "spread_pct": 0.135325,
    "timestamp": 1778686079.199646
  },
  "MSFT": {
    "bid": 403.42,
    "ask": 403.82,
    "spread": 0.4,
    "spread_pct": 0.099103,
    "timestamp": 1778686079.230556
  },
  "ORCL": {
    "bid": 188.13,
    "ask": 188.29,
    "spread": 0.16,
    "spread_pct": 0.085011,
    "timestamp": 1778686079.444385
  },
  "DJ30": {
    "bid": 49626.5,
    "ask": 49627.5,
    "spread": 1.0,
    "spread_pct": 0.002015,
    "timestamp": 1778686079.288823
  },
  "TECH100": {
    "bid": 29288.75,
    "ask": 29289.15,
    "spread": 0.4,
    "spread_pct": 0.001366,
    "timestamp": 1778686079.3533454
  },
  "XAUUSD": {
    "bid": 4689.65,
    "ask": 4689.83,
    "spread": 0.18,
    "spread_pct": 0.003838,
    "timestamp": 1778686079.1997206
  },
  "UK100": {
    "bid": 10299.85,
    "ask": 10300.65,
    "spread": 0.8,
    "spread_pct": 0.007767,
    "timestamp": 1778686079.6880922
  },
  "UKOIL": {
    "bid": 107.223,
    "ask": 107.257,
    "spread": 0.034,
    "spread_pct": 0.031705,
    "timestamp": 1778686079.604341
  },
  "INTEL": {
    "bid": 120.96,
    "ask": 121.1,
    "spread": 0.14,
    "spread_pct": 0.115674,
    "timestamp": 1778686079.1982157
  },
  "JPN225": {
    "bid": 63086.01,
    "ask": 63093.99,
    "spread": 7.98,
    "spread_pct": 0.012649,
    "timestamp": 1778686076.7710779
  },
  "NZDUSD": {
    "bid": 0.59349,
    "ask": 0.5936,
    "spread": 0.00011,
    "spread_pct": 0.018533,
    "timestamp": 1778686078.2701461
  },
  "NFLX": {
    "bid": 86.53,
    "ask": 87.55,
    "spread": 1.02,
    "spread_pct": 1.171875,
    "timestamp": 1778686079.5345902
  },
  "AMD": {
    "bid": 444.32,
    "ask": 444.47,
    "spread": 0.15,
    "spread_pct": 0.033754,
    "timestamp": 1778686079.3539834
  },
  "GER30": {
    "bid": 24151.56,
    "ask": 24152.74,
    "spread": 1.18,
    "spread_pct": 0.004886,
    "timestamp": 1778686079.466785
  },
  "XAGUSD": {
    "bid": 88.279,
    "ask": 88.384,
    "spread": 0.105,
    "spread_pct": 0.11887,
    "timestamp": 1778686079.1659417
  },
  "PLTR": {
    "bid": 130.18,
    "ask": 130.36,
    "spread": 0.18,
    "spread_pct": 0.138175,
    "timestamp": 1778686079.3542087
  },
  "GOOG": {
    "bid": 397.09,
    "ask": 397.51,
    "spread": 0.42,
    "spread_pct": 0.105714,
    "timestamp": 1778686078.896353
  },
  "NGAS": {
    "bid": 2.8799,
    "ask": 2.8931,
    "spread": 0.0132,
    "spread_pct": 0.457301,
    "timestamp": 1778686079.806051
  },
  "SP500": {
    "bid": 7434.71,
    "ask": 7435.04,
    "spread": 0.33,
    "spread_pct": 0.004439,
    "timestamp": 1778686079.2728078
  },
  "EURUSD": {
    "bid": 1.17117,
    "ask": 1.17126,
    "spread": 9e-05,
    "spread_pct": 0.007684,
    "timestamp": 1778686079.581771
  },
  "NVIDIA": {
    "bid": 225.7,
    "ask": 226.01,
    "spread": 0.31,
    "spread_pct": 0.137256,
    "timestamp": 1778686079.6129591
  },
  "USOIL": {
    "bid": 97.49,
    "ask": 99.33,
    "spread": 1.84,
    "spread_pct": 1.869729,
    "timestamp": 1778686079.466665
  },
  "TSLA": {
    "bid": 447.77,
    "ask": 448.29,
    "spread": 0.52,
    "spread_pct": 0.116064,
    "timestamp": 1778686079.5344572
  },
  "AMZN": {
    "bid": 266.72,
    "ask": 267.02,
    "spread": 0.3,
    "spread_pct": 0.112414,
    "timestamp": 1778686079.8376665
  },
  "GBPUSD": {
    "bid": 1.3517,
    "ask": 1.35181,
    "spread": 0.00011,
    "spread_pct": 0.008138,
    "timestamp": 1778686079.4072948
  },
  "AUDUSD": {
    "bid": 0.72639,
    "ask": 0.72649,
    "spread": 0.0001,
    "spread_pct": 0.013766,
    "timestamp": 1778686079.886533
  },
  "TSM": {
    "bid": 395.85,
    "ask": 396.32,
    "spread": 0.47,
    "spread_pct": 0.118661,
    "timestamp": 1778686079.9638078
  },
  "MSTR": {
    "bid": 179.3,
    "ask": 179.48,
    "spread": 0.18,
    "spread_pct": 0.10034,
    "timestamp": 1778686079.1984107
  },
  "XPTUSD": {
    "bid": 2170.54,
    "ask": 2180.56,
    "spread": 10.02,
    "spread_pct": 0.460573,
    "timestamp": 1778686077.0810657
  },
  "COST": {
    "bid": 1025.66,
    "ask": 1027.21,
    "spread": 1.55,
    "spread_pct": 0.151008,
    "timestamp": 1778686079.2303953
  },
  "XALUSD": {
    "bid": 3638.57,
    "ask": 3653.78,
    "spread": 15.21,
    "spread_pct": 0.417149,
    "timestamp": 1778686079.7744975
  },
  "XPDUSD": {
    "bid": 1505.61,
    "ask": 1512.99,
    "spread": 7.38,
    "spread_pct": 0.488968,
    "timestamp": 1778686079.198333
  }
}