{
  "AAPL": {
    "bid": 287.26,
    "ask": 287.55,
    "spread": 0.29,
    "spread_pct": 0.100903,
    "timestamp": 1778153195.3409338
  },
  "COPPER": {
    "bid": 621.27,
    "ask": 621.67,
    "spread": 0.4,
    "spread_pct": 0.064364,
    "timestamp": 1778153195.4508793
  },
  "META": {
    "bid": 613.42,
    "ask": 614.03,
    "spread": 0.61,
    "spread_pct": 0.099393,
    "timestamp": 1778153195.2340112
  },
  "MSFT": {
    "bid": 417.4,
    "ask": 417.82,
    "spread": 0.42,
    "spread_pct": 0.100572,
    "timestamp": 1778153195.2467449
  },
  "ORCL": {
    "bid": 199.71,
    "ask": 200.0,
    "spread": 0.29,
    "spread_pct": 0.145105,
    "timestamp": 1778153195.1668503
  },
  "DJ30": {
    "bid": 50107.43,
    "ask": 50108.57,
    "spread": 1.14,
    "spread_pct": 0.002275,
    "timestamp": 1778153195.5482273
  },
  "TECH100": {
    "bid": 28720.65,
    "ask": 28721.1,
    "spread": 0.45,
    "spread_pct": 0.001567,
    "timestamp": 1778153195.5484192
  },
  "XAUUSD": {
    "bid": 4735.29,
    "ask": 4735.49,
    "spread": 0.2,
    "spread_pct": 0.004224,
    "timestamp": 1778153195.6779225
  },
  "UK100": {
    "bid": 10386.4,
    "ask": 10387.1,
    "spread": 0.7,
    "spread_pct": 0.006739,
    "timestamp": 1778153195.6861894
  },
  "UKOIL": {
    "bid": 97.946,
    "ask": 97.984,
    "spread": 0.038,
    "spread_pct": 0.038789,
    "timestamp": 1778153195.678084
  },
  "INTEL": {
    "bid": 112.21,
    "ask": 112.35,
    "spread": 0.14,
    "spread_pct": 0.124688,
    "timestamp": 1778093843.2089787
  },
  "JPN225": {
    "bid": 62760.38,
    "ask": 62769.62,
    "spread": 9.24,
    "spread_pct": 0.014722,
    "timestamp": 1778153191.8408804
  },
  "NZDUSD": {
    "bid": 0.59806,
    "ask": 0.59814,
    "spread": 8e-05,
    "spread_pct": 0.013376,
    "timestamp": 1778153195.1042342
  },
  "NFLX": {
    "bid": 88.35,
    "ask": 88.48,
    "spread": 0.13,
    "spread_pct": 0.147034,
    "timestamp": 1778153195.1374521
  },
  "AMD": {
    "bid": 415.07,
    "ask": 415.49,
    "spread": 0.42,
    "spread_pct": 0.101137,
    "timestamp": 1778153195.3727775
  },
  "GER30": {
    "bid": 24964.99,
    "ask": 24966.01,
    "spread": 1.02,
    "spread_pct": 0.004086,
    "timestamp": 1778153195.1040623
  },
  "XAGUSD": {
    "bid": 80.626,
    "ask": 80.731,
    "spread": 0.105,
    "spread_pct": 0.130146,
    "timestamp": 1778153195.5483265
  },
  "PLTR": {
    "bid": 135.91,
    "ask": 136.05,
    "spread": 0.14,
    "spread_pct": 0.102956,
    "timestamp": 1778153195.3218813
  },
  "GOOG": {
    "bid": 396.65,
    "ask": 397.09,
    "spread": 0.44,
    "spread_pct": 0.110868,
    "timestamp": 1778093843.2086306
  },
  "NGAS": {
    "bid": 2.7074,
    "ask": 2.7196,
    "spread": 0.0122,
    "spread_pct": 0.449604,
    "timestamp": 1778153195.503475
  },
  "SP500": {
    "bid": 7394.45,
    "ask": 7394.8,
    "spread": 0.35,
    "spread_pct": 0.004733,
    "timestamp": 1778153195.503592
  },
  "EURUSD": {
    "bid": 1.17649,
    "ask": 1.17658,
    "spread": 9e-05,
    "spread_pct": 0.00765,
    "timestamp": 1778153195.492816
  },
  "NVIDIA": {
    "bid": 206.89,
    "ask": 207.21,
    "spread": 0.32,
    "spread_pct": 0.154552,
    "timestamp": 1778093843.5791183
  },
  "USOIL": {
    "bid": 91.614,
    "ask": 91.646,
    "spread": 0.032,
    "spread_pct": 0.034923,
    "timestamp": 1778153195.549219
  },
  "TSLA": {
    "bid": 405.81,
    "ask": 406.3,
    "spread": 0.49,
    "spread_pct": 0.120673,
    "timestamp": 1778153195.1669536
  },
  "AMZN": {
    "bid": 276.02,
    "ask": 276.3,
    "spread": 0.28,
    "spread_pct": 0.10139,
    "timestamp": 1778153195.1667142
  },
  "GBPUSD": {
    "bid": 1.36135,
    "ask": 1.36146,
    "spread": 0.00011,
    "spread_pct": 0.00808,
    "timestamp": 1778153195.1691024
  },
  "AUDUSD": {
    "bid": 0.72555,
    "ask": 0.72565,
    "spread": 0.0001,
    "spread_pct": 0.013782,
    "timestamp": 1778153195.4173365
  },
  "TSM": {
    "bid": 418.51,
    "ask": 418.93,
    "spread": 0.42,
    "spread_pct": 0.100306,
    "timestamp": 1778153195.2895937
  },
  "MSTR": {
    "bid": 184.73,
    "ask": 184.91,
    "spread": 0.18,
    "spread_pct": 0.097392,
    "timestamp": 1778153195.168978
  },
  "XPTUSD": {
    "bid": 2076.11,
    "ask": 2086.23,
    "spread": 10.12,
    "spread_pct": 0.486265,
    "timestamp": 1778153195.4929516
  },
  "COST": {
    "bid": 997.4,
    "ask": 998.4,
    "spread": 1.0,
    "spread_pct": 0.10021,
    "timestamp": 1778153195.1815882
  },
  "XALUSD": {
    "bid": 3477.01,
    "ask": 3492.29,
    "spread": 15.28,
    "spread_pct": 0.438495,
    "timestamp": 1778145874.2617679
  },
  "XPDUSD": {
    "bid": 1541.12,
    "ask": 1548.6,
    "spread": 7.48,
    "spread_pct": 0.484186,
    "timestamp": 1778153187.9412925
  }
}