{
  "AAPL": {
    "bid": 278.47,
    "ask": 278.75,
    "spread": 0.28,
    "spread_pct": 0.100499,
    "timestamp": 1777618045.1597145
  },
  "COPPER": {
    "bid": 599.19,
    "ask": 599.57,
    "spread": 0.38,
    "spread_pct": 0.063399,
    "timestamp": 1777618045.6692033
  },
  "META": {
    "bid": 614.39,
    "ask": 615.0,
    "spread": 0.61,
    "spread_pct": 0.099236,
    "timestamp": 1777618045.1399274
  },
  "MSFT": {
    "bid": 409.53,
    "ask": 409.94,
    "spread": 0.41,
    "spread_pct": 0.100065,
    "timestamp": 1777618045.2608151
  },
  "ORCL": {
    "bid": 163.3,
    "ask": 163.5,
    "spread": 0.2,
    "spread_pct": 0.122399,
    "timestamp": 1777618045.3014636
  },
  "DJ30": {
    "bid": 49877.35,
    "ask": 49878.65,
    "spread": 1.3,
    "spread_pct": 0.002606,
    "timestamp": 1777618045.1721065
  },
  "TECH100": {
    "bid": 27595.28,
    "ask": 27595.72,
    "spread": 0.44,
    "spread_pct": 0.001594,
    "timestamp": 1777618045.171865
  },
  "XAUUSD": {
    "bid": 4594.09,
    "ask": 4594.29,
    "spread": 0.2,
    "spread_pct": 0.004353,
    "timestamp": 1777618045.2478654
  },
  "UK100": {
    "bid": 10349.08,
    "ask": 10349.92,
    "spread": 0.84,
    "spread_pct": 0.008116,
    "timestamp": 1777618041.2216167
  },
  "UKOIL": {
    "bid": 112.334,
    "ask": 112.366,
    "spread": 0.032,
    "spread_pct": 0.028482,
    "timestamp": 1777618045.4315133
  },
  "INTEL": {
    "bid": 92.57,
    "ask": 92.75,
    "spread": 0.18,
    "spread_pct": 0.194259,
    "timestamp": 1777575686.2138278
  },
  "JPN225": {
    "bid": 59203.6,
    "ask": 59211.4,
    "spread": 7.8,
    "spread_pct": 0.013174,
    "timestamp": 1777618045.1720064
  },
  "NZDUSD": {
    "bid": 0.58906,
    "ask": 0.58915,
    "spread": 9e-05,
    "spread_pct": 0.015277,
    "timestamp": 1777618045.0936332
  },
  "NFLX": {
    "bid": 93.73,
    "ask": 93.87,
    "spread": 0.14,
    "spread_pct": 0.149254,
    "timestamp": 1777618045.224784
  },
  "AMD": {
    "bid": 352.93,
    "ask": 353.74,
    "spread": 0.81,
    "spread_pct": 0.229244,
    "timestamp": 1777618045.1823823
  },
  "GER30": {
    "bid": 24426.99,
    "ask": 24428.01,
    "spread": 1.02,
    "spread_pct": 0.004176,
    "timestamp": 1777575685.1484106
  },
  "XAGUSD": {
    "bid": 73.478,
    "ask": 73.581,
    "spread": 0.103,
    "spread_pct": 0.14008,
    "timestamp": 1777618045.1495388
  },
  "PLTR": {
    "bid": 140.64,
    "ask": 140.78,
    "spread": 0.14,
    "spread_pct": 0.099495,
    "timestamp": 1777618045.290445
  },
  "GOOG": {
    "bid": 381.5,
    "ask": 381.92,
    "spread": 0.42,
    "spread_pct": 0.110031,
    "timestamp": 1777575686.4626043
  },
  "NGAS": {
    "bid": 2.8049,
    "ask": 2.8181,
    "spread": 0.0132,
    "spread_pct": 0.4695,
    "timestamp": 1777618045.6216745
  },
  "SP500": {
    "bid": 7251.46,
    "ask": 7251.79,
    "spread": 0.33,
    "spread_pct": 0.004551,
    "timestamp": 1777618045.4834378
  },
  "EURUSD": {
    "bid": 1.17286,
    "ask": 1.17297,
    "spread": 0.00011,
    "spread_pct": 0.009378,
    "timestamp": 1777618045.6693482
  },
  "NVIDIA": {
    "bid": 201.78,
    "ask": 202.11,
    "spread": 0.33,
    "spread_pct": 0.163411,
    "timestamp": 1777575686.2136922
  },
  "USOIL": {
    "bid": 105.52,
    "ask": 107.35,
    "spread": 1.83,
    "spread_pct": 1.719359,
    "timestamp": 1777618045.4833462
  },
  "TSLA": {
    "bid": 381.22,
    "ask": 381.68,
    "spread": 0.46,
    "spread_pct": 0.120592,
    "timestamp": 1777618045.214977
  },
  "AMZN": {
    "bid": 264.75,
    "ask": 265.01,
    "spread": 0.26,
    "spread_pct": 0.098158,
    "timestamp": 1777618045.3340232
  },
  "GBPUSD": {
    "bid": 1.36039,
    "ask": 1.3605,
    "spread": 0.00011,
    "spread_pct": 0.008086,
    "timestamp": 1777618045.3776665
  },
  "AUDUSD": {
    "bid": 0.71911,
    "ask": 0.71919,
    "spread": 8e-05,
    "spread_pct": 0.011124,
    "timestamp": 1777618045.4830933
  },
  "TSM": {
    "bid": 395.7,
    "ask": 396.1,
    "spread": 0.4,
    "spread_pct": 0.101036,
    "timestamp": 1777618045.0935261
  },
  "MSTR": {
    "bid": 167.12,
    "ask": 167.29,
    "spread": 0.17,
    "spread_pct": 0.101672,
    "timestamp": 1777618045.246052
  },
  "XPTUSD": {
    "bid": 1971.76,
    "ask": 1981.74,
    "spread": 9.98,
    "spread_pct": 0.504869,
    "timestamp": 1777618045.093713
  },
  "COST": {
    "bid": 1008.39,
    "ask": 1018.21,
    "spread": 9.82,
    "spread_pct": 0.969111,
    "timestamp": 1777618045.1932101
  },
  "XALUSD": {
    "bid": 3479.09,
    "ask": 3494.46,
    "spread": 15.37,
    "spread_pct": 0.440808,
    "timestamp": 1777618026.8472776
  },
  "XPDUSD": {
    "bid": 1524.96,
    "ask": 1532.49,
    "spread": 7.53,
    "spread_pct": 0.492567,
    "timestamp": 1777618045.483516
  }
}