{
  "AAPL": {
    "bid": 301.17,
    "ask": 301.47,
    "spread": 0.3,
    "spread_pct": 0.099562,
    "timestamp": 1779332103.1523213
  },
  "COPPER": {
    "bid": 658.63,
    "ask": 659.03,
    "spread": 0.4,
    "spread_pct": 0.060714,
    "timestamp": 1778745929.310647
  },
  "META": {
    "bid": 604.86,
    "ask": 605.47,
    "spread": 0.61,
    "spread_pct": 0.100799,
    "timestamp": 1779332103.17453
  },
  "MSFT": {
    "bid": 418.87,
    "ask": 419.29,
    "spread": 0.42,
    "spread_pct": 0.10022,
    "timestamp": 1779332103.2883663
  },
  "ORCL": {
    "bid": 187.83,
    "ask": 188.02,
    "spread": 0.19,
    "spread_pct": 0.101104,
    "timestamp": 1779332103.2876327
  },
  "DJ30": {
    "bid": 50010.4,
    "ask": 50011.6,
    "spread": 1.2,
    "spread_pct": 0.002399,
    "timestamp": 1779332102.2201371
  },
  "TECH100": {
    "bid": 29329.31,
    "ask": 29329.73,
    "spread": 0.42,
    "spread_pct": 0.001432,
    "timestamp": 1779332103.1051037
  },
  "XAUUSD": {
    "bid": 4534.3,
    "ask": 4534.48,
    "spread": 0.18,
    "spread_pct": 0.00397,
    "timestamp": 1779332103.4571872
  },
  "UK100": {
    "bid": 10428.0,
    "ask": 10428.76,
    "spread": 0.76,
    "spread_pct": 0.007288,
    "timestamp": 1779332102.2202504
  },
  "UKOIL": {
    "bid": 105.92,
    "ask": 105.954,
    "spread": 0.034,
    "spread_pct": 0.032095,
    "timestamp": 1779332102.730461
  },
  "INTEL": {
    "bid": 118.43,
    "ask": 118.55,
    "spread": 0.12,
    "spread_pct": 0.101274,
    "timestamp": 1779303866.1968431
  },
  "JPN225": {
    "bid": 61815.0,
    "ask": 61855.0,
    "spread": 40.0,
    "spread_pct": 0.064688,
    "timestamp": 1779332102.9643743
  },
  "NZDUSD": {
    "bid": 0.58527,
    "ask": 0.58535,
    "spread": 8e-05,
    "spread_pct": 0.013668,
    "timestamp": 1779332100.6556275
  },
  "NFLX": {
    "bid": 87.76,
    "ask": 87.89,
    "spread": 0.13,
    "spread_pct": 0.148022,
    "timestamp": 1779332103.1515915
  },
  "AMD": {
    "bid": 446.24,
    "ask": 446.69,
    "spread": 0.45,
    "spread_pct": 0.100792,
    "timestamp": 1779332103.3138642
  },
  "GER30": {
    "bid": 24794.35,
    "ask": 24795.45,
    "spread": 1.1,
    "spread_pct": 0.004436,
    "timestamp": 1779332103.1768656
  },
  "XAGUSD": {
    "bid": 75.238,
    "ask": 75.339,
    "spread": 0.101,
    "spread_pct": 0.134151,
    "timestamp": 1779332103.3433604
  },
  "PLTR": {
    "bid": 136.07,
    "ask": 136.21,
    "spread": 0.14,
    "spread_pct": 0.102835,
    "timestamp": 1779332103.1188564
  },
  "GOOG": {
    "bid": 387.28,
    "ask": 387.72,
    "spread": 0.44,
    "spread_pct": 0.113548,
    "timestamp": 1779303862.4028034
  },
  "NGAS": {
    "bid": 3.1712,
    "ask": 3.184,
    "spread": 0.0128,
    "spread_pct": 0.40282,
    "timestamp": 1779332097.716354
  },
  "SP500": {
    "bid": 7435.73,
    "ask": 7436.07,
    "spread": 0.34,
    "spread_pct": 0.004572,
    "timestamp": 1779332101.4168868
  },
  "EURUSD": {
    "bid": 1.16172,
    "ask": 1.16182,
    "spread": 0.0001,
    "spread_pct": 0.008608,
    "timestamp": 1779332103.2281263
  },
  "NVIDIA": {
    "bid": 222.26,
    "ask": 222.59,
    "spread": 0.33,
    "spread_pct": 0.148365,
    "timestamp": 1779303864.8640544
  },
  "USOIL": {
    "bid": 99.149,
    "ask": 99.187,
    "spread": 0.038,
    "spread_pct": 0.038319,
    "timestamp": 1779332102.9642193
  },
  "TSLA": {
    "bid": 423.48,
    "ask": 423.99,
    "spread": 0.51,
    "spread_pct": 0.120358,
    "timestamp": 1779332103.2629132
  },
  "AMZN": {
    "bid": 264.46,
    "ask": 264.72,
    "spread": 0.26,
    "spread_pct": 0.098265,
    "timestamp": 1779332103.134589
  },
  "GBPUSD": {
    "bid": 1.34249,
    "ask": 1.3426,
    "spread": 0.00011,
    "spread_pct": 0.008193,
    "timestamp": 1779332102.964433
  },
  "AUDUSD": {
    "bid": 0.71047,
    "ask": 0.71058,
    "spread": 0.00011,
    "spread_pct": 0.015482,
    "timestamp": 1779332103.2015824
  },
  "TSM": {
    "bid": 403.17,
    "ask": 403.57,
    "spread": 0.4,
    "spread_pct": 0.099165,
    "timestamp": 1779332103.105171
  },
  "MSTR": {
    "bid": 167.43,
    "ask": 167.6,
    "spread": 0.17,
    "spread_pct": 0.101483,
    "timestamp": 1779332103.2440586
  },
  "XPTUSD": {
    "bid": 1934.03,
    "ask": 1944.29,
    "spread": 10.26,
    "spread_pct": 0.529095,
    "timestamp": 1779332103.2739906
  },
  "COST": {
    "bid": 1070.55,
    "ask": 1073.63,
    "spread": 3.08,
    "spread_pct": 0.287289,
    "timestamp": 1779332103.13468
  },
  "XALUSD": {
    "bid": 3616.05,
    "ask": 3631.4,
    "spread": 15.35,
    "spread_pct": 0.423597,
    "timestamp": 1779332096.6279097
  },
  "XPDUSD": {
    "bid": 1363.99,
    "ask": 1371.21,
    "spread": 7.22,
    "spread_pct": 0.527932,
    "timestamp": 1779332103.1049764
  }
}