{
  "AAPL": {
    "bid": 268.49,
    "ask": 268.76,
    "spread": 0.27,
    "spread_pct": 0.100512,
    "timestamp": 1777500199.250226
  },
  "COPPER": {
    "bid": 592.47,
    "ask": 592.87,
    "spread": 0.4,
    "spread_pct": 0.067491,
    "timestamp": 1777500193.4871094
  },
  "META": {
    "bid": 670.79,
    "ask": 671.61,
    "spread": 0.82,
    "spread_pct": 0.122169,
    "timestamp": 1777492423.5684698
  },
  "MSFT": {
    "bid": 423.3,
    "ask": 423.44,
    "spread": 0.14,
    "spread_pct": 0.033068,
    "timestamp": 1777492423.501683
  },
  "ORCL": {
    "bid": 162.87,
    "ask": 163.03,
    "spread": 0.16,
    "spread_pct": 0.09819,
    "timestamp": 1777500199.3146634
  },
  "DJ30": {
    "bid": 48868.96,
    "ask": 48870.04,
    "spread": 1.08,
    "spread_pct": 0.00221,
    "timestamp": 1777500198.3822715
  },
  "TECH100": {
    "bid": 27294.3,
    "ask": 27294.7,
    "spread": 0.4,
    "spread_pct": 0.001465,
    "timestamp": 1777500199.4953494
  },
  "XAUUSD": {
    "bid": 4543.32,
    "ask": 4543.52,
    "spread": 0.2,
    "spread_pct": 0.004402,
    "timestamp": 1777500199.4533896
  },
  "UK100": {
    "bid": 10202.6,
    "ask": 10203.4,
    "spread": 0.8,
    "spread_pct": 0.007841,
    "timestamp": 1777492423.426601
  },
  "UKOIL": {
    "bid": 111.924,
    "ask": 111.956,
    "spread": 0.032,
    "spread_pct": 0.028587,
    "timestamp": 1777496370.3341587
  },
  "INTEL": {
    "bid": 94.43,
    "ask": 94.55,
    "spread": 0.12,
    "spread_pct": 0.126998,
    "timestamp": 1777492423.3666635
  },
  "JPN225": {
    "bid": 58656.03,
    "ask": 58663.97,
    "spread": 7.94,
    "spread_pct": 0.013536,
    "timestamp": 1777496369.3141978
  },
  "NZDUSD": {
    "bid": 0.58286,
    "ask": 0.58294,
    "spread": 8e-05,
    "spread_pct": 0.013724,
    "timestamp": 1777500199.1843824
  },
  "NFLX": {
    "bid": 91.13,
    "ask": 91.27,
    "spread": 0.14,
    "spread_pct": 0.153509,
    "timestamp": 1777500199.2944572
  },
  "AMD": {
    "bid": 338.52,
    "ask": 338.86,
    "spread": 0.34,
    "spread_pct": 0.100387,
    "timestamp": 1777500199.2052305
  },
  "GER30": {
    "bid": 23951.5,
    "ask": 23961.5,
    "spread": 10.0,
    "spread_pct": 0.041742,
    "timestamp": 1777492423.4437199
  },
  "XAGUSD": {
    "bid": 71.27,
    "ask": 71.372,
    "spread": 0.102,
    "spread_pct": 0.143015,
    "timestamp": 1777500199.133282
  },
  "PLTR": {
    "bid": 137.19,
    "ask": 137.33,
    "spread": 0.14,
    "spread_pct": 0.101996,
    "timestamp": 1777500199.2947004
  },
  "GOOG": {
    "bid": 350.17,
    "ask": 350.55,
    "spread": 0.38,
    "spread_pct": 0.10846,
    "timestamp": 1777492423.2499824
  },
  "NGAS": {
    "bid": 2.6424,
    "ask": 2.6546,
    "spread": 0.0122,
    "spread_pct": 0.460638,
    "timestamp": 1777500189.7399735
  },
  "SP500": {
    "bid": 7164.09,
    "ask": 7164.41,
    "spread": 0.32,
    "spread_pct": 0.004467,
    "timestamp": 1777500199.133224
  },
  "EURUSD": {
    "bid": 1.1672,
    "ask": 1.16729,
    "spread": 9e-05,
    "spread_pct": 0.00771,
    "timestamp": 1777500196.3133905
  },
  "NVIDIA": {
    "bid": 208.83,
    "ask": 209.16,
    "spread": 0.33,
    "spread_pct": 0.157899,
    "timestamp": 1777492423.5693095
  },
  "USOIL": {
    "bid": 108.26,
    "ask": 108.3,
    "spread": 0.04,
    "spread_pct": 0.036941,
    "timestamp": 1777500199.1331565
  },
  "TSLA": {
    "bid": 372.87,
    "ask": 373.41,
    "spread": 0.54,
    "spread_pct": 0.144718,
    "timestamp": 1777492423.1802778
  },
  "AMZN": {
    "bid": 267.66,
    "ask": 267.93,
    "spread": 0.27,
    "spread_pct": 0.100823,
    "timestamp": 1777500199.174623
  },
  "GBPUSD": {
    "bid": 1.34731,
    "ask": 1.34742,
    "spread": 0.00011,
    "spread_pct": 0.008164,
    "timestamp": 1777500192.1477485
  },
  "AUDUSD": {
    "bid": 0.71149,
    "ask": 0.71161,
    "spread": 0.00012,
    "spread_pct": 0.016865,
    "timestamp": 1777500199.5882363
  },
  "TSM": {
    "bid": 392.75,
    "ask": 393.22,
    "spread": 0.47,
    "spread_pct": 0.119597,
    "timestamp": 1777492423.6238737
  },
  "MSTR": {
    "bid": 158.91,
    "ask": 159.07,
    "spread": 0.16,
    "spread_pct": 0.100635,
    "timestamp": 1777500199.2624552
  },
  "XPTUSD": {
    "bid": 1879.58,
    "ask": 1889.45,
    "spread": 9.87,
    "spread_pct": 0.523742,
    "timestamp": 1777500199.4524457
  },
  "COST": {
    "bid": 996.0,
    "ask": 998.99,
    "spread": 2.99,
    "spread_pct": 0.299751,
    "timestamp": 1777500199.3265374
  },
  "XALUSD": {
    "bid": 3500.37,
    "ask": 3515.63,
    "spread": 15.26,
    "spread_pct": 0.435006,
    "timestamp": 1777475548.2499206
  },
  "XPDUSD": {
    "bid": 1459.74,
    "ask": 1467.09,
    "spread": 7.35,
    "spread_pct": 0.50225,
    "timestamp": 1777500199.294564
  }
}