{
  "AAPL": {
    "bid": 287.65,
    "ask": 287.94,
    "spread": 0.29,
    "spread_pct": 0.100766,
    "timestamp": 1778193972.3481224
  },
  "COPPER": {
    "bid": 612.95,
    "ask": 613.35,
    "spread": 0.4,
    "spread_pct": 0.065237,
    "timestamp": 1778193971.5733275
  },
  "META": {
    "bid": 614.88,
    "ask": 615.5,
    "spread": 0.62,
    "spread_pct": 0.100782,
    "timestamp": 1778193972.245566
  },
  "MSFT": {
    "bid": 419.05,
    "ask": 419.47,
    "spread": 0.42,
    "spread_pct": 0.100177,
    "timestamp": 1778193972.1142116
  },
  "ORCL": {
    "bid": 187.94,
    "ask": 188.23,
    "spread": 0.29,
    "spread_pct": 0.154186,
    "timestamp": 1778193972.1141093
  },
  "DJ30": {
    "bid": 49643.35,
    "ask": 49644.65,
    "spread": 1.3,
    "spread_pct": 0.002619,
    "timestamp": 1778193972.124928
  },
  "TECH100": {
    "bid": 28619.02,
    "ask": 28619.48,
    "spread": 0.46,
    "spread_pct": 0.001607,
    "timestamp": 1778193972.124827
  },
  "XAUUSD": {
    "bid": 4682.59,
    "ask": 4682.79,
    "spread": 0.2,
    "spread_pct": 0.004271,
    "timestamp": 1778193972.1573555
  },
  "UK100": {
    "bid": 10232.75,
    "ask": 10236.75,
    "spread": 4.0,
    "spread_pct": 0.039083,
    "timestamp": 1778181255.228766
  },
  "UKOIL": {
    "bid": 102.538,
    "ask": 102.572,
    "spread": 0.034,
    "spread_pct": 0.033153,
    "timestamp": 1778186516.2652545
  },
  "INTEL": {
    "bid": 109.85,
    "ask": 110.01,
    "spread": 0.16,
    "spread_pct": 0.145547,
    "timestamp": 1778181256.3747072
  },
  "JPN225": {
    "bid": 62130.65,
    "ask": 62139.35,
    "spread": 8.7,
    "spread_pct": 0.014002,
    "timestamp": 1778186515.9625173
  },
  "NZDUSD": {
    "bid": 0.5936,
    "ask": 0.59372,
    "spread": 0.00012,
    "spread_pct": 0.020214,
    "timestamp": 1778193971.3098886
  },
  "NFLX": {
    "bid": 88.44,
    "ask": 88.57,
    "spread": 0.13,
    "spread_pct": 0.146884,
    "timestamp": 1778193972.3602042
  },
  "AMD": {
    "bid": 406.87,
    "ask": 407.28,
    "spread": 0.41,
    "spread_pct": 0.100719,
    "timestamp": 1778193972.3482206
  },
  "GER30": {
    "bid": 24574.87,
    "ask": 24576.13,
    "spread": 1.26,
    "spread_pct": 0.005127,
    "timestamp": 1778181255.7407374
  },
  "XAGUSD": {
    "bid": 78.489,
    "ask": 78.592,
    "spread": 0.103,
    "spread_pct": 0.131143,
    "timestamp": 1778193972.245864
  },
  "PLTR": {
    "bid": 135.84,
    "ask": 135.98,
    "spread": 0.14,
    "spread_pct": 0.103009,
    "timestamp": 1778193972.318865
  },
  "GOOG": {
    "bid": 395.86,
    "ask": 396.26,
    "spread": 0.4,
    "spread_pct": 0.100995,
    "timestamp": 1778181255.3544738
  },
  "NGAS": {
    "bid": 2.7807,
    "ask": 2.7933,
    "spread": 0.0126,
    "spread_pct": 0.452099,
    "timestamp": 1778193960.7659297
  },
  "SP500": {
    "bid": 7350.82,
    "ask": 7351.18,
    "spread": 0.36,
    "spread_pct": 0.004897,
    "timestamp": 1778193972.4143984
  },
  "EURUSD": {
    "bid": 1.17261,
    "ask": 1.17272,
    "spread": 0.00011,
    "spread_pct": 0.00938,
    "timestamp": 1778193971.2985094
  },
  "NVIDIA": {
    "bid": 212.53,
    "ask": 212.85,
    "spread": 0.32,
    "spread_pct": 0.150454,
    "timestamp": 1778181256.3437207
  },
  "USOIL": {
    "bid": 96.44,
    "ask": 98.31,
    "spread": 1.87,
    "spread_pct": 1.920411,
    "timestamp": 1778193972.2457247
  },
  "TSLA": {
    "bid": 408.72,
    "ask": 409.21,
    "spread": 0.49,
    "spread_pct": 0.119815,
    "timestamp": 1778193972.2568681
  },
  "AMZN": {
    "bid": 270.41,
    "ask": 270.68,
    "spread": 0.27,
    "spread_pct": 0.099799,
    "timestamp": 1778193972.2344294
  },
  "GBPUSD": {
    "bid": 1.35476,
    "ask": 1.35485,
    "spread": 9e-05,
    "spread_pct": 0.006643,
    "timestamp": 1778193971.3526187
  },
  "AUDUSD": {
    "bid": 0.72046,
    "ask": 0.72056,
    "spread": 0.0001,
    "spread_pct": 0.013879,
    "timestamp": 1778193971.353159
  },
  "TSM": {
    "bid": 413.12,
    "ask": 413.53,
    "spread": 0.41,
    "spread_pct": 0.099196,
    "timestamp": 1778193972.1794975
  },
  "MSTR": {
    "bid": 178.2,
    "ask": 178.38,
    "spread": 0.18,
    "spread_pct": 0.100959,
    "timestamp": 1778193972.12352
  },
  "XPTUSD": {
    "bid": 2017.01,
    "ask": 2027.03,
    "spread": 10.02,
    "spread_pct": 0.495544,
    "timestamp": 1778193972.597184
  },
  "COST": {
    "bid": 1009.31,
    "ask": 1011.04,
    "spread": 1.73,
    "spread_pct": 0.171257,
    "timestamp": 1778193972.1574512
  },
  "XALUSD": {
    "bid": 3480.61,
    "ask": 3495.99,
    "spread": 15.38,
    "spread_pct": 0.440902,
    "timestamp": 1778174703.0287178
  },
  "XPDUSD": {
    "bid": 1478.35,
    "ask": 1485.61,
    "spread": 7.26,
    "spread_pct": 0.489885,
    "timestamp": 1778193971.3111477
  }
}