{
  "AAPL": {
    "bid": 279.33,
    "ask": 279.61,
    "spread": 0.28,
    "spread_pct": 0.10019,
    "timestamp": 1777866825.2396328
  },
  "COPPER": {
    "bid": 599.69,
    "ask": 600.07,
    "spread": 0.38,
    "spread_pct": 0.063346,
    "timestamp": 1777866825.2214189
  },
  "META": {
    "bid": 611.72,
    "ask": 612.33,
    "spread": 0.61,
    "spread_pct": 0.099669,
    "timestamp": 1777866825.13158
  },
  "MSFT": {
    "bid": 414.12,
    "ask": 414.53,
    "spread": 0.41,
    "spread_pct": 0.098956,
    "timestamp": 1777866825.119684
  },
  "ORCL": {
    "bid": 174.24,
    "ask": 174.41,
    "spread": 0.17,
    "spread_pct": 0.097519,
    "timestamp": 1777866825.285294
  },
  "DJ30": {
    "bid": 49602.47,
    "ask": 49603.53,
    "spread": 1.06,
    "spread_pct": 0.002137,
    "timestamp": 1777866824.5424662
  },
  "TECH100": {
    "bid": 27932.15,
    "ask": 27932.6,
    "spread": 0.45,
    "spread_pct": 0.001611,
    "timestamp": 1777866824.2639666
  },
  "XAUUSD": {
    "bid": 4613.99,
    "ask": 4614.19,
    "spread": 0.2,
    "spread_pct": 0.004335,
    "timestamp": 1777866823.1103368
  },
  "UK100": {
    "bid": 10381.58,
    "ask": 10382.42,
    "spread": 0.84,
    "spread_pct": 0.008091,
    "timestamp": 1777662373.31854
  },
  "UKOIL": {
    "bid": 108.587,
    "ask": 108.623,
    "spread": 0.036,
    "spread_pct": 0.033148,
    "timestamp": 1777866825.3914948
  },
  "INTEL": {
    "bid": 99.18,
    "ask": 99.28,
    "spread": 0.1,
    "spread_pct": 0.100776,
    "timestamp": 1777662375.1315198
  },
  "JPN225": {
    "bid": 59738.02,
    "ask": 59746.98,
    "spread": 8.96,
    "spread_pct": 0.014998,
    "timestamp": 1777866824.5119388
  },
  "NZDUSD": {
    "bid": 0.59238,
    "ask": 0.59247,
    "spread": 9e-05,
    "spread_pct": 0.015192,
    "timestamp": 1777866824.6917117
  },
  "NFLX": {
    "bid": 92.18,
    "ask": 92.32,
    "spread": 0.14,
    "spread_pct": 0.151762,
    "timestamp": 1777866825.1737983
  },
  "AMD": {
    "bid": 365.55,
    "ask": 365.92,
    "spread": 0.37,
    "spread_pct": 0.101166,
    "timestamp": 1777866825.1838918
  },
  "GER30": {
    "bid": 24452.35,
    "ask": 24453.65,
    "spread": 1.3,
    "spread_pct": 0.005316,
    "timestamp": 1777866825.4530225
  },
  "XAGUSD": {
    "bid": 75.689,
    "ask": 75.79,
    "spread": 0.101,
    "spread_pct": 0.133352,
    "timestamp": 1777866824.3078957
  },
  "PLTR": {
    "bid": 146.84,
    "ask": 146.99,
    "spread": 0.15,
    "spread_pct": 0.1021,
    "timestamp": 1777866825.1530583
  },
  "GOOG": {
    "bid": 384.41,
    "ask": 384.81,
    "spread": 0.4,
    "spread_pct": 0.104001,
    "timestamp": 1777662374.3601058
  },
  "NGAS": {
    "bid": 2.8284,
    "ask": 2.8406,
    "spread": 0.0122,
    "spread_pct": 0.430411,
    "timestamp": 1777866824.911957
  },
  "SP500": {
    "bid": 7266.96,
    "ask": 7267.29,
    "spread": 0.33,
    "spread_pct": 0.004541,
    "timestamp": 1777866824.791867
  },
  "EURUSD": {
    "bid": 1.17371,
    "ask": 1.1738,
    "spread": 9e-05,
    "spread_pct": 0.007668,
    "timestamp": 1777866824.5116389
  },
  "NVIDIA": {
    "bid": 198.35,
    "ask": 198.71,
    "spread": 0.36,
    "spread_pct": 0.181333,
    "timestamp": 1777662374.2304685
  },
  "USOIL": {
    "bid": 102.027,
    "ask": 102.063,
    "spread": 0.036,
    "spread_pct": 0.035279,
    "timestamp": 1777866824.5117948
  },
  "TSLA": {
    "bid": 393.19,
    "ask": 393.66,
    "spread": 0.47,
    "spread_pct": 0.119464,
    "timestamp": 1777866825.1985395
  },
  "AMZN": {
    "bid": 268.67,
    "ask": 268.94,
    "spread": 0.27,
    "spread_pct": 0.100445,
    "timestamp": 1777866825.1084247
  },
  "GBPUSD": {
    "bid": 1.35988,
    "ask": 1.35999,
    "spread": 0.00011,
    "spread_pct": 0.008089,
    "timestamp": 1777866824.113034
  },
  "AUDUSD": {
    "bid": 0.72157,
    "ask": 0.72168,
    "spread": 0.00011,
    "spread_pct": 0.015243,
    "timestamp": 1777866825.3917577
  },
  "TSM": {
    "bid": 406.6,
    "ask": 407.01,
    "spread": 0.41,
    "spread_pct": 0.100785,
    "timestamp": 1777866825.3156857
  },
  "MSTR": {
    "bid": 185.19,
    "ask": 185.38,
    "spread": 0.19,
    "spread_pct": 0.102545,
    "timestamp": 1777866825.1298678
  },
  "XPTUSD": {
    "bid": 2006.13,
    "ask": 2015.96,
    "spread": 9.83,
    "spread_pct": 0.488801,
    "timestamp": 1777866824.9941733
  },
  "COST": {
    "bid": 1008.66,
    "ask": 1012.06,
    "spread": 3.4,
    "spread_pct": 0.336514,
    "timestamp": 1777866825.2285578
  },
  "XALUSD": {
    "bid": 3502.44,
    "ask": 3517.91,
    "spread": 15.47,
    "spread_pct": 0.440719,
    "timestamp": 1777658171.7225325
  },
  "XPDUSD": {
    "bid": 1531.23,
    "ask": 1538.63,
    "spread": 7.4,
    "spread_pct": 0.482107,
    "timestamp": 1777866823.4851
  }
}