{
  "AAPL": {
    "bid": 299.23,
    "ask": 299.53,
    "spread": 0.3,
    "spread_pct": 0.100207,
    "timestamp": 1778967069.1822758
  },
  "COPPER": {
    "bid": 658.63,
    "ask": 659.03,
    "spread": 0.4,
    "spread_pct": 0.060714,
    "timestamp": 1778745929.310647
  },
  "META": {
    "bid": 610.72,
    "ask": 611.33,
    "spread": 0.61,
    "spread_pct": 0.099832,
    "timestamp": 1778967069.1633015
  },
  "MSFT": {
    "bid": 419.82,
    "ask": 420.24,
    "spread": 0.42,
    "spread_pct": 0.099993,
    "timestamp": 1778967069.2498693
  },
  "ORCL": {
    "bid": 191.14,
    "ask": 191.9,
    "spread": 0.76,
    "spread_pct": 0.396825,
    "timestamp": 1778967069.2914286
  },
  "DJ30": {
    "bid": 49509.31,
    "ask": 49510.35,
    "spread": 1.04,
    "spread_pct": 0.002101,
    "timestamp": 1778875760.4438627
  },
  "TECH100": {
    "bid": 29136.36,
    "ask": 29136.84,
    "spread": 0.48,
    "spread_pct": 0.001647,
    "timestamp": 1778875760.1900651
  },
  "XAUUSD": {
    "bid": 4538.24,
    "ask": 4538.42,
    "spread": 0.18,
    "spread_pct": 0.003966,
    "timestamp": 1778875760.038756
  },
  "UK100": {
    "bid": 10205.21,
    "ask": 10205.99,
    "spread": 0.78,
    "spread_pct": 0.007643,
    "timestamp": 1778870975.7984908
  },
  "UKOIL": {
    "bid": 109.526,
    "ask": 109.564,
    "spread": 0.038,
    "spread_pct": 0.034689,
    "timestamp": 1778875760.0279932
  },
  "INTEL": {
    "bid": 109.49,
    "ask": 109.65,
    "spread": 0.16,
    "spread_pct": 0.146025,
    "timestamp": 1778870975.797753
  },
  "JPN225": {
    "bid": 61643.1,
    "ask": 61651.9,
    "spread": 8.8,
    "spread_pct": 0.014275,
    "timestamp": 1778875760.4440248
  },
  "NZDUSD": {
    "bid": 0.58379,
    "ask": 0.58388,
    "spread": 9e-05,
    "spread_pct": 0.015415,
    "timestamp": 1778875759.150051
  },
  "NFLX": {
    "bid": 86.7,
    "ask": 86.83,
    "spread": 0.13,
    "spread_pct": 0.14983,
    "timestamp": 1778967069.3212807
  },
  "AMD": {
    "bid": 419.83,
    "ask": 420.25,
    "spread": 0.42,
    "spread_pct": 0.09999,
    "timestamp": 1778967069.32139
  },
  "GER30": {
    "bid": 23954.91,
    "ask": 23956.15,
    "spread": 1.24,
    "spread_pct": 0.005176,
    "timestamp": 1778870975.3529613
  },
  "XAGUSD": {
    "bid": 75.95,
    "ask": 76.055,
    "spread": 0.105,
    "spread_pct": 0.138153,
    "timestamp": 1778875760.1377494
  },
  "PLTR": {
    "bid": 133.02,
    "ask": 133.15,
    "spread": 0.13,
    "spread_pct": 0.097682,
    "timestamp": 1778967069.2248292
  },
  "GOOG": {
    "bid": 395.93,
    "ask": 396.35,
    "spread": 0.42,
    "spread_pct": 0.106023,
    "timestamp": 1778870974.7875192
  },
  "NGAS": {
    "bid": 2.9598,
    "ask": 2.973,
    "spread": 0.0132,
    "spread_pct": 0.444984,
    "timestamp": 1778870968.1866627
  },
  "SP500": {
    "bid": 7412.76,
    "ask": 7413.1,
    "spread": 0.34,
    "spread_pct": 0.004587,
    "timestamp": 1778875759.1867886
  },
  "EURUSD": {
    "bid": 1.1621,
    "ask": 1.1622,
    "spread": 0.0001,
    "spread_pct": 0.008605,
    "timestamp": 1778875760.7251797
  },
  "NVIDIA": {
    "bid": 228.32,
    "ask": 228.66,
    "spread": 0.34,
    "spread_pct": 0.148803,
    "timestamp": 1778870975.3524938
  },
  "USOIL": {
    "bid": 101.493,
    "ask": 101.527,
    "spread": 0.034,
    "spread_pct": 0.033494,
    "timestamp": 1778875760.8867152
  },
  "TSLA": {
    "bid": 418.54,
    "ask": 419.04,
    "spread": 0.5,
    "spread_pct": 0.119392,
    "timestamp": 1778967069.184009
  },
  "AMZN": {
    "bid": 262.05,
    "ask": 262.31,
    "spread": 0.26,
    "spread_pct": 0.099169,
    "timestamp": 1778967069.3110206
  },
  "GBPUSD": {
    "bid": 1.33155,
    "ask": 1.33164,
    "spread": 9e-05,
    "spread_pct": 0.006759,
    "timestamp": 1778875760.3244696
  },
  "AUDUSD": {
    "bid": 0.71474,
    "ask": 0.71485,
    "spread": 0.00011,
    "spread_pct": 0.015389,
    "timestamp": 1778875760.9616334
  },
  "TSM": {
    "bid": 401.21,
    "ask": 401.61,
    "spread": 0.4,
    "spread_pct": 0.099649,
    "timestamp": 1778967069.1427329
  },
  "MSTR": {
    "bid": 174.6,
    "ask": 174.77,
    "spread": 0.17,
    "spread_pct": 0.097318,
    "timestamp": 1778967069.3024905
  },
  "XPTUSD": {
    "bid": 1969.03,
    "ask": 1978.97,
    "spread": 9.94,
    "spread_pct": 0.503546,
    "timestamp": 1778875759.8128088
  },
  "COST": {
    "bid": 1048.56,
    "ask": 1050.25,
    "spread": 1.69,
    "spread_pct": 0.161044,
    "timestamp": 1778967069.2139456
  },
  "XALUSD": {
    "bid": 3559.49,
    "ask": 3574.91,
    "spread": 15.42,
    "spread_pct": 0.432272,
    "timestamp": 1778864538.7208347
  },
  "XPDUSD": {
    "bid": 1412.92,
    "ask": 1420.38,
    "spread": 7.46,
    "spread_pct": 0.526594,
    "timestamp": 1778875758.7747607
  }
}