{
  "AAPL": {
    "bid": 270.04,
    "ask": 270.22,
    "spread": 0.18,
    "spread_pct": 0.066635,
    "timestamp": 1777059403.1095536
  },
  "COPPER": {
    "bid": 608.76,
    "ask": 609.18,
    "spread": 0.42,
    "spread_pct": 0.068969,
    "timestamp": 1777294503.1003695
  },
  "META": {
    "bid": 676.18,
    "ask": 677.0,
    "spread": 0.82,
    "spread_pct": 0.121196,
    "timestamp": 1777059400.6640484
  },
  "MSFT": {
    "bid": 423.33,
    "ask": 423.49,
    "spread": 0.16,
    "spread_pct": 0.037788,
    "timestamp": 1777059402.2954955
  },
  "ORCL": {
    "bid": 173.44,
    "ask": 173.6,
    "spread": 0.16,
    "spread_pct": 0.092208,
    "timestamp": 1777059402.2959394
  },
  "DJ30": {
    "bid": 49337.86,
    "ask": 49339.14,
    "spread": 1.28,
    "spread_pct": 0.002594,
    "timestamp": 1777294504.1536303
  },
  "TECH100": {
    "bid": 27430.77,
    "ask": 27431.23,
    "spread": 0.46,
    "spread_pct": 0.001677,
    "timestamp": 1777294504.1537106
  },
  "XAUUSD": {
    "bid": 4702.59,
    "ask": 4702.81,
    "spread": 0.22,
    "spread_pct": 0.004678,
    "timestamp": 1777294504.4011443
  },
  "UK100": {
    "bid": 10362.33,
    "ask": 10363.17,
    "spread": 0.84,
    "spread_pct": 0.008106,
    "timestamp": 1777294504.5240316
  },
  "UKOIL": {
    "bid": 101.026,
    "ask": 101.064,
    "spread": 0.038,
    "spread_pct": 0.037607,
    "timestamp": 1777294504.2787657
  },
  "INTEL": {
    "bid": 80.89,
    "ask": 81.03,
    "spread": 0.14,
    "spread_pct": 0.172925,
    "timestamp": 1777059403.1093316
  },
  "JPN225": {
    "bid": 60451.25,
    "ask": 60458.75,
    "spread": 7.5,
    "spread_pct": 0.012406,
    "timestamp": 1777294504.153772
  },
  "NZDUSD": {
    "bid": 0.59201,
    "ask": 0.5921,
    "spread": 9e-05,
    "spread_pct": 0.015201,
    "timestamp": 1777294504.4010458
  },
  "NFLX": {
    "bid": 91.9,
    "ask": 92.94,
    "spread": 1.04,
    "spread_pct": 1.125298,
    "timestamp": 1777059402.984387
  },
  "AMD": {
    "bid": 345.64,
    "ask": 345.84,
    "spread": 0.2,
    "spread_pct": 0.057847,
    "timestamp": 1777059403.1096587
  },
  "GER30": {
    "bid": 24378.49,
    "ask": 24379.51,
    "spread": 1.02,
    "spread_pct": 0.004184,
    "timestamp": 1777294504.2788289
  },
  "XAGUSD": {
    "bid": 75.563,
    "ask": 75.663,
    "spread": 0.1,
    "spread_pct": 0.132252,
    "timestamp": 1777294504.2085416
  },
  "PLTR": {
    "bid": 142.59,
    "ask": 142.73,
    "spread": 0.14,
    "spread_pct": 0.098135,
    "timestamp": 1777059403.1097336
  },
  "GOOG": {
    "bid": 344.29,
    "ask": 344.71,
    "spread": 0.42,
    "spread_pct": 0.121916,
    "timestamp": 1777059402.4018574
  },
  "NGAS": {
    "bid": 2.7674,
    "ask": 2.7796,
    "spread": 0.0122,
    "spread_pct": 0.439877,
    "timestamp": 1777294503.2246675
  },
  "SP500": {
    "bid": 7190.96,
    "ask": 7191.29,
    "spread": 0.33,
    "spread_pct": 0.004589,
    "timestamp": 1777294504.1535492
  },
  "EURUSD": {
    "bid": 1.17494,
    "ask": 1.17502,
    "spread": 8e-05,
    "spread_pct": 0.006809,
    "timestamp": 1777294504.1538308
  },
  "NVIDIA": {
    "bid": 208.25,
    "ask": 208.58,
    "spread": 0.33,
    "spread_pct": 0.158338,
    "timestamp": 1777059402.2326934
  },
  "USOIL": {
    "bid": 95.32,
    "ask": 97.16,
    "spread": 1.84,
    "spread_pct": 1.911887,
    "timestamp": 1777294504.2786953
  },
  "TSLA": {
    "bid": 376.97,
    "ask": 377.49,
    "spread": 0.52,
    "spread_pct": 0.137847,
    "timestamp": 1777059402.600363
  },
  "AMZN": {
    "bid": 263.79,
    "ask": 264.09,
    "spread": 0.3,
    "spread_pct": 0.113662,
    "timestamp": 1777059402.2325428
  },
  "GBPUSD": {
    "bid": 1.35649,
    "ask": 1.35658,
    "spread": 9e-05,
    "spread_pct": 0.006635,
    "timestamp": 1777294503.2407923
  },
  "AUDUSD": {
    "bid": 0.71918,
    "ask": 0.71927,
    "spread": 9e-05,
    "spread_pct": 0.012513,
    "timestamp": 1777294504.4012187
  },
  "TSM": {
    "bid": 403.31,
    "ask": 403.78,
    "spread": 0.47,
    "spread_pct": 0.116468,
    "timestamp": 1777059402.232916
  },
  "MSTR": {
    "bid": 170.66,
    "ask": 171.38,
    "spread": 0.72,
    "spread_pct": 0.421003,
    "timestamp": 1777059402.9841743
  },
  "XPTUSD": {
    "bid": 1995.23,
    "ask": 2005.09,
    "spread": 9.86,
    "spread_pct": 0.492961,
    "timestamp": 1777294503.590615
  },
  "COST": {
    "bid": 1010.06,
    "ask": 1010.62,
    "spread": 0.56,
    "spread_pct": 0.055427,
    "timestamp": 1777059400.371591
  },
  "XALUSD": {
    "bid": 3592.51,
    "ask": 3607.99,
    "spread": 15.48,
    "spread_pct": 0.42997,
    "timestamp": 1777294502.9130447
  },
  "XPDUSD": {
    "bid": 1479.24,
    "ask": 1486.59,
    "spread": 7.35,
    "spread_pct": 0.495645,
    "timestamp": 1777294502.765902
  }
}