{
  "AAPL": {
    "bid": 269.71,
    "ask": 269.98,
    "spread": 0.27,
    "spread_pct": 0.100057,
    "timestamp": 1777530875.3365667
  },
  "COPPER": {
    "bid": 594.8,
    "ask": 595.2,
    "spread": 0.4,
    "spread_pct": 0.067227,
    "timestamp": 1777530875.476118
  },
  "META": {
    "bid": 621.88,
    "ask": 622.5,
    "spread": 0.62,
    "spread_pct": 0.099648,
    "timestamp": 1777530875.097936
  },
  "MSFT": {
    "bid": 418.75,
    "ask": 419.17,
    "spread": 0.42,
    "spread_pct": 0.100248,
    "timestamp": 1777530875.326552
  },
  "ORCL": {
    "bid": 162.87,
    "ask": 163.03,
    "spread": 0.16,
    "spread_pct": 0.09819,
    "timestamp": 1777530875.1851323
  },
  "DJ30": {
    "bid": 48725.45,
    "ask": 48726.55,
    "spread": 1.1,
    "spread_pct": 0.002258,
    "timestamp": 1777530875.603207
  },
  "TECH100": {
    "bid": 27281.67,
    "ask": 27282.08,
    "spread": 0.41,
    "spread_pct": 0.001503,
    "timestamp": 1777530875.1539528
  },
  "XAUUSD": {
    "bid": 4577.64,
    "ask": 4577.84,
    "spread": 0.2,
    "spread_pct": 0.004369,
    "timestamp": 1777530875.3582435
  },
  "UK100": {
    "bid": 10218.38,
    "ask": 10219.12,
    "spread": 0.74,
    "spread_pct": 0.007242,
    "timestamp": 1777530875.2946715
  },
  "UKOIL": {
    "bid": 112.833,
    "ask": 112.867,
    "spread": 0.034,
    "spread_pct": 0.030128,
    "timestamp": 1777530875.6027384
  },
  "INTEL": {
    "bid": 94.43,
    "ask": 94.55,
    "spread": 0.12,
    "spread_pct": 0.126998,
    "timestamp": 1777492423.3666635
  },
  "JPN225": {
    "bid": 59525.8,
    "ask": 59534.2,
    "spread": 8.4,
    "spread_pct": 0.014111,
    "timestamp": 1777530874.9175663
  },
  "NZDUSD": {
    "bid": 0.58305,
    "ask": 0.58314,
    "spread": 9e-05,
    "spread_pct": 0.015435,
    "timestamp": 1777530875.3585389
  },
  "NFLX": {
    "bid": 91.37,
    "ask": 91.51,
    "spread": 0.14,
    "spread_pct": 0.153106,
    "timestamp": 1777530875.2066214
  },
  "AMD": {
    "bid": 338.43,
    "ask": 339.02,
    "spread": 0.59,
    "spread_pct": 0.174183,
    "timestamp": 1777530875.1206582
  },
  "GER30": {
    "bid": 23821.98,
    "ask": 23823.02,
    "spread": 1.04,
    "spread_pct": 0.004366,
    "timestamp": 1777530875.603442
  },
  "XAGUSD": {
    "bid": 72.735,
    "ask": 72.836,
    "spread": 0.101,
    "spread_pct": 0.138764,
    "timestamp": 1777530875.3584235
  },
  "PLTR": {
    "bid": 136.52,
    "ask": 136.66,
    "spread": 0.14,
    "spread_pct": 0.102497,
    "timestamp": 1777530875.1215575
  },
  "GOOG": {
    "bid": 350.17,
    "ask": 350.55,
    "spread": 0.38,
    "spread_pct": 0.10846,
    "timestamp": 1777492423.2499824
  },
  "NGAS": {
    "bid": 2.6325,
    "ask": 2.6455,
    "spread": 0.013,
    "spread_pct": 0.492611,
    "timestamp": 1777530875.0345745
  },
  "SP500": {
    "bid": 7154.21,
    "ask": 7154.54,
    "spread": 0.33,
    "spread_pct": 0.004613,
    "timestamp": 1777530875.6026127
  },
  "EURUSD": {
    "bid": 1.16694,
    "ask": 1.16703,
    "spread": 9e-05,
    "spread_pct": 0.007712,
    "timestamp": 1777530875.6568778
  },
  "NVIDIA": {
    "bid": 208.83,
    "ask": 209.16,
    "spread": 0.33,
    "spread_pct": 0.157899,
    "timestamp": 1777492423.5693095
  },
  "USOIL": {
    "bid": 108.696,
    "ask": 108.734,
    "spread": 0.038,
    "spread_pct": 0.034954,
    "timestamp": 1777530875.3580327
  },
  "TSLA": {
    "bid": 370.69,
    "ask": 371.14,
    "spread": 0.45,
    "spread_pct": 0.121322,
    "timestamp": 1777530875.1414113
  },
  "AMZN": {
    "bid": 267.97,
    "ask": 268.24,
    "spread": 0.27,
    "spread_pct": 0.100707,
    "timestamp": 1777530875.3471746
  },
  "GBPUSD": {
    "bid": 1.34765,
    "ask": 1.34776,
    "spread": 0.00011,
    "spread_pct": 0.008162,
    "timestamp": 1777530874.4005146
  },
  "AUDUSD": {
    "bid": 0.71209,
    "ask": 0.7122,
    "spread": 0.00011,
    "spread_pct": 0.015446,
    "timestamp": 1777530875.3042846
  },
  "TSM": {
    "bid": 390.65,
    "ask": 391.04,
    "spread": 0.39,
    "spread_pct": 0.099784,
    "timestamp": 1777530875.3061807
  },
  "MSTR": {
    "bid": 157.36,
    "ask": 157.52,
    "spread": 0.16,
    "spread_pct": 0.101626,
    "timestamp": 1777530875.1849976
  },
  "XPTUSD": {
    "bid": 1926.56,
    "ask": 1936.56,
    "spread": 10.0,
    "spread_pct": 0.517716,
    "timestamp": 1777530875.4121845
  },
  "COST": {
    "bid": 991.4,
    "ask": 992.55,
    "spread": 1.15,
    "spread_pct": 0.11593,
    "timestamp": 1777530875.3264432
  },
  "XALUSD": {
    "bid": 3472.52,
    "ask": 3487.88,
    "spread": 15.36,
    "spread_pct": 0.441354,
    "timestamp": 1777521652.4792187
  },
  "XPDUSD": {
    "bid": 1473.49,
    "ask": 1480.83,
    "spread": 7.34,
    "spread_pct": 0.496899,
    "timestamp": 1777530874.400602
  }
}