{
  "AAPL": {
    "bid": 291.94,
    "ask": 292.23,
    "spread": 0.29,
    "spread_pct": 0.099286,
    "timestamp": 1778581064.2797458
  },
  "COPPER": {
    "bid": 649.14,
    "ask": 649.56,
    "spread": 0.42,
    "spread_pct": 0.06468,
    "timestamp": 1778581063.2920375
  },
  "META": {
    "bid": 596.72,
    "ask": 597.32,
    "spread": 0.6,
    "spread_pct": 0.100499,
    "timestamp": 1778581064.3224232
  },
  "MSFT": {
    "bid": 410.57,
    "ask": 410.98,
    "spread": 0.41,
    "spread_pct": 0.099811,
    "timestamp": 1778581064.157534
  },
  "ORCL": {
    "bid": 191.98,
    "ask": 192.17,
    "spread": 0.19,
    "spread_pct": 0.09892,
    "timestamp": 1778581064.1614676
  },
  "DJ30": {
    "bid": 49736.99,
    "ask": 49738.01,
    "spread": 1.02,
    "spread_pct": 0.002051,
    "timestamp": 1778581062.2314713
  },
  "TECH100": {
    "bid": 29223.26,
    "ask": 29223.7,
    "spread": 0.44,
    "spread_pct": 0.001506,
    "timestamp": 1778581064.6136816
  },
  "XAUUSD": {
    "bid": 4700.62,
    "ask": 4700.82,
    "spread": 0.2,
    "spread_pct": 0.004255,
    "timestamp": 1778581064.4868963
  },
  "UK100": {
    "bid": 10220.65,
    "ask": 10221.35,
    "spread": 0.7,
    "spread_pct": 0.006849,
    "timestamp": 1778581064.1596415
  },
  "UKOIL": {
    "bid": 107.338,
    "ask": 107.372,
    "spread": 0.034,
    "spread_pct": 0.031671,
    "timestamp": 1778581064.4291275
  },
  "INTEL": {
    "bid": 128.57,
    "ask": 128.71,
    "spread": 0.14,
    "spread_pct": 0.108831,
    "timestamp": 1778524135.4207752
  },
  "JPN225": {
    "bid": 62648.77,
    "ask": 62656.23,
    "spread": 7.46,
    "spread_pct": 0.011907,
    "timestamp": 1778581064.614414
  },
  "NZDUSD": {
    "bid": 0.59498,
    "ask": 0.59507,
    "spread": 9e-05,
    "spread_pct": 0.015125,
    "timestamp": 1778581060.9878953
  },
  "NFLX": {
    "bid": 85.27,
    "ask": 85.53,
    "spread": 0.26,
    "spread_pct": 0.30445,
    "timestamp": 1778581064.1572766
  },
  "AMD": {
    "bid": 452.23,
    "ask": 452.68,
    "spread": 0.45,
    "spread_pct": 0.099457,
    "timestamp": 1778581064.2555652
  },
  "GER30": {
    "bid": 24152.98,
    "ask": 24154.02,
    "spread": 1.04,
    "spread_pct": 0.004306,
    "timestamp": 1778581064.989632
  },
  "XAGUSD": {
    "bid": 84.086,
    "ask": 84.191,
    "spread": 0.105,
    "spread_pct": 0.124794,
    "timestamp": 1778581064.613309
  },
  "PLTR": {
    "bid": 135.16,
    "ask": 135.3,
    "spread": 0.14,
    "spread_pct": 0.103527,
    "timestamp": 1778581064.1609051
  },
  "GOOG": {
    "bid": 392.6,
    "ask": 393.04,
    "spread": 0.44,
    "spread_pct": 0.112011,
    "timestamp": 1778524134.9171157
  },
  "NGAS": {
    "bid": 2.9179,
    "ask": 2.9301,
    "spread": 0.0122,
    "spread_pct": 0.417237,
    "timestamp": 1778581064.487052
  },
  "SP500": {
    "bid": 7411.71,
    "ask": 7412.04,
    "spread": 0.33,
    "spread_pct": 0.004452,
    "timestamp": 1778581064.6143098
  },
  "EURUSD": {
    "bid": 1.17461,
    "ask": 1.17473,
    "spread": 0.00012,
    "spread_pct": 0.010216,
    "timestamp": 1778581064.4859316
  },
  "NVIDIA": {
    "bid": 221.09,
    "ask": 221.41,
    "spread": 0.32,
    "spread_pct": 0.144633,
    "timestamp": 1778524135.7189126
  },
  "USOIL": {
    "bid": 97.589,
    "ask": 97.627,
    "spread": 0.038,
    "spread_pct": 0.038931,
    "timestamp": 1778581064.4856622
  },
  "TSLA": {
    "bid": 440.45,
    "ask": 440.98,
    "spread": 0.53,
    "spread_pct": 0.120259,
    "timestamp": 1778581064.3360434
  },
  "AMZN": {
    "bid": 266.3,
    "ask": 266.57,
    "spread": 0.27,
    "spread_pct": 0.101338,
    "timestamp": 1778581064.344382
  },
  "GBPUSD": {
    "bid": 1.35394,
    "ask": 1.35405,
    "spread": 0.00011,
    "spread_pct": 0.008124,
    "timestamp": 1778581064.485828
  },
  "AUDUSD": {
    "bid": 0.72235,
    "ask": 0.72246,
    "spread": 0.00011,
    "spread_pct": 0.015227,
    "timestamp": 1778581064.4869897
  },
  "TSM": {
    "bid": 399.62,
    "ask": 400.02,
    "spread": 0.4,
    "spread_pct": 0.100045,
    "timestamp": 1778581064.271741
  },
  "MSTR": {
    "bid": 191.06,
    "ask": 191.25,
    "spread": 0.19,
    "spread_pct": 0.099396,
    "timestamp": 1778581064.1801217
  },
  "XPTUSD": {
    "bid": 2074.34,
    "ask": 2084.46,
    "spread": 10.12,
    "spread_pct": 0.486679,
    "timestamp": 1778581058.9371388
  },
  "COST": {
    "bid": 999.88,
    "ask": 1000.88,
    "spread": 1.0,
    "spread_pct": 0.099962,
    "timestamp": 1778581064.376676
  },
  "XALUSD": {
    "bid": 3540.42,
    "ask": 3555.68,
    "spread": 15.26,
    "spread_pct": 0.430095,
    "timestamp": 1778572185.0291805
  },
  "XPDUSD": {
    "bid": 1485.74,
    "ask": 1493.16,
    "spread": 7.42,
    "spread_pct": 0.49817,
    "timestamp": 1778581059.76715
  }
}