{
  "AAPL": {
    "bid": 298.49,
    "ask": 298.79,
    "spread": 0.3,
    "spread_pct": 0.100455,
    "timestamp": 1778715433.2637806
  },
  "COPPER": {
    "bid": 662.09,
    "ask": 662.51,
    "spread": 0.42,
    "spread_pct": 0.063415,
    "timestamp": 1778715429.1796162
  },
  "META": {
    "bid": 616.52,
    "ask": 617.14,
    "spread": 0.62,
    "spread_pct": 0.100514,
    "timestamp": 1778715433.3204262
  },
  "MSFT": {
    "bid": 404.64,
    "ask": 405.04,
    "spread": 0.4,
    "spread_pct": 0.098804,
    "timestamp": 1778715433.344076
  },
  "ORCL": {
    "bid": 190.81,
    "ask": 191.0,
    "spread": 0.19,
    "spread_pct": 0.099526,
    "timestamp": 1778715433.2438319
  },
  "DJ30": {
    "bid": 49892.88,
    "ask": 49894.12,
    "spread": 1.24,
    "spread_pct": 0.002485,
    "timestamp": 1778715416.1684947
  },
  "TECH100": {
    "bid": 29609.88,
    "ask": 29610.32,
    "spread": 0.44,
    "spread_pct": 0.001486,
    "timestamp": 1778715433.3630033
  },
  "XAUUSD": {
    "bid": 4696.35,
    "ask": 4696.55,
    "spread": 0.2,
    "spread_pct": 0.004259,
    "timestamp": 1778715433.3435895
  },
  "UK100": {
    "bid": 10341.63,
    "ask": 10342.37,
    "spread": 0.74,
    "spread_pct": 0.007155,
    "timestamp": 1778700391.7556927
  },
  "UKOIL": {
    "bid": 105.766,
    "ask": 105.804,
    "spread": 0.038,
    "spread_pct": 0.035922,
    "timestamp": 1778700391.5422468
  },
  "INTEL": {
    "bid": 121.1,
    "ask": 121.24,
    "spread": 0.14,
    "spread_pct": 0.11554,
    "timestamp": 1778700391.9036784
  },
  "JPN225": {
    "bid": 63398.59,
    "ask": 63406.41,
    "spread": 7.82,
    "spread_pct": 0.012334,
    "timestamp": 1778700391.6914995
  },
  "NZDUSD": {
    "bid": 0.59329,
    "ask": 0.59339,
    "spread": 0.0001,
    "spread_pct": 0.016854,
    "timestamp": 1778715433.3635347
  },
  "NFLX": {
    "bid": 87.54,
    "ask": 87.68,
    "spread": 0.14,
    "spread_pct": 0.159799,
    "timestamp": 1778715433.408201
  },
  "AMD": {
    "bid": 445.03,
    "ask": 445.48,
    "spread": 0.45,
    "spread_pct": 0.101066,
    "timestamp": 1778715433.2873704
  },
  "GER30": {
    "bid": 24266.27,
    "ask": 24267.53,
    "spread": 1.26,
    "spread_pct": 0.005192,
    "timestamp": 1778700391.5525467
  },
  "XAGUSD": {
    "bid": 87.702,
    "ask": 87.803,
    "spread": 0.101,
    "spread_pct": 0.115096,
    "timestamp": 1778715433.5750139
  },
  "PLTR": {
    "bid": 130.24,
    "ask": 130.37,
    "spread": 0.13,
    "spread_pct": 0.099766,
    "timestamp": 1778715433.244908
  },
  "GOOG": {
    "bid": 402.22,
    "ask": 402.62,
    "spread": 0.4,
    "spread_pct": 0.099399,
    "timestamp": 1778700392.2463646
  },
  "NGAS": {
    "bid": 2.8598,
    "ask": 2.8722,
    "spread": 0.0124,
    "spread_pct": 0.432659,
    "timestamp": 1778711002.4894183
  },
  "SP500": {
    "bid": 7477.95,
    "ask": 7478.3,
    "spread": 0.35,
    "spread_pct": 0.00468,
    "timestamp": 1778715431.7680771
  },
  "EURUSD": {
    "bid": 1.17159,
    "ask": 1.17169,
    "spread": 0.0001,
    "spread_pct": 0.008535,
    "timestamp": 1778715430.5393908
  },
  "NVIDIA": {
    "bid": 226.33,
    "ask": 226.63,
    "spread": 0.3,
    "spread_pct": 0.132462,
    "timestamp": 1778700392.3255315
  },
  "USOIL": {
    "bid": 96.726,
    "ask": 96.759,
    "spread": 0.033,
    "spread_pct": 0.034111,
    "timestamp": 1778715433.1879616
  },
  "TSLA": {
    "bid": 447.92,
    "ask": 448.46,
    "spread": 0.54,
    "spread_pct": 0.120485,
    "timestamp": 1778715433.2647536
  },
  "AMZN": {
    "bid": 270.37,
    "ask": 270.64,
    "spread": 0.27,
    "spread_pct": 0.099813,
    "timestamp": 1778715433.2755673
  },
  "GBPUSD": {
    "bid": 1.35265,
    "ask": 1.35276,
    "spread": 0.00011,
    "spread_pct": 0.008132,
    "timestamp": 1778715432.0053902
  },
  "AUDUSD": {
    "bid": 0.72551,
    "ask": 0.72561,
    "spread": 0.0001,
    "spread_pct": 0.013782,
    "timestamp": 1778715433.3631637
  },
  "TSM": {
    "bid": 401.37,
    "ask": 401.77,
    "spread": 0.4,
    "spread_pct": 0.099609,
    "timestamp": 1778715433.3190298
  },
  "MSTR": {
    "bid": 178.0,
    "ask": 178.18,
    "spread": 0.18,
    "spread_pct": 0.101072,
    "timestamp": 1778715433.1762033
  },
  "XPTUSD": {
    "bid": 2140.46,
    "ask": 2150.35,
    "spread": 9.89,
    "spread_pct": 0.460985,
    "timestamp": 1778715431.908087
  },
  "COST": {
    "bid": 1028.41,
    "ask": 1029.44,
    "spread": 1.03,
    "spread_pct": 0.100104,
    "timestamp": 1778715433.2890165
  },
  "XALUSD": {
    "bid": 3642.65,
    "ask": 3657.95,
    "spread": 15.3,
    "spread_pct": 0.419144,
    "timestamp": 1778693630.2598474
  },
  "XPDUSD": {
    "bid": 1498.36,
    "ask": 1505.6,
    "spread": 7.24,
    "spread_pct": 0.48203,
    "timestamp": 1778715432.9318352
  }
}