{
  "AAPL": {
    "bid": 297.77,
    "ask": 298.07,
    "spread": 0.3,
    "spread_pct": 0.100698,
    "timestamp": 1778808790.200262
  },
  "COPPER": {
    "bid": 658.63,
    "ask": 659.03,
    "spread": 0.4,
    "spread_pct": 0.060714,
    "timestamp": 1778745929.310647
  },
  "META": {
    "bid": 615.92,
    "ask": 616.54,
    "spread": 0.62,
    "spread_pct": 0.100612,
    "timestamp": 1778808790.1694753
  },
  "MSFT": {
    "bid": 407.86,
    "ask": 408.27,
    "spread": 0.41,
    "spread_pct": 0.100474,
    "timestamp": 1778808790.2852862
  },
  "ORCL": {
    "bid": 195.6,
    "ask": 195.8,
    "spread": 0.2,
    "spread_pct": 0.102197,
    "timestamp": 1778808790.2793677
  },
  "DJ30": {
    "bid": 49973.18,
    "ask": 49974.48,
    "spread": 1.3,
    "spread_pct": 0.002601,
    "timestamp": 1778808789.3049097
  },
  "TECH100": {
    "bid": 29558.96,
    "ask": 29559.4,
    "spread": 0.44,
    "spread_pct": 0.001489,
    "timestamp": 1778808790.2017298
  },
  "XAUUSD": {
    "bid": 4613.33,
    "ask": 4613.53,
    "spread": 0.2,
    "spread_pct": 0.004335,
    "timestamp": 1778808789.253292
  },
  "UK100": {
    "bid": 10321.64,
    "ask": 10322.36,
    "spread": 0.72,
    "spread_pct": 0.006975,
    "timestamp": 1778808790.2026515
  },
  "UKOIL": {
    "bid": 107.306,
    "ask": 107.344,
    "spread": 0.038,
    "spread_pct": 0.035406,
    "timestamp": 1778808790.2019854
  },
  "INTEL": {
    "bid": 116.42,
    "ask": 116.52,
    "spread": 0.1,
    "spread_pct": 0.085859,
    "timestamp": 1778784741.5946746
  },
  "JPN225": {
    "bid": 62153.38,
    "ask": 62162.62,
    "spread": 9.24,
    "spread_pct": 0.014865,
    "timestamp": 1778808790.307824
  },
  "NZDUSD": {
    "bid": 0.58843,
    "ask": 0.58853,
    "spread": 0.0001,
    "spread_pct": 0.016993,
    "timestamp": 1778808789.4900043
  },
  "NFLX": {
    "bid": 86.85,
    "ask": 87.0,
    "spread": 0.15,
    "spread_pct": 0.172563,
    "timestamp": 1778808790.354877
  },
  "AMD": {
    "bid": 443.36,
    "ask": 443.8,
    "spread": 0.44,
    "spread_pct": 0.099193,
    "timestamp": 1778808790.2648234
  },
  "GER30": {
    "bid": 24217.02,
    "ask": 24218.08,
    "spread": 1.06,
    "spread_pct": 0.004377,
    "timestamp": 1778808789.1864307
  },
  "XAGUSD": {
    "bid": 81.111,
    "ask": 81.216,
    "spread": 0.105,
    "spread_pct": 0.129368,
    "timestamp": 1778808789.6336944
  },
  "PLTR": {
    "bid": 132.65,
    "ask": 132.78,
    "spread": 0.13,
    "spread_pct": 0.097954,
    "timestamp": 1778808790.1689274
  },
  "GOOG": {
    "bid": 399.93,
    "ask": 400.37,
    "spread": 0.44,
    "spread_pct": 0.109959,
    "timestamp": 1778784739.2200098
  },
  "NGAS": {
    "bid": 2.9302,
    "ask": 2.9428,
    "spread": 0.0126,
    "spread_pct": 0.429082,
    "timestamp": 1778808781.2955015
  },
  "SP500": {
    "bid": 7497.49,
    "ask": 7497.83,
    "spread": 0.34,
    "spread_pct": 0.004535,
    "timestamp": 1778808789.6338198
  },
  "EURUSD": {
    "bid": 1.16479,
    "ask": 1.16488,
    "spread": 9e-05,
    "spread_pct": 0.007726,
    "timestamp": 1778808789.1748574
  },
  "NVIDIA": {
    "bid": 235.8,
    "ask": 236.12,
    "spread": 0.32,
    "spread_pct": 0.135616,
    "timestamp": 1778784740.8841429
  },
  "USOIL": {
    "bid": 98.596,
    "ask": 98.632,
    "spread": 0.036,
    "spread_pct": 0.036506,
    "timestamp": 1778808789.4903114
  },
  "TSLA": {
    "bid": 440.26,
    "ask": 440.79,
    "spread": 0.53,
    "spread_pct": 0.120311,
    "timestamp": 1778808790.2854056
  },
  "AMZN": {
    "bid": 266.34,
    "ask": 266.61,
    "spread": 0.27,
    "spread_pct": 0.101323,
    "timestamp": 1778808790.2127898
  },
  "GBPUSD": {
    "bid": 1.33669,
    "ask": 1.33678,
    "spread": 9e-05,
    "spread_pct": 0.006733,
    "timestamp": 1778808790.2029912
  },
  "AUDUSD": {
    "bid": 0.71944,
    "ask": 0.71954,
    "spread": 0.0001,
    "spread_pct": 0.013899,
    "timestamp": 1778808789.4902349
  },
  "TSM": {
    "bid": 414.58,
    "ask": 414.99,
    "spread": 0.41,
    "spread_pct": 0.098846,
    "timestamp": 1778808790.2907166
  },
  "MSTR": {
    "bid": 186.91,
    "ask": 187.1,
    "spread": 0.19,
    "spread_pct": 0.101602,
    "timestamp": 1778808790.212655
  },
  "XPTUSD": {
    "bid": 2019.61,
    "ask": 2029.52,
    "spread": 9.91,
    "spread_pct": 0.489488,
    "timestamp": 1778808789.6042295
  },
  "COST": {
    "bid": 1039.3,
    "ask": 1042.27,
    "spread": 2.97,
    "spread_pct": 0.285362,
    "timestamp": 1778808790.1367657
  },
  "XALUSD": {
    "bid": 3638.33,
    "ask": 3653.57,
    "spread": 15.24,
    "spread_pct": 0.417998,
    "timestamp": 1778777570.373426
  },
  "XPDUSD": {
    "bid": 1419.07,
    "ask": 1426.41,
    "spread": 7.34,
    "spread_pct": 0.515906,
    "timestamp": 1778808787.4808288
  }
}