{
  "AAPL": {
    "bid": 276.64,
    "ask": 276.92,
    "spread": 0.28,
    "spread_pct": 0.101163,
    "timestamp": 1777920631.209127
  },
  "COPPER": {
    "bid": 586.05,
    "ask": 586.45,
    "spread": 0.4,
    "spread_pct": 0.06823,
    "timestamp": 1777920630.3408637
  },
  "META": {
    "bid": 611.95,
    "ask": 612.56,
    "spread": 0.61,
    "spread_pct": 0.099632,
    "timestamp": 1777920631.1325364
  },
  "MSFT": {
    "bid": 414.24,
    "ask": 414.65,
    "spread": 0.41,
    "spread_pct": 0.098927,
    "timestamp": 1777920631.1651502
  },
  "ORCL": {
    "bid": 181.88,
    "ask": 182.06,
    "spread": 0.18,
    "spread_pct": 0.098917,
    "timestamp": 1777920631.2726681
  },
  "DJ30": {
    "bid": 49067.35,
    "ask": 49068.65,
    "spread": 1.3,
    "spread_pct": 0.002649,
    "timestamp": 1777920630.342905
  },
  "TECH100": {
    "bid": 27744.79,
    "ask": 27745.21,
    "spread": 0.42,
    "spread_pct": 0.001514,
    "timestamp": 1777920631.1483526
  },
  "XAUUSD": {
    "bid": 4514.82,
    "ask": 4515.02,
    "spread": 0.2,
    "spread_pct": 0.00443,
    "timestamp": 1777920631.155127
  },
  "UK100": {
    "bid": 10381.58,
    "ask": 10382.42,
    "spread": 0.84,
    "spread_pct": 0.008091,
    "timestamp": 1777662373.31854
  },
  "UKOIL": {
    "bid": 114.233,
    "ask": 114.267,
    "spread": 0.034,
    "spread_pct": 0.029759,
    "timestamp": 1777920630.191009
  },
  "INTEL": {
    "bid": 96.46,
    "ask": 96.62,
    "spread": 0.16,
    "spread_pct": 0.165734,
    "timestamp": 1777920631.2741215
  },
  "JPN225": {
    "bid": 59370.73,
    "ask": 59379.27,
    "spread": 8.54,
    "spread_pct": 0.014383,
    "timestamp": 1777920630.5046773
  },
  "NZDUSD": {
    "bid": 0.58717,
    "ask": 0.58728,
    "spread": 0.00011,
    "spread_pct": 0.018732,
    "timestamp": 1777920627.7494485
  },
  "NFLX": {
    "bid": 91.42,
    "ask": 91.57,
    "spread": 0.15,
    "spread_pct": 0.163943,
    "timestamp": 1777920631.1466897
  },
  "AMD": {
    "bid": 342.77,
    "ask": 342.93,
    "spread": 0.16,
    "spread_pct": 0.046668,
    "timestamp": 1777920631.274032
  },
  "GER30": {
    "bid": 23988.45,
    "ask": 23989.55,
    "spread": 1.1,
    "spread_pct": 0.004585,
    "timestamp": 1777920630.5081723
  },
  "XAGUSD": {
    "bid": 72.66,
    "ask": 72.763,
    "spread": 0.103,
    "spread_pct": 0.141656,
    "timestamp": 1777920630.1366014
  },
  "PLTR": {
    "bid": 148.08,
    "ask": 148.23,
    "spread": 0.15,
    "spread_pct": 0.101245,
    "timestamp": 1777920631.2616234
  },
  "GOOG": {
    "bid": 383.13,
    "ask": 383.53,
    "spread": 0.4,
    "spread_pct": 0.104349,
    "timestamp": 1777920631.1498659
  },
  "NGAS": {
    "bid": 2.8505,
    "ask": 2.8635,
    "spread": 0.013,
    "spread_pct": 0.455023,
    "timestamp": 1777920630.1920278
  },
  "SP500": {
    "bid": 7223.71,
    "ask": 7224.04,
    "spread": 0.33,
    "spread_pct": 0.004568,
    "timestamp": 1777920630.3395648
  },
  "EURUSD": {
    "bid": 1.16916,
    "ask": 1.16925,
    "spread": 9e-05,
    "spread_pct": 0.007698,
    "timestamp": 1777920630.844994
  },
  "NVIDIA": {
    "bid": 197.45,
    "ask": 197.79,
    "spread": 0.34,
    "spread_pct": 0.172047,
    "timestamp": 1777920630.2724364
  },
  "USOIL": {
    "bid": 105.873,
    "ask": 105.907,
    "spread": 0.034,
    "spread_pct": 0.032109,
    "timestamp": 1777920630.775363
  },
  "TSLA": {
    "bid": 391.44,
    "ask": 391.91,
    "spread": 0.47,
    "spread_pct": 0.119997,
    "timestamp": 1777920631.0994878
  },
  "AMZN": {
    "bid": 270.83,
    "ask": 271.1,
    "spread": 0.27,
    "spread_pct": 0.099644,
    "timestamp": 1777920631.1459339
  },
  "GBPUSD": {
    "bid": 1.35308,
    "ask": 1.35317,
    "spread": 9e-05,
    "spread_pct": 0.006651,
    "timestamp": 1777920630.3407562
  },
  "AUDUSD": {
    "bid": 0.71685,
    "ask": 0.71696,
    "spread": 0.00011,
    "spread_pct": 0.015344,
    "timestamp": 1777920630.3431149
  },
  "TSM": {
    "bid": 400.16,
    "ask": 400.56,
    "spread": 0.4,
    "spread_pct": 0.09991,
    "timestamp": 1777920631.3059554
  },
  "MSTR": {
    "bid": 184.08,
    "ask": 184.26,
    "spread": 0.18,
    "spread_pct": 0.097736,
    "timestamp": 1777920631.147319
  },
  "XPTUSD": {
    "bid": 1946.67,
    "ask": 1956.55,
    "spread": 9.88,
    "spread_pct": 0.506249,
    "timestamp": 1777920628.1549072
  },
  "COST": {
    "bid": 1010.78,
    "ask": 1012.46,
    "spread": 1.68,
    "spread_pct": 0.16607,
    "timestamp": 1777920631.2739408
  },
  "XALUSD": {
    "bid": 3502.44,
    "ask": 3517.91,
    "spread": 15.47,
    "spread_pct": 0.440719,
    "timestamp": 1777658171.7225325
  },
  "XPDUSD": {
    "bid": 1483.24,
    "ask": 1490.56,
    "spread": 7.32,
    "spread_pct": 0.492299,
    "timestamp": 1777920630.2016978
  }
}