{
  "AAPL": {
    "bid": 287.72,
    "ask": 288.01,
    "spread": 0.29,
    "spread_pct": 0.100742,
    "timestamp": 1778197100.3097286
  },
  "COPPER": {
    "bid": 613.58,
    "ask": 613.98,
    "spread": 0.4,
    "spread_pct": 0.06517,
    "timestamp": 1778197093.527311
  },
  "META": {
    "bid": 615.46,
    "ask": 616.08,
    "spread": 0.62,
    "spread_pct": 0.100687,
    "timestamp": 1778197100.181495
  },
  "MSFT": {
    "bid": 419.26,
    "ask": 419.68,
    "spread": 0.42,
    "spread_pct": 0.100126,
    "timestamp": 1778197100.0931776
  },
  "ORCL": {
    "bid": 189.7,
    "ask": 189.89,
    "spread": 0.19,
    "spread_pct": 0.100108,
    "timestamp": 1778197100.140086
  },
  "DJ30": {
    "bid": 49669.36,
    "ask": 49670.64,
    "spread": 1.28,
    "spread_pct": 0.002577,
    "timestamp": 1778197092.7346747
  },
  "TECH100": {
    "bid": 28642.54,
    "ask": 28642.96,
    "spread": 0.42,
    "spread_pct": 0.001466,
    "timestamp": 1778197098.2366226
  },
  "XAUUSD": {
    "bid": 4698.52,
    "ask": 4698.72,
    "spread": 0.2,
    "spread_pct": 0.004257,
    "timestamp": 1778197099.4130025
  },
  "UK100": {
    "bid": 10232.75,
    "ask": 10236.75,
    "spread": 4.0,
    "spread_pct": 0.039083,
    "timestamp": 1778181255.228766
  },
  "UKOIL": {
    "bid": 102.538,
    "ask": 102.572,
    "spread": 0.034,
    "spread_pct": 0.033153,
    "timestamp": 1778186516.2652545
  },
  "INTEL": {
    "bid": 109.85,
    "ask": 110.01,
    "spread": 0.16,
    "spread_pct": 0.145547,
    "timestamp": 1778181256.3747072
  },
  "JPN225": {
    "bid": 62245.69,
    "ask": 62254.31,
    "spread": 8.62,
    "spread_pct": 0.013847,
    "timestamp": 1778197098.9761767
  },
  "NZDUSD": {
    "bid": 0.59367,
    "ask": 0.59377,
    "spread": 0.0001,
    "spread_pct": 0.016843,
    "timestamp": 1778197098.6748536
  },
  "NFLX": {
    "bid": 88.51,
    "ask": 88.66,
    "spread": 0.15,
    "spread_pct": 0.169329,
    "timestamp": 1778197100.1136687
  },
  "AMD": {
    "bid": 407.23,
    "ask": 407.64,
    "spread": 0.41,
    "spread_pct": 0.10063,
    "timestamp": 1778197100.246279
  },
  "GER30": {
    "bid": 24574.87,
    "ask": 24576.13,
    "spread": 1.26,
    "spread_pct": 0.005127,
    "timestamp": 1778181255.7407374
  },
  "XAGUSD": {
    "bid": 79.024,
    "ask": 79.127,
    "spread": 0.103,
    "spread_pct": 0.130255,
    "timestamp": 1778197099.5140312
  },
  "PLTR": {
    "bid": 135.75,
    "ask": 135.89,
    "spread": 0.14,
    "spread_pct": 0.103078,
    "timestamp": 1778197100.3105347
  },
  "GOOG": {
    "bid": 395.86,
    "ask": 396.26,
    "spread": 0.4,
    "spread_pct": 0.100995,
    "timestamp": 1778181255.3544738
  },
  "NGAS": {
    "bid": 2.7821,
    "ask": 2.7949,
    "spread": 0.0128,
    "spread_pct": 0.459028,
    "timestamp": 1778197091.0082245
  },
  "SP500": {
    "bid": 7353.82,
    "ask": 7354.18,
    "spread": 0.36,
    "spread_pct": 0.004895,
    "timestamp": 1778197095.746551
  },
  "EURUSD": {
    "bid": 1.1727,
    "ask": 1.1728,
    "spread": 0.0001,
    "spread_pct": 0.008527,
    "timestamp": 1778197100.5025232
  },
  "NVIDIA": {
    "bid": 212.53,
    "ask": 212.85,
    "spread": 0.32,
    "spread_pct": 0.150454,
    "timestamp": 1778181256.3437207
  },
  "USOIL": {
    "bid": 97.191,
    "ask": 97.229,
    "spread": 0.038,
    "spread_pct": 0.039091,
    "timestamp": 1778197100.3812273
  },
  "TSLA": {
    "bid": 408.65,
    "ask": 409.14,
    "spread": 0.49,
    "spread_pct": 0.119835,
    "timestamp": 1778197100.181602
  },
  "AMZN": {
    "bid": 270.58,
    "ask": 270.85,
    "spread": 0.27,
    "spread_pct": 0.099736,
    "timestamp": 1778197100.2234402
  },
  "GBPUSD": {
    "bid": 1.35498,
    "ask": 1.35507,
    "spread": 9e-05,
    "spread_pct": 0.006642,
    "timestamp": 1778197098.3258965
  },
  "AUDUSD": {
    "bid": 0.72045,
    "ask": 0.72053,
    "spread": 8e-05,
    "spread_pct": 0.011104,
    "timestamp": 1778197097.4103827
  },
  "TSM": {
    "bid": 413.54,
    "ask": 413.95,
    "spread": 0.41,
    "spread_pct": 0.099095,
    "timestamp": 1778197100.3106573
  },
  "MSTR": {
    "bid": 178.46,
    "ask": 178.64,
    "spread": 0.18,
    "spread_pct": 0.100812,
    "timestamp": 1778197100.1051311
  },
  "XPTUSD": {
    "bid": 2025.71,
    "ask": 2035.96,
    "spread": 10.25,
    "spread_pct": 0.504719,
    "timestamp": 1778197099.412833
  },
  "COST": {
    "bid": 1009.71,
    "ask": 1011.04,
    "spread": 1.33,
    "spread_pct": 0.131634,
    "timestamp": 1778197100.337321
  },
  "XALUSD": {
    "bid": 3480.61,
    "ask": 3495.99,
    "spread": 15.38,
    "spread_pct": 0.440902,
    "timestamp": 1778174703.0287178
  },
  "XPDUSD": {
    "bid": 1481.52,
    "ask": 1488.78,
    "spread": 7.26,
    "spread_pct": 0.48884,
    "timestamp": 1778197098.486537
  }
}