{
  "AAPL": {
    "bid": 301.96,
    "ask": 302.26,
    "spread": 0.3,
    "spread_pct": 0.099302,
    "timestamp": 1778857925.283375
  },
  "COPPER": {
    "bid": 658.63,
    "ask": 659.03,
    "spread": 0.4,
    "spread_pct": 0.060714,
    "timestamp": 1778745929.310647
  },
  "META": {
    "bid": 615.52,
    "ask": 616.14,
    "spread": 0.62,
    "spread_pct": 0.100677,
    "timestamp": 1778857925.152164
  },
  "MSFT": {
    "bid": 423.73,
    "ask": 424.15,
    "spread": 0.42,
    "spread_pct": 0.099071,
    "timestamp": 1778857925.0860827
  },
  "ORCL": {
    "bid": 193.27,
    "ask": 193.53,
    "spread": 0.26,
    "spread_pct": 0.134436,
    "timestamp": 1778857925.191737
  },
  "DJ30": {
    "bid": 49706.44,
    "ask": 49707.7,
    "spread": 1.26,
    "spread_pct": 0.002535,
    "timestamp": 1778857925.409891
  },
  "TECH100": {
    "bid": 29296.22,
    "ask": 29296.7,
    "spread": 0.48,
    "spread_pct": 0.001638,
    "timestamp": 1778857925.4756758
  },
  "XAUUSD": {
    "bid": 4556.14,
    "ask": 4556.32,
    "spread": 0.18,
    "spread_pct": 0.003951,
    "timestamp": 1778857925.1718795
  },
  "UK100": {
    "bid": 10193.62,
    "ask": 10194.38,
    "spread": 0.76,
    "spread_pct": 0.007455,
    "timestamp": 1778857925.4760704
  },
  "UKOIL": {
    "bid": 108.71,
    "ask": 108.744,
    "spread": 0.034,
    "spread_pct": 0.031271,
    "timestamp": 1778857925.3562965
  },
  "INTEL": {
    "bid": 108.43,
    "ask": 108.59,
    "spread": 0.16,
    "spread_pct": 0.147452,
    "timestamp": 1778857925.4762154
  },
  "JPN225": {
    "bid": 61935.85,
    "ask": 61944.15,
    "spread": 8.3,
    "spread_pct": 0.0134,
    "timestamp": 1778857925.2331607
  },
  "NZDUSD": {
    "bid": 0.58448,
    "ask": 0.58458,
    "spread": 0.0001,
    "spread_pct": 0.017108,
    "timestamp": 1778857924.9979227
  },
  "NFLX": {
    "bid": 87.1,
    "ask": 87.23,
    "spread": 0.13,
    "spread_pct": 0.149142,
    "timestamp": 1778857925.3346071
  },
  "AMD": {
    "bid": 433.47,
    "ask": 433.6,
    "spread": 0.13,
    "spread_pct": 0.029986,
    "timestamp": 1778857925.5493488
  },
  "GER30": {
    "bid": 24027.89,
    "ask": 24028.91,
    "spread": 1.02,
    "spread_pct": 0.004245,
    "timestamp": 1778857925.549481
  },
  "XAGUSD": {
    "bid": 76.632,
    "ask": 76.735,
    "spread": 0.103,
    "spread_pct": 0.134318,
    "timestamp": 1778857925.1731653
  },
  "PLTR": {
    "bid": 133.23,
    "ask": 133.36,
    "spread": 0.13,
    "spread_pct": 0.097528,
    "timestamp": 1778857925.3142467
  },
  "GOOG": {
    "bid": 398.13,
    "ask": 398.53,
    "spread": 0.4,
    "spread_pct": 0.100419,
    "timestamp": 1778857925.3527322
  },
  "NGAS": {
    "bid": 2.9564,
    "ask": 2.9684,
    "spread": 0.012,
    "spread_pct": 0.405077,
    "timestamp": 1778857925.5993052
  },
  "SP500": {
    "bid": 7447.04,
    "ask": 7447.34,
    "spread": 0.3,
    "spread_pct": 0.004028,
    "timestamp": 1778857925.233051
  },
  "EURUSD": {
    "bid": 1.16282,
    "ask": 1.16291,
    "spread": 9e-05,
    "spread_pct": 0.00774,
    "timestamp": 1778857925.2327044
  },
  "NVIDIA": {
    "bid": 226.5,
    "ask": 226.83,
    "spread": 0.33,
    "spread_pct": 0.145589,
    "timestamp": 1778857924.538626
  },
  "USOIL": {
    "bid": 100.136,
    "ask": 100.174,
    "spread": 0.038,
    "spread_pct": 0.037941,
    "timestamp": 1778857925.3352177
  },
  "TSLA": {
    "bid": 425.86,
    "ask": 426.4,
    "spread": 0.54,
    "spread_pct": 0.126722,
    "timestamp": 1778857925.4758444
  },
  "AMZN": {
    "bid": 263.28,
    "ask": 263.54,
    "spread": 0.26,
    "spread_pct": 0.098705,
    "timestamp": 1778857925.2699127
  },
  "GBPUSD": {
    "bid": 1.33389,
    "ask": 1.33399,
    "spread": 0.0001,
    "spread_pct": 0.007497,
    "timestamp": 1778857925.173068
  },
  "AUDUSD": {
    "bid": 0.71524,
    "ask": 0.71532,
    "spread": 8e-05,
    "spread_pct": 0.011184,
    "timestamp": 1778857925.4762976
  },
  "TSM": {
    "bid": 404.98,
    "ask": 405.39,
    "spread": 0.41,
    "spread_pct": 0.101188,
    "timestamp": 1778857925.1936536
  },
  "MSTR": {
    "bid": 174.92,
    "ask": 175.62,
    "spread": 0.7,
    "spread_pct": 0.399384,
    "timestamp": 1778857925.233242
  },
  "XPTUSD": {
    "bid": 1986.76,
    "ask": 1996.72,
    "spread": 9.96,
    "spread_pct": 0.500065,
    "timestamp": 1778857924.601076
  },
  "COST": {
    "bid": 1047.14,
    "ask": 1048.19,
    "spread": 1.05,
    "spread_pct": 0.100223,
    "timestamp": 1778857925.2599924
  },
  "XALUSD": {
    "bid": 3550.59,
    "ask": 3565.81,
    "spread": 15.22,
    "spread_pct": 0.427744,
    "timestamp": 1778857922.4721591
  },
  "XPDUSD": {
    "bid": 1420.42,
    "ask": 1427.96,
    "spread": 7.54,
    "spread_pct": 0.529424,
    "timestamp": 1778857920.5730176
  }
}