{
  "AAPL": {
    "bid": 270.78,
    "ask": 271.05,
    "spread": 0.27,
    "spread_pct": 0.099662,
    "timestamp": 1777521659.252028
  },
  "COPPER": {
    "bid": 594.79,
    "ask": 595.21,
    "spread": 0.42,
    "spread_pct": 0.070588,
    "timestamp": 1777521659.9976578
  },
  "META": {
    "bid": 670.79,
    "ask": 671.61,
    "spread": 0.82,
    "spread_pct": 0.122169,
    "timestamp": 1777492423.5684698
  },
  "MSFT": {
    "bid": 423.3,
    "ask": 423.44,
    "spread": 0.14,
    "spread_pct": 0.033068,
    "timestamp": 1777492423.501683
  },
  "ORCL": {
    "bid": 164.01,
    "ask": 164.17,
    "spread": 0.16,
    "spread_pct": 0.097507,
    "timestamp": 1777521660.1238413
  },
  "DJ30": {
    "bid": 48761.99,
    "ask": 48763.01,
    "spread": 1.02,
    "spread_pct": 0.002092,
    "timestamp": 1777521660.01006
  },
  "TECH100": {
    "bid": 27408.14,
    "ask": 27408.61,
    "spread": 0.47,
    "spread_pct": 0.001715,
    "timestamp": 1777521660.2227652
  },
  "XAUUSD": {
    "bid": 4555.24,
    "ask": 4555.44,
    "spread": 0.2,
    "spread_pct": 0.00439,
    "timestamp": 1777521659.4380102
  },
  "UK100": {
    "bid": 10200.0,
    "ask": 10204.0,
    "spread": 4.0,
    "spread_pct": 0.039208,
    "timestamp": 1777521658.4878383
  },
  "UKOIL": {
    "bid": 113.101,
    "ask": 113.14,
    "spread": 0.039,
    "spread_pct": 0.034477,
    "timestamp": 1777521659.564224
  },
  "INTEL": {
    "bid": 94.43,
    "ask": 94.55,
    "spread": 0.12,
    "spread_pct": 0.126998,
    "timestamp": 1777492423.3666635
  },
  "JPN225": {
    "bid": 59280.98,
    "ask": 59289.02,
    "spread": 8.04,
    "spread_pct": 0.013562,
    "timestamp": 1777521659.1795542
  },
  "NZDUSD": {
    "bid": 0.58337,
    "ask": 0.58348,
    "spread": 0.00011,
    "spread_pct": 0.018854,
    "timestamp": 1777521658.5528312
  },
  "NFLX": {
    "bid": 91.4,
    "ask": 91.54,
    "spread": 0.14,
    "spread_pct": 0.153056,
    "timestamp": 1777521660.222559
  },
  "AMD": {
    "bid": 342.99,
    "ask": 343.71,
    "spread": 0.72,
    "spread_pct": 0.209699,
    "timestamp": 1777521659.1773174
  },
  "GER30": {
    "bid": 23892.5,
    "ask": 23902.5,
    "spread": 10.0,
    "spread_pct": 0.041845,
    "timestamp": 1777521658.8059213
  },
  "XAGUSD": {
    "bid": 71.972,
    "ask": 72.073,
    "spread": 0.101,
    "spread_pct": 0.140234,
    "timestamp": 1777521659.5102713
  },
  "PLTR": {
    "bid": 137.9,
    "ask": 138.04,
    "spread": 0.14,
    "spread_pct": 0.101471,
    "timestamp": 1777521660.1884189
  },
  "GOOG": {
    "bid": 350.17,
    "ask": 350.55,
    "spread": 0.38,
    "spread_pct": 0.10846,
    "timestamp": 1777492423.2499824
  },
  "NGAS": {
    "bid": 2.6333,
    "ask": 2.6457,
    "spread": 0.0124,
    "spread_pct": 0.469786,
    "timestamp": 1777521658.1686745
  },
  "SP500": {
    "bid": 7171.2,
    "ask": 7171.55,
    "spread": 0.35,
    "spread_pct": 0.004881,
    "timestamp": 1777521659.502343
  },
  "EURUSD": {
    "bid": 1.16646,
    "ask": 1.16656,
    "spread": 0.0001,
    "spread_pct": 0.008573,
    "timestamp": 1777521659.3823462
  },
  "NVIDIA": {
    "bid": 208.83,
    "ask": 209.16,
    "spread": 0.33,
    "spread_pct": 0.157899,
    "timestamp": 1777492423.5693095
  },
  "USOIL": {
    "bid": 109.288,
    "ask": 109.322,
    "spread": 0.034,
    "spread_pct": 0.031106,
    "timestamp": 1777521659.179087
  },
  "TSLA": {
    "bid": 372.87,
    "ask": 373.41,
    "spread": 0.54,
    "spread_pct": 0.144718,
    "timestamp": 1777492423.1802778
  },
  "AMZN": {
    "bid": 269.28,
    "ask": 269.55,
    "spread": 0.27,
    "spread_pct": 0.100217,
    "timestamp": 1777521660.1230195
  },
  "GBPUSD": {
    "bid": 1.34737,
    "ask": 1.34748,
    "spread": 0.00011,
    "spread_pct": 0.008164,
    "timestamp": 1777521659.5024652
  },
  "AUDUSD": {
    "bid": 0.71243,
    "ask": 0.71252,
    "spread": 9e-05,
    "spread_pct": 0.012632,
    "timestamp": 1777521660.010166
  },
  "TSM": {
    "bid": 395.45,
    "ask": 395.85,
    "spread": 0.4,
    "spread_pct": 0.101099,
    "timestamp": 1777521660.2321935
  },
  "MSTR": {
    "bid": 159.02,
    "ask": 159.18,
    "spread": 0.16,
    "spread_pct": 0.100566,
    "timestamp": 1777521660.0881748
  },
  "XPTUSD": {
    "bid": 1911.71,
    "ask": 1921.79,
    "spread": 10.08,
    "spread_pct": 0.52589,
    "timestamp": 1777521659.8705425
  },
  "COST": {
    "bid": 997.49,
    "ask": 999.9,
    "spread": 2.41,
    "spread_pct": 0.241315,
    "timestamp": 1777521660.1992207
  },
  "XALUSD": {
    "bid": 3472.52,
    "ask": 3487.88,
    "spread": 15.36,
    "spread_pct": 0.441354,
    "timestamp": 1777521652.4792187
  },
  "XPDUSD": {
    "bid": 1462.33,
    "ask": 1469.68,
    "spread": 7.35,
    "spread_pct": 0.501363,
    "timestamp": 1777521651.1524563
  }
}