{
  "AAPL": {
    "bid": 273.61,
    "ask": 273.75,
    "spread": 0.14,
    "spread_pct": 0.051155,
    "timestamp": 1776973150.2095842
  },
  "COPPER": {
    "bid": 609.68,
    "ask": 610.08,
    "spread": 0.4,
    "spread_pct": 0.065587,
    "timestamp": 1776973151.08573
  },
  "META": {
    "bid": 659.79,
    "ask": 660.61,
    "spread": 0.82,
    "spread_pct": 0.124205,
    "timestamp": 1776973151.2760155
  },
  "MSFT": {
    "bid": 415.82,
    "ask": 415.92,
    "spread": 0.1,
    "spread_pct": 0.024046,
    "timestamp": 1776973150.818721
  },
  "ORCL": {
    "bid": 175.42,
    "ask": 175.6,
    "spread": 0.18,
    "spread_pct": 0.102558,
    "timestamp": 1776973150.209661
  },
  "DJ30": {
    "bid": 49455.36,
    "ask": 49456.64,
    "spread": 1.28,
    "spread_pct": 0.002588,
    "timestamp": 1776973151.0817404
  },
  "TECH100": {
    "bid": 26885.17,
    "ask": 26885.58,
    "spread": 0.41,
    "spread_pct": 0.001525,
    "timestamp": 1776973151.154548
  },
  "XAUUSD": {
    "bid": 4695.31,
    "ask": 4695.51,
    "spread": 0.2,
    "spread_pct": 0.004259,
    "timestamp": 1776973151.1589296
  },
  "UK100": {
    "bid": 10404.09,
    "ask": 10404.91,
    "spread": 0.82,
    "spread_pct": 0.007881,
    "timestamp": 1776973151.159052
  },
  "UKOIL": {
    "bid": 99.938,
    "ask": 99.972,
    "spread": 0.034,
    "spread_pct": 0.034015,
    "timestamp": 1776973150.5606685
  },
  "INTEL": {
    "bid": 66.1,
    "ask": 66.22,
    "spread": 0.12,
    "spread_pct": 0.181378,
    "timestamp": 1776973151.209863
  },
  "JPN225": {
    "bid": 58845.0,
    "ask": 58885.0,
    "spread": 40.0,
    "spread_pct": 0.067952,
    "timestamp": 1776973151.0125327
  },
  "NZDUSD": {
    "bid": 0.58546,
    "ask": 0.58554,
    "spread": 8e-05,
    "spread_pct": 0.013664,
    "timestamp": 1776973150.1414413
  },
  "NFLX": {
    "bid": 92.56,
    "ask": 93.58,
    "spread": 1.02,
    "spread_pct": 1.095949,
    "timestamp": 1776973151.2760873
  },
  "AMD": {
    "bid": 303.35,
    "ask": 303.51,
    "spread": 0.16,
    "spread_pct": 0.05273,
    "timestamp": 1776973150.2097318
  },
  "GER30": {
    "bid": 24203.98,
    "ask": 24205.02,
    "spread": 1.04,
    "spread_pct": 0.004297,
    "timestamp": 1776973150.3233302
  },
  "XAGUSD": {
    "bid": 75.558,
    "ask": 75.661,
    "spread": 0.103,
    "spread_pct": 0.136226,
    "timestamp": 1776973151.1544614
  },
  "PLTR": {
    "bid": 141.54,
    "ask": 141.68,
    "spread": 0.14,
    "spread_pct": 0.098863,
    "timestamp": 1776973150.3746104
  },
  "GOOG": {
    "bid": 339.02,
    "ask": 339.46,
    "spread": 0.44,
    "spread_pct": 0.129702,
    "timestamp": 1776973151.204068
  },
  "NGAS": {
    "bid": 2.7322,
    "ask": 2.7448,
    "spread": 0.0126,
    "spread_pct": 0.460106,
    "timestamp": 1776973149.1960611
  },
  "SP500": {
    "bid": 7134.46,
    "ask": 7134.79,
    "spread": 0.33,
    "spread_pct": 0.004625,
    "timestamp": 1776973151.0855749
  },
  "EURUSD": {
    "bid": 1.16842,
    "ask": 1.16852,
    "spread": 0.0001,
    "spread_pct": 0.008558,
    "timestamp": 1776973150.935336
  },
  "NVIDIA": {
    "bid": 198.84,
    "ask": 199.18,
    "spread": 0.34,
    "spread_pct": 0.170846,
    "timestamp": 1776973150.3237202
  },
  "USOIL": {
    "bid": 95.57,
    "ask": 97.38,
    "spread": 1.81,
    "spread_pct": 1.876134,
    "timestamp": 1776973151.275942
  },
  "TSLA": {
    "bid": 372.76,
    "ask": 373.3,
    "spread": 0.54,
    "spread_pct": 0.14476,
    "timestamp": 1776973151.2041981
  },
  "AMZN": {
    "bid": 255.39,
    "ask": 255.73,
    "spread": 0.34,
    "spread_pct": 0.133041,
    "timestamp": 1776973150.8186264
  },
  "GBPUSD": {
    "bid": 1.3466,
    "ask": 1.3467,
    "spread": 0.0001,
    "spread_pct": 0.007426,
    "timestamp": 1776973150.1354916
  },
  "AUDUSD": {
    "bid": 0.71319,
    "ask": 0.71329,
    "spread": 0.0001,
    "spread_pct": 0.014021,
    "timestamp": 1776973150.2094808
  },
  "TSM": {
    "bid": 380.76,
    "ask": 381.21,
    "spread": 0.45,
    "spread_pct": 0.118115,
    "timestamp": 1776973150.2023056
  },
  "MSTR": {
    "bid": 172.76,
    "ask": 173.46,
    "spread": 0.7,
    "spread_pct": 0.404367,
    "timestamp": 1776973150.3239782
  },
  "XPTUSD": {
    "bid": 2004.98,
    "ask": 2015.08,
    "spread": 10.1,
    "spread_pct": 0.50248,
    "timestamp": 1776973150.141529
  },
  "COST": {
    "bid": 1011.84,
    "ask": 1012.46,
    "spread": 0.62,
    "spread_pct": 0.061256,
    "timestamp": 1776973143.3722465
  },
  "XALUSD": {
    "bid": 3618.39,
    "ask": 3633.81,
    "spread": 15.42,
    "spread_pct": 0.42525,
    "timestamp": 1776963133.4884648
  },
  "XPDUSD": {
    "bid": 1464.86,
    "ask": 1472.16,
    "spread": 7.3,
    "spread_pct": 0.497103,
    "timestamp": 1776973150.6948109
  }
}