{
  "AAPL": {
    "bid": 298.16,
    "ask": 298.46,
    "spread": 0.3,
    "spread_pct": 0.100567,
    "timestamp": 1779283621.2961626
  },
  "COPPER": {
    "bid": 658.63,
    "ask": 659.03,
    "spread": 0.4,
    "spread_pct": 0.060714,
    "timestamp": 1778745929.310647
  },
  "META": {
    "bid": 602.02,
    "ask": 602.62,
    "spread": 0.6,
    "spread_pct": 0.099615,
    "timestamp": 1779283621.1088367
  },
  "MSFT": {
    "bid": 414.27,
    "ask": 414.68,
    "spread": 0.41,
    "spread_pct": 0.09892,
    "timestamp": 1779283621.1087322
  },
  "ORCL": {
    "bid": 180.72,
    "ask": 180.9,
    "spread": 0.18,
    "spread_pct": 0.099552,
    "timestamp": 1779283621.3746743
  },
  "DJ30": {
    "bid": 49650.15,
    "ask": 49651.15,
    "spread": 1.0,
    "spread_pct": 0.002014,
    "timestamp": 1779283621.3010254
  },
  "TECH100": {
    "bid": 29095.69,
    "ask": 29096.15,
    "spread": 0.46,
    "spread_pct": 0.001581,
    "timestamp": 1779283621.2469842
  },
  "XAUUSD": {
    "bid": 4492.18,
    "ask": 4492.38,
    "spread": 0.2,
    "spread_pct": 0.004452,
    "timestamp": 1779283621.4319692
  },
  "UK100": {
    "bid": 10369.86,
    "ask": 10370.56,
    "spread": 0.7,
    "spread_pct": 0.00675,
    "timestamp": 1779283620.4170954
  },
  "UKOIL": {
    "bid": 108.607,
    "ask": 108.641,
    "spread": 0.034,
    "spread_pct": 0.031301,
    "timestamp": 1779283620.3713832
  },
  "INTEL": {
    "bid": 112.4,
    "ask": 112.52,
    "spread": 0.12,
    "spread_pct": 0.106705,
    "timestamp": 1779214080.197513
  },
  "JPN225": {
    "bid": 60362.5,
    "ask": 60370.0,
    "spread": 7.5,
    "spread_pct": 0.012424,
    "timestamp": 1779283620.3711746
  },
  "NZDUSD": {
    "bid": 0.5839,
    "ask": 0.584,
    "spread": 0.0001,
    "spread_pct": 0.017125,
    "timestamp": 1779283620.2392502
  },
  "NFLX": {
    "bid": 88.71,
    "ask": 88.84,
    "spread": 0.13,
    "spread_pct": 0.146438,
    "timestamp": 1779283621.3083389
  },
  "AMD": {
    "bid": 427.01,
    "ask": 427.44,
    "spread": 0.43,
    "spread_pct": 0.10065,
    "timestamp": 1779283621.1718242
  },
  "GER30": {
    "bid": 24528.13,
    "ask": 24529.17,
    "spread": 1.04,
    "spread_pct": 0.00424,
    "timestamp": 1779283620.480765
  },
  "XAGUSD": {
    "bid": 75.063,
    "ask": 75.164,
    "spread": 0.101,
    "spread_pct": 0.134463,
    "timestamp": 1779283621.113361
  },
  "PLTR": {
    "bid": 134.23,
    "ask": 134.36,
    "spread": 0.13,
    "spread_pct": 0.096802,
    "timestamp": 1779283621.2823122
  },
  "GOOG": {
    "bid": 391.44,
    "ask": 391.9,
    "spread": 0.46,
    "spread_pct": 0.117446,
    "timestamp": 1779214082.4227853
  },
  "NGAS": {
    "bid": 3.0981,
    "ask": 3.1109,
    "spread": 0.0128,
    "spread_pct": 0.412305,
    "timestamp": 1779214079.4942377
  },
  "SP500": {
    "bid": 7397.73,
    "ask": 7398.05,
    "spread": 0.32,
    "spread_pct": 0.004326,
    "timestamp": 1779283620.6809902
  },
  "EURUSD": {
    "bid": 1.15919,
    "ask": 1.1593,
    "spread": 0.00011,
    "spread_pct": 0.009489,
    "timestamp": 1779283620.239174
  },
  "NVIDIA": {
    "bid": 223.36,
    "ask": 223.7,
    "spread": 0.34,
    "spread_pct": 0.152105,
    "timestamp": 1779214080.6571395
  },
  "USOIL": {
    "bid": 101.842,
    "ask": 101.876,
    "spread": 0.034,
    "spread_pct": 0.033379,
    "timestamp": 1779283620.417015
  },
  "TSLA": {
    "bid": 407.94,
    "ask": 408.43,
    "spread": 0.49,
    "spread_pct": 0.120044,
    "timestamp": 1779283621.1719294
  },
  "AMZN": {
    "bid": 259.41,
    "ask": 259.67,
    "spread": 0.26,
    "spread_pct": 0.100177,
    "timestamp": 1779283621.2821183
  },
  "GBPUSD": {
    "bid": 1.3395,
    "ask": 1.33961,
    "spread": 0.00011,
    "spread_pct": 0.008212,
    "timestamp": 1779283620.3712766
  },
  "AUDUSD": {
    "bid": 0.71214,
    "ask": 0.71223,
    "spread": 9e-05,
    "spread_pct": 0.012637,
    "timestamp": 1779283621.1835296
  },
  "TSM": {
    "bid": 395.79,
    "ask": 396.19,
    "spread": 0.4,
    "spread_pct": 0.101013,
    "timestamp": 1779283621.3344762
  },
  "MSTR": {
    "bid": 167.38,
    "ask": 167.55,
    "spread": 0.17,
    "spread_pct": 0.101514,
    "timestamp": 1779283621.2822204
  },
  "XPTUSD": {
    "bid": 1931.33,
    "ask": 1941.19,
    "spread": 9.86,
    "spread_pct": 0.509229,
    "timestamp": 1779283621.4318678
  },
  "COST": {
    "bid": 1086.4,
    "ask": 1089.1,
    "spread": 2.7,
    "spread_pct": 0.248219,
    "timestamp": 1779283621.3102014
  },
  "XALUSD": {
    "bid": 3597.05,
    "ask": 3612.45,
    "spread": 15.4,
    "spread_pct": 0.427214,
    "timestamp": 1779283617.0328987
  },
  "XPDUSD": {
    "bid": 1351.89,
    "ask": 1359.43,
    "spread": 7.54,
    "spread_pct": 0.556187,
    "timestamp": 1779283620.5685847
  }
}