{
  "AAPL": {
    "bid": 287.19,
    "ask": 287.35,
    "spread": 0.16,
    "spread_pct": 0.055697,
    "timestamp": 1778093843.9621508
  },
  "COPPER": {
    "bid": 617.52,
    "ask": 617.92,
    "spread": 0.4,
    "spread_pct": 0.064754,
    "timestamp": 1778093842.6401806
  },
  "META": {
    "bid": 614.67,
    "ask": 615.28,
    "spread": 0.61,
    "spread_pct": 0.099191,
    "timestamp": 1778093843.3006442
  },
  "MSFT": {
    "bid": 413.55,
    "ask": 413.65,
    "spread": 0.1,
    "spread_pct": 0.024178,
    "timestamp": 1778093843.6413856
  },
  "ORCL": {
    "bid": 192.34,
    "ask": 192.52,
    "spread": 0.18,
    "spread_pct": 0.093541,
    "timestamp": 1778093843.7080166
  },
  "DJ30": {
    "bid": 50016.42,
    "ask": 50017.58,
    "spread": 1.16,
    "spread_pct": 0.002319,
    "timestamp": 1778093843.3289926
  },
  "TECH100": {
    "bid": 28647.52,
    "ask": 28647.98,
    "spread": 0.46,
    "spread_pct": 0.001606,
    "timestamp": 1778093843.3316786
  },
  "XAUUSD": {
    "bid": 4687.24,
    "ask": 4687.46,
    "spread": 0.22,
    "spread_pct": 0.004693,
    "timestamp": 1778093843.5790305
  },
  "UK100": {
    "bid": 10439.65,
    "ask": 10440.35,
    "spread": 0.7,
    "spread_pct": 0.006705,
    "timestamp": 1778093843.331283
  },
  "UKOIL": {
    "bid": 101.224,
    "ask": 101.256,
    "spread": 0.032,
    "spread_pct": 0.031608,
    "timestamp": 1778093843.7076232
  },
  "INTEL": {
    "bid": 112.21,
    "ask": 112.35,
    "spread": 0.14,
    "spread_pct": 0.124688,
    "timestamp": 1778093843.2089787
  },
  "JPN225": {
    "bid": 61962.68,
    "ask": 61972.32,
    "spread": 9.64,
    "spread_pct": 0.015557,
    "timestamp": 1778093842.8790936
  },
  "NZDUSD": {
    "bid": 0.59572,
    "ask": 0.59582,
    "spread": 0.0001,
    "spread_pct": 0.016785,
    "timestamp": 1778093842.9501688
  },
  "NFLX": {
    "bid": 87.95,
    "ask": 88.08,
    "spread": 0.13,
    "spread_pct": 0.147702,
    "timestamp": 1778093843.276694
  },
  "AMD": {
    "bid": 418.95,
    "ask": 419.13,
    "spread": 0.18,
    "spread_pct": 0.042955,
    "timestamp": 1778093843.7703671
  },
  "GER30": {
    "bid": 25034.35,
    "ask": 25035.65,
    "spread": 1.3,
    "spread_pct": 0.005193,
    "timestamp": 1778093843.3318365
  },
  "XAGUSD": {
    "bid": 77.096,
    "ask": 77.197,
    "spread": 0.101,
    "spread_pct": 0.13092,
    "timestamp": 1778093843.7579832
  },
  "PLTR": {
    "bid": 133.27,
    "ask": 133.45,
    "spread": 0.18,
    "spread_pct": 0.134973,
    "timestamp": 1778093843.1392615
  },
  "GOOG": {
    "bid": 396.65,
    "ask": 397.09,
    "spread": 0.44,
    "spread_pct": 0.110868,
    "timestamp": 1778093843.2086306
  },
  "NGAS": {
    "bid": 2.7154,
    "ask": 2.7286,
    "spread": 0.0132,
    "spread_pct": 0.484938,
    "timestamp": 1778093838.0022683
  },
  "SP500": {
    "bid": 7380.2,
    "ask": 7380.55,
    "spread": 0.35,
    "spread_pct": 0.004742,
    "timestamp": 1778093843.1394725
  },
  "EURUSD": {
    "bid": 1.17501,
    "ask": 1.17513,
    "spread": 0.00012,
    "spread_pct": 0.010212,
    "timestamp": 1778093843.6412652
  },
  "NVIDIA": {
    "bid": 206.89,
    "ask": 207.21,
    "spread": 0.32,
    "spread_pct": 0.154552,
    "timestamp": 1778093843.5791183
  },
  "USOIL": {
    "bid": 94.19,
    "ask": 96.07,
    "spread": 1.88,
    "spread_pct": 1.976243,
    "timestamp": 1778093843.7081506
  },
  "TSLA": {
    "bid": 399.6,
    "ask": 400.14,
    "spread": 0.54,
    "spread_pct": 0.135044,
    "timestamp": 1778093843.208879
  },
  "AMZN": {
    "bid": 276.39,
    "ask": 276.69,
    "spread": 0.3,
    "spread_pct": 0.108483,
    "timestamp": 1778093843.457333
  },
  "GBPUSD": {
    "bid": 1.35957,
    "ask": 1.35966,
    "spread": 9e-05,
    "spread_pct": 0.00662,
    "timestamp": 1778093843.5788841
  },
  "AUDUSD": {
    "bid": 0.72375,
    "ask": 0.72386,
    "spread": 0.00011,
    "spread_pct": 0.015197,
    "timestamp": 1778093842.2039697
  },
  "TSM": {
    "bid": 417.41,
    "ask": 417.83,
    "spread": 0.42,
    "spread_pct": 0.10057,
    "timestamp": 1778093843.2571595
  },
  "MSTR": {
    "bid": 183.85,
    "ask": 184.57,
    "spread": 0.72,
    "spread_pct": 0.390858,
    "timestamp": 1778093843.2090542
  },
  "XPTUSD": {
    "bid": 2047.71,
    "ask": 2057.79,
    "spread": 10.08,
    "spread_pct": 0.491049,
    "timestamp": 1778093841.8262439
  },
  "COST": {
    "bid": 992.56,
    "ask": 994.58,
    "spread": 2.02,
    "spread_pct": 0.203307,
    "timestamp": 1778093843.1122718
  },
  "XALUSD": {
    "bid": 3520.86,
    "ask": 3536.24,
    "spread": 15.38,
    "spread_pct": 0.435873,
    "timestamp": 1778087974.3581412
  },
  "XPDUSD": {
    "bid": 1534.65,
    "ask": 1541.97,
    "spread": 7.32,
    "spread_pct": 0.475847,
    "timestamp": 1778093843.8773336
  }
}