{
  "AAPL": {
    "bid": 273.03,
    "ask": 273.23,
    "spread": 0.2,
    "spread_pct": 0.073225,
    "timestamp": 1776967508.312625
  },
  "COPPER": {
    "bid": 611.13,
    "ask": 611.53,
    "spread": 0.4,
    "spread_pct": 0.065431,
    "timestamp": 1776967508.1871204
  },
  "META": {
    "bid": 657.77,
    "ask": 658.65,
    "spread": 0.88,
    "spread_pct": 0.133696,
    "timestamp": 1776967508.248464
  },
  "MSFT": {
    "bid": 414.33,
    "ask": 414.47,
    "spread": 0.14,
    "spread_pct": 0.033784,
    "timestamp": 1776967507.6299942
  },
  "ORCL": {
    "bid": 176.03,
    "ask": 176.21,
    "spread": 0.18,
    "spread_pct": 0.102203,
    "timestamp": 1776967508.248616
  },
  "DJ30": {
    "bid": 49345.89,
    "ask": 49347.11,
    "spread": 1.22,
    "spread_pct": 0.002472,
    "timestamp": 1776967508.3125098
  },
  "TECH100": {
    "bid": 26890.29,
    "ask": 26890.71,
    "spread": 0.42,
    "spread_pct": 0.001562,
    "timestamp": 1776967508.1579237
  },
  "XAUUSD": {
    "bid": 4711.71,
    "ask": 4711.93,
    "spread": 0.22,
    "spread_pct": 0.004669,
    "timestamp": 1776967508.2483835
  },
  "UK100": {
    "bid": 10403.88,
    "ask": 10404.62,
    "spread": 0.74,
    "spread_pct": 0.007112,
    "timestamp": 1776967507.6378298
  },
  "UKOIL": {
    "bid": 99.322,
    "ask": 99.358,
    "spread": 0.036,
    "spread_pct": 0.036239,
    "timestamp": 1776967508.187004
  },
  "INTEL": {
    "bid": 67.57,
    "ask": 67.71,
    "spread": 0.14,
    "spread_pct": 0.206978,
    "timestamp": 1776967508.186856
  },
  "JPN225": {
    "bid": 58857.5,
    "ask": 58897.5,
    "spread": 40.0,
    "spread_pct": 0.067938,
    "timestamp": 1776967508.2479537
  },
  "NZDUSD": {
    "bid": 0.58665,
    "ask": 0.58675,
    "spread": 0.0001,
    "spread_pct": 0.017044,
    "timestamp": 1776967507.896426
  },
  "NFLX": {
    "bid": 92.25,
    "ask": 93.27,
    "spread": 1.02,
    "spread_pct": 1.099612,
    "timestamp": 1776967507.4397583
  },
  "AMD": {
    "bid": 304.51,
    "ask": 304.65,
    "spread": 0.14,
    "spread_pct": 0.045965,
    "timestamp": 1776967507.6478918
  },
  "GER30": {
    "bid": 24179.41,
    "ask": 24180.59,
    "spread": 1.18,
    "spread_pct": 0.00488,
    "timestamp": 1776967508.2481258
  },
  "XAGUSD": {
    "bid": 75.652,
    "ask": 75.755,
    "spread": 0.103,
    "spread_pct": 0.136057,
    "timestamp": 1776967508.1335495
  },
  "PLTR": {
    "bid": 141.34,
    "ask": 141.5,
    "spread": 0.16,
    "spread_pct": 0.113138,
    "timestamp": 1776967508.3127048
  },
  "GOOG": {
    "bid": 339.3,
    "ask": 339.72,
    "spread": 0.42,
    "spread_pct": 0.123708,
    "timestamp": 1776967508.3108761
  },
  "NGAS": {
    "bid": 2.737,
    "ask": 2.75,
    "spread": 0.013,
    "spread_pct": 0.473847,
    "timestamp": 1776967507.4420063
  },
  "SP500": {
    "bid": 7126.08,
    "ask": 7126.42,
    "spread": 0.34,
    "spread_pct": 0.004771,
    "timestamp": 1776967508.1866977
  },
  "EURUSD": {
    "bid": 1.16923,
    "ask": 1.16931,
    "spread": 8e-05,
    "spread_pct": 0.006842,
    "timestamp": 1776967508.3953526
  },
  "NVIDIA": {
    "bid": 198.69,
    "ask": 199.01,
    "spread": 0.32,
    "spread_pct": 0.160925,
    "timestamp": 1776967507.4646618
  },
  "USOIL": {
    "bid": 96.239,
    "ask": 96.271,
    "spread": 0.032,
    "spread_pct": 0.033245,
    "timestamp": 1776967507.43968
  },
  "TSLA": {
    "bid": 373.41,
    "ask": 373.91,
    "spread": 0.5,
    "spread_pct": 0.133811,
    "timestamp": 1776967507.3258083
  },
  "AMZN": {
    "bid": 254.81,
    "ask": 255.15,
    "spread": 0.34,
    "spread_pct": 0.133344,
    "timestamp": 1776967507.3678994
  },
  "GBPUSD": {
    "bid": 1.34785,
    "ask": 1.34794,
    "spread": 9e-05,
    "spread_pct": 0.006677,
    "timestamp": 1776967508.395461
  },
  "AUDUSD": {
    "bid": 0.71425,
    "ask": 0.71434,
    "spread": 9e-05,
    "spread_pct": 0.0126,
    "timestamp": 1776967508.248542
  },
  "TSM": {
    "bid": 379.61,
    "ask": 380.06,
    "spread": 0.45,
    "spread_pct": 0.118472,
    "timestamp": 1776967508.1334453
  },
  "MSTR": {
    "bid": 174.28,
    "ask": 175.02,
    "spread": 0.74,
    "spread_pct": 0.423705,
    "timestamp": 1776967508.3109953
  },
  "XPTUSD": {
    "bid": 2018.62,
    "ask": 2028.78,
    "spread": 10.16,
    "spread_pct": 0.502051,
    "timestamp": 1776967506.6078758
  },
  "COST": {
    "bid": 1013.98,
    "ask": 1014.5,
    "spread": 0.52,
    "spread_pct": 0.05127,
    "timestamp": 1776967508.1864867
  },
  "XALUSD": {
    "bid": 3618.39,
    "ask": 3633.81,
    "spread": 15.42,
    "spread_pct": 0.42525,
    "timestamp": 1776963133.4884648
  },
  "XPDUSD": {
    "bid": 1470.54,
    "ask": 1477.88,
    "spread": 7.34,
    "spread_pct": 0.497894,
    "timestamp": 1776967508.2909954
  }
}