{
  "AAPL": {
    "bid": 292.49,
    "ask": 292.67,
    "spread": 0.18,
    "spread_pct": 0.061522,
    "timestamp": 1778264639.4987066
  },
  "COPPER": {
    "bid": 630.18,
    "ask": 630.58,
    "spread": 0.4,
    "spread_pct": 0.063454,
    "timestamp": 1778264638.5995626
  },
  "META": {
    "bid": 609.67,
    "ask": 610.49,
    "spread": 0.82,
    "spread_pct": 0.134409,
    "timestamp": 1778264639.4772298
  },
  "MSFT": {
    "bid": 415.52,
    "ask": 415.62,
    "spread": 0.1,
    "spread_pct": 0.024063,
    "timestamp": 1778264639.6060529
  },
  "ORCL": {
    "bid": 195.72,
    "ask": 195.96,
    "spread": 0.24,
    "spread_pct": 0.122549,
    "timestamp": 1778264639.325895
  },
  "DJ30": {
    "bid": 49724.99,
    "ask": 49726.01,
    "spread": 1.02,
    "spread_pct": 0.002051,
    "timestamp": 1778264639.174247
  },
  "TECH100": {
    "bid": 29283.79,
    "ask": 29284.21,
    "spread": 0.42,
    "spread_pct": 0.001434,
    "timestamp": 1778264639.2415783
  },
  "XAUUSD": {
    "bid": 4726.81,
    "ask": 4727.03,
    "spread": 0.22,
    "spread_pct": 0.004654,
    "timestamp": 1778264639.4771676
  },
  "UK100": {
    "bid": 10257.85,
    "ask": 10258.65,
    "spread": 0.8,
    "spread_pct": 0.007799,
    "timestamp": 1778264638.915187
  },
  "UKOIL": {
    "bid": 100.974,
    "ask": 101.006,
    "spread": 0.032,
    "spread_pct": 0.031686,
    "timestamp": 1778264639.2414627
  },
  "INTEL": {
    "bid": 123.75,
    "ask": 123.89,
    "spread": 0.14,
    "spread_pct": 0.113067,
    "timestamp": 1778264639.2415345
  },
  "JPN225": {
    "bid": 63643.24,
    "ask": 63651.76,
    "spread": 8.52,
    "spread_pct": 0.013386,
    "timestamp": 1778264638.316113
  },
  "NZDUSD": {
    "bid": 0.59614,
    "ask": 0.59625,
    "spread": 0.00011,
    "spread_pct": 0.01845,
    "timestamp": 1778264639.802104
  },
  "NFLX": {
    "bid": 86.95,
    "ask": 87.99,
    "spread": 1.04,
    "spread_pct": 1.188979,
    "timestamp": 1778264639.389069
  },
  "AMD": {
    "bid": 447.6,
    "ask": 447.72,
    "spread": 0.12,
    "spread_pct": 0.026806,
    "timestamp": 1778264639.986826
  },
  "GER30": {
    "bid": 24415.96,
    "ask": 24417.04,
    "spread": 1.08,
    "spread_pct": 0.004423,
    "timestamp": 1778264638.413323
  },
  "XAGUSD": {
    "bid": 80.666,
    "ask": 80.771,
    "spread": 0.105,
    "spread_pct": 0.130082,
    "timestamp": 1778264639.4253497
  },
  "PLTR": {
    "bid": 136.75,
    "ask": 136.93,
    "spread": 0.18,
    "spread_pct": 0.13154,
    "timestamp": 1778264639.389134
  },
  "GOOG": {
    "bid": 398.91,
    "ask": 399.35,
    "spread": 0.44,
    "spread_pct": 0.11024,
    "timestamp": 1778264639.498634
  },
  "NGAS": {
    "bid": 2.7436,
    "ask": 2.7564,
    "spread": 0.0128,
    "spread_pct": 0.465455,
    "timestamp": 1778264639.595925
  },
  "SP500": {
    "bid": 7424.47,
    "ask": 7424.78,
    "spread": 0.31,
    "spread_pct": 0.004175,
    "timestamp": 1778264639.2411542
  },
  "EURUSD": {
    "bid": 1.17779,
    "ask": 1.17787,
    "spread": 8e-05,
    "spread_pct": 0.006792,
    "timestamp": 1778264639.7372952
  },
  "NVIDIA": {
    "bid": 215.38,
    "ask": 215.7,
    "spread": 0.32,
    "spread_pct": 0.148464,
    "timestamp": 1778264639.7368503
  },
  "USOIL": {
    "bid": 95.231,
    "ask": 95.269,
    "spread": 0.038,
    "spread_pct": 0.039895,
    "timestamp": 1778264639.6064875
  },
  "TSLA": {
    "bid": 428.27,
    "ask": 428.81,
    "spread": 0.54,
    "spread_pct": 0.126009,
    "timestamp": 1778264639.4768193
  },
  "AMZN": {
    "bid": 272.58,
    "ask": 272.85,
    "spread": 0.27,
    "spread_pct": 0.099004,
    "timestamp": 1778264639.1723547
  },
  "GBPUSD": {
    "bid": 1.36251,
    "ask": 1.36259,
    "spread": 8e-05,
    "spread_pct": 0.005871,
    "timestamp": 1778264640.0513406
  },
  "AUDUSD": {
    "bid": 0.72444,
    "ask": 0.72452,
    "spread": 8e-05,
    "spread_pct": 0.011042,
    "timestamp": 1778264640.05145
  },
  "TSM": {
    "bid": 409.17,
    "ask": 409.58,
    "spread": 0.41,
    "spread_pct": 0.100153,
    "timestamp": 1778264639.148048
  },
  "MSTR": {
    "bid": 186.94,
    "ask": 187.64,
    "spread": 0.7,
    "spread_pct": 0.373752,
    "timestamp": 1778264639.7369456
  },
  "XPTUSD": {
    "bid": 2054.6,
    "ask": 2064.48,
    "spread": 9.88,
    "spread_pct": 0.479719,
    "timestamp": 1778264631.26564
  },
  "COST": {
    "bid": 1010.14,
    "ask": 1011.15,
    "spread": 1.01,
    "spread_pct": 0.099936,
    "timestamp": 1778264639.2852998
  },
  "XALUSD": {
    "bid": 3495.06,
    "ask": 3510.34,
    "spread": 15.28,
    "spread_pct": 0.436235,
    "timestamp": 1778260227.2062135
  },
  "XPDUSD": {
    "bid": 1491.95,
    "ask": 1499.45,
    "spread": 7.5,
    "spread_pct": 0.501437,
    "timestamp": 1778264639.1098032
  }
}