{
  "AAPL": {
    "bid": 269.82,
    "ask": 270.0,
    "spread": 0.18,
    "spread_pct": 0.066689,
    "timestamp": 1777402555.240041
  },
  "COPPER": {
    "bid": 597.26,
    "ask": 597.68,
    "spread": 0.42,
    "spread_pct": 0.070296,
    "timestamp": 1777415765.4769516
  },
  "META": {
    "bid": 671.41,
    "ask": 672.21,
    "spread": 0.8,
    "spread_pct": 0.119081,
    "timestamp": 1777402555.141898
  },
  "MSFT": {
    "bid": 427.11,
    "ask": 427.23,
    "spread": 0.12,
    "spread_pct": 0.028092,
    "timestamp": 1777402555.4344442
  },
  "ORCL": {
    "bid": 166.46,
    "ask": 166.62,
    "spread": 0.16,
    "spread_pct": 0.096073,
    "timestamp": 1777402554.1626806
  },
  "DJ30": {
    "bid": 49358.99,
    "ask": 49360.01,
    "spread": 1.02,
    "spread_pct": 0.002066,
    "timestamp": 1777415774.5333512
  },
  "TECH100": {
    "bid": 27224.89,
    "ask": 27225.36,
    "spread": 0.47,
    "spread_pct": 0.001726,
    "timestamp": 1777415774.569834
  },
  "XAUUSD": {
    "bid": 4596.79,
    "ask": 4596.99,
    "spread": 0.2,
    "spread_pct": 0.004351,
    "timestamp": 1777415774.5696452
  },
  "UK100": {
    "bid": 10311.5,
    "ask": 10315.5,
    "spread": 4.0,
    "spread_pct": 0.038784,
    "timestamp": 1777402554.1142027
  },
  "UKOIL": {
    "bid": 104.109,
    "ask": 104.141,
    "spread": 0.032,
    "spread_pct": 0.030732,
    "timestamp": 1777407156.7001078
  },
  "INTEL": {
    "bid": 84.04,
    "ask": 84.14,
    "spread": 0.1,
    "spread_pct": 0.11892,
    "timestamp": 1777402555.5210788
  },
  "JPN225": {
    "bid": 59150.53,
    "ask": 59159.47,
    "spread": 8.94,
    "spread_pct": 0.015113,
    "timestamp": 1777407158.9221785
  },
  "NZDUSD": {
    "bid": 0.58849,
    "ask": 0.58858,
    "spread": 9e-05,
    "spread_pct": 0.015292,
    "timestamp": 1777415774.501118
  },
  "NFLX": {
    "bid": 91.44,
    "ask": 92.52,
    "spread": 1.08,
    "spread_pct": 1.174168,
    "timestamp": 1777402554.2028255
  },
  "AMD": {
    "bid": 324.37,
    "ask": 324.51,
    "spread": 0.14,
    "spread_pct": 0.043151,
    "timestamp": 1777402555.682999
  },
  "GER30": {
    "bid": 24114.98,
    "ask": 24116.02,
    "spread": 1.04,
    "spread_pct": 0.004313,
    "timestamp": 1777402553.3227198
  },
  "XAGUSD": {
    "bid": 73.144,
    "ask": 73.246,
    "spread": 0.102,
    "spread_pct": 0.139354,
    "timestamp": 1777415774.5697753
  },
  "PLTR": {
    "bid": 141.52,
    "ask": 141.7,
    "spread": 0.18,
    "spread_pct": 0.12711,
    "timestamp": 1777402555.5207434
  },
  "GOOG": {
    "bid": 349.47,
    "ask": 349.89,
    "spread": 0.42,
    "spread_pct": 0.12011,
    "timestamp": 1777402555.5450108
  },
  "NGAS": {
    "bid": 2.6752,
    "ask": 2.6878,
    "spread": 0.0126,
    "spread_pct": 0.469886,
    "timestamp": 1777415768.2485242
  },
  "SP500": {
    "bid": 7175.58,
    "ask": 7175.92,
    "spread": 0.34,
    "spread_pct": 0.004738,
    "timestamp": 1777415774.5697148
  },
  "EURUSD": {
    "bid": 1.17153,
    "ask": 1.17163,
    "spread": 0.0001,
    "spread_pct": 0.008535,
    "timestamp": 1777415772.778597
  },
  "NVIDIA": {
    "bid": 213.5,
    "ask": 213.85,
    "spread": 0.35,
    "spread_pct": 0.1638,
    "timestamp": 1777402555.6406739
  },
  "USOIL": {
    "bid": 99.469,
    "ask": 99.501,
    "spread": 0.032,
    "spread_pct": 0.032166,
    "timestamp": 1777415774.3542507
  },
  "TSLA": {
    "bid": 377.41,
    "ask": 377.95,
    "spread": 0.54,
    "spread_pct": 0.142978,
    "timestamp": 1777402555.4564366
  },
  "AMZN": {
    "bid": 258.75,
    "ask": 259.07,
    "spread": 0.32,
    "spread_pct": 0.123595,
    "timestamp": 1777402555.3799934
  },
  "GBPUSD": {
    "bid": 1.35207,
    "ask": 1.35218,
    "spread": 0.00011,
    "spread_pct": 0.008135,
    "timestamp": 1777415775.163886
  },
  "AUDUSD": {
    "bid": 0.71828,
    "ask": 0.71839,
    "spread": 0.00011,
    "spread_pct": 0.015313,
    "timestamp": 1777415772.8641782
  },
  "TSM": {
    "bid": 392.43,
    "ask": 392.9,
    "spread": 0.47,
    "spread_pct": 0.119695,
    "timestamp": 1777402555.1968126
  },
  "MSTR": {
    "bid": 166.07,
    "ask": 166.75,
    "spread": 0.68,
    "spread_pct": 0.408629,
    "timestamp": 1777402555.7611969
  },
  "XPTUSD": {
    "bid": 1938.95,
    "ask": 1949.05,
    "spread": 10.1,
    "spread_pct": 0.519547,
    "timestamp": 1777415775.322634
  },
  "COST": {
    "bid": 988.45,
    "ask": 988.97,
    "spread": 0.52,
    "spread_pct": 0.052594,
    "timestamp": 1777402554.3323452
  },
  "XALUSD": {
    "bid": 3541.2,
    "ask": 3556.5,
    "spread": 15.3,
    "spread_pct": 0.431126,
    "timestamp": 1777390648.1311426
  },
  "XPDUSD": {
    "bid": 1464.28,
    "ask": 1471.61,
    "spread": 7.33,
    "spread_pct": 0.499338,
    "timestamp": 1777407158.9322438
  }
}