{
  "AAPL": {
    "bid": 298.41,
    "ask": 298.71,
    "spread": 0.3,
    "spread_pct": 0.100482,
    "timestamp": 1779274165.2168405
  },
  "COPPER": {
    "bid": 658.63,
    "ask": 659.03,
    "spread": 0.4,
    "spread_pct": 0.060714,
    "timestamp": 1778745929.310647
  },
  "META": {
    "bid": 604.6,
    "ask": 605.2,
    "spread": 0.6,
    "spread_pct": 0.09919,
    "timestamp": 1779274165.139337
  },
  "MSFT": {
    "bid": 415.86,
    "ask": 416.28,
    "spread": 0.42,
    "spread_pct": 0.100945,
    "timestamp": 1779274164.2722588
  },
  "ORCL": {
    "bid": 182.49,
    "ask": 182.72,
    "spread": 0.23,
    "spread_pct": 0.125955,
    "timestamp": 1779274165.2585483
  },
  "DJ30": {
    "bid": 49556.64,
    "ask": 49557.86,
    "spread": 1.22,
    "spread_pct": 0.002462,
    "timestamp": 1779274163.1607647
  },
  "TECH100": {
    "bid": 29125.83,
    "ask": 29126.31,
    "spread": 0.48,
    "spread_pct": 0.001648,
    "timestamp": 1779274164.49505
  },
  "XAUUSD": {
    "bid": 4492.71,
    "ask": 4492.91,
    "spread": 0.2,
    "spread_pct": 0.004452,
    "timestamp": 1779274164.434473
  },
  "UK100": {
    "bid": 10351.54,
    "ask": 10352.3,
    "spread": 0.76,
    "spread_pct": 0.007342,
    "timestamp": 1779274162.3948135
  },
  "UKOIL": {
    "bid": 108.03,
    "ask": 108.064,
    "spread": 0.034,
    "spread_pct": 0.031468,
    "timestamp": 1779274163.2581625
  },
  "INTEL": {
    "bid": 112.4,
    "ask": 112.52,
    "spread": 0.12,
    "spread_pct": 0.106705,
    "timestamp": 1779214080.197513
  },
  "JPN225": {
    "bid": 60312.25,
    "ask": 60352.25,
    "spread": 40.0,
    "spread_pct": 0.0663,
    "timestamp": 1779274164.919681
  },
  "NZDUSD": {
    "bid": 0.58444,
    "ask": 0.58454,
    "spread": 0.0001,
    "spread_pct": 0.017109,
    "timestamp": 1779274163.610469
  },
  "NFLX": {
    "bid": 88.83,
    "ask": 88.96,
    "spread": 0.13,
    "spread_pct": 0.14624,
    "timestamp": 1779274165.2166913
  },
  "AMD": {
    "bid": 424.32,
    "ask": 424.74,
    "spread": 0.42,
    "spread_pct": 0.098933,
    "timestamp": 1779274164.2949328
  },
  "GER30": {
    "bid": 24604.38,
    "ask": 24605.62,
    "spread": 1.24,
    "spread_pct": 0.00504,
    "timestamp": 1779274164.3999135
  },
  "XAGUSD": {
    "bid": 75.586,
    "ask": 75.691,
    "spread": 0.105,
    "spread_pct": 0.138818,
    "timestamp": 1779274164.3174329
  },
  "PLTR": {
    "bid": 134.47,
    "ask": 134.6,
    "spread": 0.13,
    "spread_pct": 0.096629,
    "timestamp": 1779274165.2169914
  },
  "GOOG": {
    "bid": 391.44,
    "ask": 391.9,
    "spread": 0.46,
    "spread_pct": 0.117446,
    "timestamp": 1779214082.4227853
  },
  "NGAS": {
    "bid": 3.0981,
    "ask": 3.1109,
    "spread": 0.0128,
    "spread_pct": 0.412305,
    "timestamp": 1779214079.4942377
  },
  "SP500": {
    "bid": 7401.44,
    "ask": 7401.8,
    "spread": 0.36,
    "spread_pct": 0.004864,
    "timestamp": 1779274164.3994865
  },
  "EURUSD": {
    "bid": 1.16021,
    "ask": 1.16032,
    "spread": 0.00011,
    "spread_pct": 0.009481,
    "timestamp": 1779274165.3129165
  },
  "NVIDIA": {
    "bid": 223.36,
    "ask": 223.7,
    "spread": 0.34,
    "spread_pct": 0.152105,
    "timestamp": 1779214080.6571395
  },
  "USOIL": {
    "bid": 101.147,
    "ask": 101.187,
    "spread": 0.04,
    "spread_pct": 0.039539,
    "timestamp": 1779274164.1720948
  },
  "TSLA": {
    "bid": 408.01,
    "ask": 408.5,
    "spread": 0.49,
    "spread_pct": 0.120023,
    "timestamp": 1779274165.217499
  },
  "AMZN": {
    "bid": 260.03,
    "ask": 260.29,
    "spread": 0.26,
    "spread_pct": 0.099938,
    "timestamp": 1779274165.2377057
  },
  "GBPUSD": {
    "bid": 1.33976,
    "ask": 1.33986,
    "spread": 0.0001,
    "spread_pct": 0.007464,
    "timestamp": 1779274165.0629005
  },
  "AUDUSD": {
    "bid": 0.71236,
    "ask": 0.71244,
    "spread": 8e-05,
    "spread_pct": 0.01123,
    "timestamp": 1779274164.7743394
  },
  "TSM": {
    "bid": 398.03,
    "ask": 398.43,
    "spread": 0.4,
    "spread_pct": 0.100444,
    "timestamp": 1779274165.1392076
  },
  "MSTR": {
    "bid": 167.92,
    "ask": 168.09,
    "spread": 0.17,
    "spread_pct": 0.101187,
    "timestamp": 1779274164.1436057
  },
  "XPTUSD": {
    "bid": 1940.48,
    "ask": 1950.38,
    "spread": 9.9,
    "spread_pct": 0.508885,
    "timestamp": 1779274164.317551
  },
  "COST": {
    "bid": 1089.96,
    "ask": 1092.23,
    "spread": 2.27,
    "spread_pct": 0.208048,
    "timestamp": 1779274165.3018534
  },
  "XALUSD": {
    "bid": 3596.22,
    "ask": 3611.63,
    "spread": 15.41,
    "spread_pct": 0.427589,
    "timestamp": 1779263704.6305332
  },
  "XPDUSD": {
    "bid": 1371.78,
    "ask": 1379.22,
    "spread": 7.44,
    "spread_pct": 0.540894,
    "timestamp": 1779274155.307141
  }
}