{
  "AAPL": {
    "bid": 281.64,
    "ask": 281.78,
    "spread": 0.14,
    "spread_pct": 0.049696,
    "timestamp": 1777658177.3005939
  },
  "COPPER": {
    "bid": 598.06,
    "ask": 598.44,
    "spread": 0.38,
    "spread_pct": 0.063519,
    "timestamp": 1777658176.7157464
  },
  "META": {
    "bid": 612.55,
    "ask": 613.16,
    "spread": 0.61,
    "spread_pct": 0.099534,
    "timestamp": 1777658177.2413669
  },
  "MSFT": {
    "bid": 415.03,
    "ask": 415.45,
    "spread": 0.42,
    "spread_pct": 0.101146,
    "timestamp": 1777658177.241434
  },
  "ORCL": {
    "bid": 173.64,
    "ask": 173.81,
    "spread": 0.17,
    "spread_pct": 0.097856,
    "timestamp": 1777658177.3438902
  },
  "DJ30": {
    "bid": 49814.36,
    "ask": 49815.64,
    "spread": 1.28,
    "spread_pct": 0.00257,
    "timestamp": 1777658177.1955268
  },
  "TECH100": {
    "bid": 27890.76,
    "ask": 27891.24,
    "spread": 0.48,
    "spread_pct": 0.001721,
    "timestamp": 1777658177.1954129
  },
  "XAUUSD": {
    "bid": 4630.99,
    "ask": 4631.19,
    "spread": 0.2,
    "spread_pct": 0.004319,
    "timestamp": 1777658177.341907
  },
  "UK100": {
    "bid": 10383.5,
    "ask": 10387.5,
    "spread": 4.0,
    "spread_pct": 0.038515,
    "timestamp": 1777658176.1141448
  },
  "UKOIL": {
    "bid": 107.476,
    "ask": 107.514,
    "spread": 0.038,
    "spread_pct": 0.03535,
    "timestamp": 1777658176.555825
  },
  "INTEL": {
    "bid": 98.75,
    "ask": 98.89,
    "spread": 0.14,
    "spread_pct": 0.141672,
    "timestamp": 1777658176.359318
  },
  "JPN225": {
    "bid": 59555.34,
    "ask": 59564.66,
    "spread": 9.32,
    "spread_pct": 0.015648,
    "timestamp": 1777658177.1163917
  },
  "NZDUSD": {
    "bid": 0.59057,
    "ask": 0.59066,
    "spread": 9e-05,
    "spread_pct": 0.015238,
    "timestamp": 1777658176.4937208
  },
  "NFLX": {
    "bid": 92.58,
    "ask": 92.72,
    "spread": 0.14,
    "spread_pct": 0.151106,
    "timestamp": 1777658177.1310134
  },
  "AMD": {
    "bid": 362.01,
    "ask": 362.37,
    "spread": 0.36,
    "spread_pct": 0.099395,
    "timestamp": 1777658177.3312762
  },
  "GER30": {
    "bid": 24426.99,
    "ask": 24428.01,
    "spread": 1.02,
    "spread_pct": 0.004176,
    "timestamp": 1777575685.1484106
  },
  "XAGUSD": {
    "bid": 75.991,
    "ask": 76.091,
    "spread": 0.1,
    "spread_pct": 0.131508,
    "timestamp": 1777658176.1150682
  },
  "PLTR": {
    "bid": 145.11,
    "ask": 145.26,
    "spread": 0.15,
    "spread_pct": 0.103316,
    "timestamp": 1777658177.2786644
  },
  "GOOG": {
    "bid": 384.97,
    "ask": 385.41,
    "spread": 0.44,
    "spread_pct": 0.114229,
    "timestamp": 1777658176.493979
  },
  "NGAS": {
    "bid": 2.7619,
    "ask": 2.7751,
    "spread": 0.0132,
    "spread_pct": 0.476792,
    "timestamp": 1777658176.5559313
  },
  "SP500": {
    "bid": 7281.21,
    "ask": 7281.54,
    "spread": 0.33,
    "spread_pct": 0.004532,
    "timestamp": 1777658176.4939024
  },
  "EURUSD": {
    "bid": 1.17326,
    "ask": 1.17335,
    "spread": 9e-05,
    "spread_pct": 0.007671,
    "timestamp": 1777658176.2959797
  },
  "NVIDIA": {
    "bid": 199.83,
    "ask": 200.17,
    "spread": 0.34,
    "spread_pct": 0.17,
    "timestamp": 1777658176.2964633
  },
  "USOIL": {
    "bid": 100.57,
    "ask": 102.41,
    "spread": 1.84,
    "spread_pct": 1.812987,
    "timestamp": 1777658176.3591533
  },
  "TSLA": {
    "bid": 396.63,
    "ask": 397.15,
    "spread": 0.52,
    "spread_pct": 0.131019,
    "timestamp": 1777658176.2965653
  },
  "AMZN": {
    "bid": 269.33,
    "ask": 269.6,
    "spread": 0.27,
    "spread_pct": 0.100199,
    "timestamp": 1777658177.2042294
  },
  "GBPUSD": {
    "bid": 1.35917,
    "ask": 1.35926,
    "spread": 9e-05,
    "spread_pct": 0.006621,
    "timestamp": 1777658176.2846472
  },
  "AUDUSD": {
    "bid": 0.721,
    "ask": 0.72111,
    "spread": 0.00011,
    "spread_pct": 0.015255,
    "timestamp": 1777658176.1776533
  },
  "TSM": {
    "bid": 399.8,
    "ask": 400.2,
    "spread": 0.4,
    "spread_pct": 0.1,
    "timestamp": 1777658177.1164804
  },
  "MSTR": {
    "bid": 179.77,
    "ask": 179.95,
    "spread": 0.18,
    "spread_pct": 0.100078,
    "timestamp": 1777658177.24127
  },
  "XPTUSD": {
    "bid": 1993.43,
    "ask": 2003.43,
    "spread": 10.0,
    "spread_pct": 0.500393,
    "timestamp": 1777658176.2853177
  },
  "COST": {
    "bid": 1014.11,
    "ask": 1016.35,
    "spread": 2.24,
    "spread_pct": 0.22064,
    "timestamp": 1777658177.1629906
  },
  "XALUSD": {
    "bid": 3502.44,
    "ask": 3517.91,
    "spread": 15.47,
    "spread_pct": 0.440719,
    "timestamp": 1777658171.7225325
  },
  "XPDUSD": {
    "bid": 1534.54,
    "ask": 1541.78,
    "spread": 7.24,
    "spread_pct": 0.470692,
    "timestamp": 1777658177.2705567
  }
}