{
  "AAPL": {
    "bid": 300.92,
    "ask": 301.22,
    "spread": 0.3,
    "spread_pct": 0.099645,
    "timestamp": 1779321397.307535
  },
  "COPPER": {
    "bid": 658.63,
    "ask": 659.03,
    "spread": 0.4,
    "spread_pct": 0.060714,
    "timestamp": 1778745929.310647
  },
  "META": {
    "bid": 603.5,
    "ask": 604.1,
    "spread": 0.6,
    "spread_pct": 0.099371,
    "timestamp": 1779321397.3076606
  },
  "MSFT": {
    "bid": 418.33,
    "ask": 418.75,
    "spread": 0.42,
    "spread_pct": 0.100349,
    "timestamp": 1779321397.160862
  },
  "ORCL": {
    "bid": 186.5,
    "ask": 186.69,
    "spread": 0.19,
    "spread_pct": 0.101825,
    "timestamp": 1779321397.1137576
  },
  "DJ30": {
    "bid": 49970.93,
    "ask": 49972.07,
    "spread": 1.14,
    "spread_pct": 0.002281,
    "timestamp": 1779321396.3474936
  },
  "TECH100": {
    "bid": 29198.38,
    "ask": 29198.86,
    "spread": 0.48,
    "spread_pct": 0.001644,
    "timestamp": 1779321396.500452
  },
  "XAUUSD": {
    "bid": 4544.63,
    "ask": 4544.81,
    "spread": 0.18,
    "spread_pct": 0.003961,
    "timestamp": 1779321396.15635
  },
  "UK100": {
    "bid": 10463.05,
    "ask": 10467.05,
    "spread": 4.0,
    "spread_pct": 0.038222,
    "timestamp": 1779303865.3135343
  },
  "UKOIL": {
    "bid": 104.595,
    "ask": 104.627,
    "spread": 0.032,
    "spread_pct": 0.03059,
    "timestamp": 1779303865.7799308
  },
  "INTEL": {
    "bid": 118.43,
    "ask": 118.55,
    "spread": 0.12,
    "spread_pct": 0.101274,
    "timestamp": 1779303866.1968431
  },
  "JPN225": {
    "bid": 61283.75,
    "ask": 61323.75,
    "spread": 40.0,
    "spread_pct": 0.065249,
    "timestamp": 1779321396.3389287
  },
  "NZDUSD": {
    "bid": 0.5867,
    "ask": 0.58679,
    "spread": 9e-05,
    "spread_pct": 0.015339,
    "timestamp": 1779321396.455839
  },
  "NFLX": {
    "bid": 87.73,
    "ask": 87.86,
    "spread": 0.13,
    "spread_pct": 0.148072,
    "timestamp": 1779321397.222896
  },
  "AMD": {
    "bid": 439.78,
    "ask": 440.22,
    "spread": 0.44,
    "spread_pct": 0.1,
    "timestamp": 1779321397.2561996
  },
  "GER30": {
    "bid": 24804.06,
    "ask": 24805.06,
    "spread": 1.0,
    "spread_pct": 0.004032,
    "timestamp": 1779303865.3141782
  },
  "XAGUSD": {
    "bid": 75.783,
    "ask": 75.886,
    "spread": 0.103,
    "spread_pct": 0.135822,
    "timestamp": 1779321397.194175
  },
  "PLTR": {
    "bid": 135.88,
    "ask": 136.02,
    "spread": 0.14,
    "spread_pct": 0.102979,
    "timestamp": 1779321396.1978688
  },
  "GOOG": {
    "bid": 387.28,
    "ask": 387.72,
    "spread": 0.44,
    "spread_pct": 0.113548,
    "timestamp": 1779303862.4028034
  },
  "NGAS": {
    "bid": 3.0981,
    "ask": 3.1109,
    "spread": 0.0128,
    "spread_pct": 0.412305,
    "timestamp": 1779214079.4942377
  },
  "SP500": {
    "bid": 7417.72,
    "ask": 7418.02,
    "spread": 0.3,
    "spread_pct": 0.004044,
    "timestamp": 1779321396.455938
  },
  "EURUSD": {
    "bid": 1.16243,
    "ask": 1.16254,
    "spread": 0.00011,
    "spread_pct": 0.009462,
    "timestamp": 1779321394.6105995
  },
  "NVIDIA": {
    "bid": 222.26,
    "ask": 222.59,
    "spread": 0.33,
    "spread_pct": 0.148365,
    "timestamp": 1779303864.8640544
  },
  "USOIL": {
    "bid": 97.99,
    "ask": 99.85,
    "spread": 1.86,
    "spread_pct": 1.880307,
    "timestamp": 1779321396.263969
  },
  "TSLA": {
    "bid": 415.36,
    "ask": 415.86,
    "spread": 0.5,
    "spread_pct": 0.120305,
    "timestamp": 1779321397.1540635
  },
  "AMZN": {
    "bid": 263.94,
    "ask": 264.2,
    "spread": 0.26,
    "spread_pct": 0.098459,
    "timestamp": 1779321397.1520834
  },
  "GBPUSD": {
    "bid": 1.34329,
    "ask": 1.34341,
    "spread": 0.00012,
    "spread_pct": 0.008933,
    "timestamp": 1779321396.339028
  },
  "AUDUSD": {
    "bid": 0.71492,
    "ask": 0.71502,
    "spread": 0.0001,
    "spread_pct": 0.013987,
    "timestamp": 1779321396.4560077
  },
  "TSM": {
    "bid": 400.59,
    "ask": 400.99,
    "spread": 0.4,
    "spread_pct": 0.099803,
    "timestamp": 1779321397.1942627
  },
  "MSTR": {
    "bid": 165.37,
    "ask": 165.54,
    "spread": 0.17,
    "spread_pct": 0.102747,
    "timestamp": 1779321397.1811554
  },
  "XPTUSD": {
    "bid": 1952.0,
    "ask": 1962.1,
    "spread": 10.1,
    "spread_pct": 0.516083,
    "timestamp": 1779321396.2640393
  },
  "COST": {
    "bid": 1074.78,
    "ask": 1075.96,
    "spread": 1.18,
    "spread_pct": 0.10973,
    "timestamp": 1779321397.19408
  },
  "XALUSD": {
    "bid": 3626.63,
    "ask": 3641.87,
    "spread": 15.24,
    "spread_pct": 0.419344,
    "timestamp": 1779295033.2977886
  },
  "XPDUSD": {
    "bid": 1373.01,
    "ask": 1380.39,
    "spread": 7.38,
    "spread_pct": 0.536065,
    "timestamp": 1779321395.6908605
  }
}