{
  "AAPL": {
    "bid": 287.67,
    "ask": 287.96,
    "spread": 0.29,
    "spread_pct": 0.100759,
    "timestamp": 1778103386.2318866
  },
  "COPPER": {
    "bid": 617.91,
    "ask": 618.29,
    "spread": 0.38,
    "spread_pct": 0.061479,
    "timestamp": 1778098856.156701
  },
  "META": {
    "bid": 612.02,
    "ask": 612.63,
    "spread": 0.61,
    "spread_pct": 0.09962,
    "timestamp": 1778103386.2427416
  },
  "MSFT": {
    "bid": 413.64,
    "ask": 414.05,
    "spread": 0.41,
    "spread_pct": 0.099071,
    "timestamp": 1778103386.2858837
  },
  "ORCL": {
    "bid": 192.39,
    "ask": 192.91,
    "spread": 0.52,
    "spread_pct": 0.26992,
    "timestamp": 1778103386.3369405
  },
  "DJ30": {
    "bid": 50011.5,
    "ask": 50012.5,
    "spread": 1.0,
    "spread_pct": 0.002,
    "timestamp": 1778098855.6921868
  },
  "TECH100": {
    "bid": 28795.3,
    "ask": 28795.7,
    "spread": 0.4,
    "spread_pct": 0.001389,
    "timestamp": 1778098855.5075412
  },
  "XAUUSD": {
    "bid": 4698.26,
    "ask": 4698.44,
    "spread": 0.18,
    "spread_pct": 0.003831,
    "timestamp": 1778098855.9311857
  },
  "UK100": {
    "bid": 10439.65,
    "ask": 10440.35,
    "spread": 0.7,
    "spread_pct": 0.006705,
    "timestamp": 1778093843.331283
  },
  "UKOIL": {
    "bid": 101.936,
    "ask": 101.974,
    "spread": 0.038,
    "spread_pct": 0.037271,
    "timestamp": 1778103376.5015516
  },
  "INTEL": {
    "bid": 112.21,
    "ask": 112.35,
    "spread": 0.14,
    "spread_pct": 0.124688,
    "timestamp": 1778093843.2089787
  },
  "JPN225": {
    "bid": 62316.38,
    "ask": 62323.62,
    "spread": 7.24,
    "spread_pct": 0.011617,
    "timestamp": 1778098854.450849
  },
  "NZDUSD": {
    "bid": 0.59501,
    "ask": 0.59512,
    "spread": 0.00011,
    "spread_pct": 0.018485,
    "timestamp": 1778103384.6149774
  },
  "NFLX": {
    "bid": 88.2,
    "ask": 88.33,
    "spread": 0.13,
    "spread_pct": 0.147284,
    "timestamp": 1778103386.155714
  },
  "AMD": {
    "bid": 414.99,
    "ask": 415.41,
    "spread": 0.42,
    "spread_pct": 0.101156,
    "timestamp": 1778103386.2743096
  },
  "GER30": {
    "bid": 25034.35,
    "ask": 25035.65,
    "spread": 1.3,
    "spread_pct": 0.005193,
    "timestamp": 1778093843.3318365
  },
  "XAGUSD": {
    "bid": 77.525,
    "ask": 77.628,
    "spread": 0.103,
    "spread_pct": 0.132772,
    "timestamp": 1778098856.0924277
  },
  "PLTR": {
    "bid": 133.32,
    "ask": 133.45,
    "spread": 0.13,
    "spread_pct": 0.097462,
    "timestamp": 1778103386.2225113
  },
  "GOOG": {
    "bid": 396.65,
    "ask": 397.09,
    "spread": 0.44,
    "spread_pct": 0.110868,
    "timestamp": 1778093843.2086306
  },
  "NGAS": {
    "bid": 2.712,
    "ask": 2.725,
    "spread": 0.013,
    "spread_pct": 0.478205,
    "timestamp": 1778098855.007839
  },
  "SP500": {
    "bid": 7392.71,
    "ask": 7393.04,
    "spread": 0.33,
    "spread_pct": 0.004464,
    "timestamp": 1778098855.5724347
  },
  "EURUSD": {
    "bid": 1.1749,
    "ask": 1.17502,
    "spread": 0.00012,
    "spread_pct": 0.010213,
    "timestamp": 1778098854.8243537
  },
  "NVIDIA": {
    "bid": 206.89,
    "ask": 207.21,
    "spread": 0.32,
    "spread_pct": 0.154552,
    "timestamp": 1778093843.5791183
  },
  "USOIL": {
    "bid": 94.63,
    "ask": 96.5,
    "spread": 1.87,
    "spread_pct": 1.956783,
    "timestamp": 1778098855.4976268
  },
  "TSLA": {
    "bid": 396.9,
    "ask": 397.38,
    "spread": 0.48,
    "spread_pct": 0.120864,
    "timestamp": 1778103386.2226214
  },
  "AMZN": {
    "bid": 275.0,
    "ask": 275.28,
    "spread": 0.28,
    "spread_pct": 0.101766,
    "timestamp": 1778103386.2223475
  },
  "GBPUSD": {
    "bid": 1.35926,
    "ask": 1.35937,
    "spread": 0.00011,
    "spread_pct": 0.008092,
    "timestamp": 1778103371.37503
  },
  "AUDUSD": {
    "bid": 0.72346,
    "ask": 0.72357,
    "spread": 0.00011,
    "spread_pct": 0.015204,
    "timestamp": 1778103384.6151147
  },
  "TSM": {
    "bid": 415.49,
    "ask": 415.91,
    "spread": 0.42,
    "spread_pct": 0.101034,
    "timestamp": 1778103386.3156395
  },
  "MSTR": {
    "bid": 186.25,
    "ask": 186.44,
    "spread": 0.19,
    "spread_pct": 0.101961,
    "timestamp": 1778103386.3463643
  },
  "XPTUSD": {
    "bid": 2058.35,
    "ask": 2068.27,
    "spread": 9.92,
    "spread_pct": 0.480781,
    "timestamp": 1778098856.172927
  },
  "COST": {
    "bid": 995.9,
    "ask": 996.9,
    "spread": 1.0,
    "spread_pct": 0.100361,
    "timestamp": 1778103386.194064
  },
  "XALUSD": {
    "bid": 3520.86,
    "ask": 3536.24,
    "spread": 15.38,
    "spread_pct": 0.435873,
    "timestamp": 1778087974.3581412
  },
  "XPDUSD": {
    "bid": 1537.76,
    "ask": 1545.24,
    "spread": 7.48,
    "spread_pct": 0.485242,
    "timestamp": 1778098856.0922995
  }
}