{
  "AAPL": {
    "bid": 276.59,
    "ask": 276.87,
    "spread": 0.28,
    "spread_pct": 0.101182,
    "timestamp": 1777939870.2442453
  },
  "COPPER": {
    "bid": 588.63,
    "ask": 589.03,
    "spread": 0.4,
    "spread_pct": 0.067931,
    "timestamp": 1777939870.8646529
  },
  "META": {
    "bid": 610.52,
    "ask": 611.13,
    "spread": 0.61,
    "spread_pct": 0.099865,
    "timestamp": 1777939870.400297
  },
  "MSFT": {
    "bid": 413.36,
    "ask": 413.77,
    "spread": 0.41,
    "spread_pct": 0.099138,
    "timestamp": 1777939870.1635156
  },
  "ORCL": {
    "bid": 181.35,
    "ask": 181.53,
    "spread": 0.18,
    "spread_pct": 0.099206,
    "timestamp": 1777939870.2648566
  },
  "DJ30": {
    "bid": 49118.87,
    "ask": 49120.13,
    "spread": 1.26,
    "spread_pct": 0.002565,
    "timestamp": 1777939869.2620928
  },
  "TECH100": {
    "bid": 27787.02,
    "ask": 27787.48,
    "spread": 0.46,
    "spread_pct": 0.001655,
    "timestamp": 1777939870.2655592
  },
  "XAUUSD": {
    "bid": 4525.94,
    "ask": 4526.14,
    "spread": 0.2,
    "spread_pct": 0.004419,
    "timestamp": 1777939870.2660108
  },
  "UK100": {
    "bid": 10311.88,
    "ask": 10312.62,
    "spread": 0.74,
    "spread_pct": 0.007176,
    "timestamp": 1777939869.8639286
  },
  "UKOIL": {
    "bid": 113.789,
    "ask": 113.821,
    "spread": 0.032,
    "spread_pct": 0.028118,
    "timestamp": 1777939869.4155872
  },
  "INTEL": {
    "bid": 96.46,
    "ask": 96.62,
    "spread": 0.16,
    "spread_pct": 0.165734,
    "timestamp": 1777920631.2741215
  },
  "JPN225": {
    "bid": 59490.97,
    "ask": 59499.03,
    "spread": 8.06,
    "spread_pct": 0.013547,
    "timestamp": 1777939870.4564488
  },
  "NZDUSD": {
    "bid": 0.58728,
    "ask": 0.58739,
    "spread": 0.00011,
    "spread_pct": 0.018729,
    "timestamp": 1777939870.6604762
  },
  "NFLX": {
    "bid": 91.28,
    "ask": 91.44,
    "spread": 0.16,
    "spread_pct": 0.175131,
    "timestamp": 1777939870.381543
  },
  "AMD": {
    "bid": 343.6,
    "ask": 343.94,
    "spread": 0.34,
    "spread_pct": 0.098903,
    "timestamp": 1777939870.2017722
  },
  "GER30": {
    "bid": 23988.45,
    "ask": 23989.55,
    "spread": 1.1,
    "spread_pct": 0.004585,
    "timestamp": 1777920630.5081723
  },
  "XAGUSD": {
    "bid": 72.79,
    "ask": 72.891,
    "spread": 0.101,
    "spread_pct": 0.138659,
    "timestamp": 1777939870.6603715
  },
  "PLTR": {
    "bid": 142.27,
    "ask": 142.41,
    "spread": 0.14,
    "spread_pct": 0.098356,
    "timestamp": 1777939870.1351445
  },
  "GOOG": {
    "bid": 383.13,
    "ask": 383.53,
    "spread": 0.4,
    "spread_pct": 0.104349,
    "timestamp": 1777920631.1498659
  },
  "NGAS": {
    "bid": 2.836,
    "ask": 2.849,
    "spread": 0.013,
    "spread_pct": 0.457344,
    "timestamp": 1777939870.2661664
  },
  "SP500": {
    "bid": 7233.46,
    "ask": 7233.79,
    "spread": 0.33,
    "spread_pct": 0.004562,
    "timestamp": 1777939870.9583323
  },
  "EURUSD": {
    "bid": 1.16927,
    "ask": 1.16936,
    "spread": 9e-05,
    "spread_pct": 0.007697,
    "timestamp": 1777939869.1698368
  },
  "NVIDIA": {
    "bid": 197.45,
    "ask": 197.79,
    "spread": 0.34,
    "spread_pct": 0.172047,
    "timestamp": 1777920630.2724364
  },
  "USOIL": {
    "bid": 104.874,
    "ask": 104.906,
    "spread": 0.032,
    "spread_pct": 0.030508,
    "timestamp": 1777939869.4162514
  },
  "TSLA": {
    "bid": 392.16,
    "ask": 392.63,
    "spread": 0.47,
    "spread_pct": 0.119777,
    "timestamp": 1777939870.3610098
  },
  "AMZN": {
    "bid": 272.35,
    "ask": 272.62,
    "spread": 0.27,
    "spread_pct": 0.099088,
    "timestamp": 1777939870.120659
  },
  "GBPUSD": {
    "bid": 1.35335,
    "ask": 1.35344,
    "spread": 9e-05,
    "spread_pct": 0.00665,
    "timestamp": 1777939870.076101
  },
  "AUDUSD": {
    "bid": 0.71704,
    "ask": 0.71716,
    "spread": 0.00012,
    "spread_pct": 0.016734,
    "timestamp": 1777939869.169768
  },
  "TSM": {
    "bid": 401.69,
    "ask": 402.09,
    "spread": 0.4,
    "spread_pct": 0.09953,
    "timestamp": 1777939870.1727998
  },
  "MSTR": {
    "bid": 184.12,
    "ask": 184.3,
    "spread": 0.18,
    "spread_pct": 0.097715,
    "timestamp": 1777939870.3268907
  },
  "XPTUSD": {
    "bid": 1946.71,
    "ask": 1956.85,
    "spread": 10.14,
    "spread_pct": 0.519526,
    "timestamp": 1777939870.6605432
  },
  "COST": {
    "bid": 1010.84,
    "ask": 1014.75,
    "spread": 3.91,
    "spread_pct": 0.38606,
    "timestamp": 1777939870.256703
  },
  "XALUSD": {
    "bid": 3502.44,
    "ask": 3517.91,
    "spread": 15.47,
    "spread_pct": 0.440719,
    "timestamp": 1777658171.7225325
  },
  "XPDUSD": {
    "bid": 1485.53,
    "ask": 1492.9,
    "spread": 7.37,
    "spread_pct": 0.494892,
    "timestamp": 1777939867.609146
  }
}