{
  "AAPL": {
    "bid": 277.19,
    "ask": 277.47,
    "spread": 0.28,
    "spread_pct": 0.100963,
    "timestamp": 1777953028.1571383
  },
  "COPPER": {
    "bid": 588.86,
    "ask": 589.24,
    "spread": 0.38,
    "spread_pct": 0.064511,
    "timestamp": 1777953022.8086774
  },
  "META": {
    "bid": 611.74,
    "ask": 612.35,
    "spread": 0.61,
    "spread_pct": 0.099666,
    "timestamp": 1777953028.18375
  },
  "MSFT": {
    "bid": 414.27,
    "ask": 414.68,
    "spread": 0.41,
    "spread_pct": 0.09892,
    "timestamp": 1777953028.216954
  },
  "ORCL": {
    "bid": 182.67,
    "ask": 182.85,
    "spread": 0.18,
    "spread_pct": 0.09849,
    "timestamp": 1777953028.1814811
  },
  "DJ30": {
    "bid": 49131.86,
    "ask": 49133.14,
    "spread": 1.28,
    "spread_pct": 0.002605,
    "timestamp": 1777953026.1897552
  },
  "TECH100": {
    "bid": 27845.4,
    "ask": 27845.85,
    "spread": 0.45,
    "spread_pct": 0.001616,
    "timestamp": 1777953028.2264655
  },
  "XAUUSD": {
    "bid": 4536.57,
    "ask": 4536.77,
    "spread": 0.2,
    "spread_pct": 0.004409,
    "timestamp": 1777953026.525061
  },
  "UK100": {
    "bid": 10277.36,
    "ask": 10278.14,
    "spread": 0.78,
    "spread_pct": 0.007589,
    "timestamp": 1777953028.14175
  },
  "UKOIL": {
    "bid": 113.15,
    "ask": 113.18,
    "spread": 0.03,
    "spread_pct": 0.02651,
    "timestamp": 1777953028.1393738
  },
  "INTEL": {
    "bid": 96.46,
    "ask": 96.62,
    "spread": 0.16,
    "spread_pct": 0.165734,
    "timestamp": 1777920631.2741215
  },
  "JPN225": {
    "bid": 59655.66,
    "ask": 59664.34,
    "spread": 8.68,
    "spread_pct": 0.014549,
    "timestamp": 1777953026.263249
  },
  "NZDUSD": {
    "bid": 0.58664,
    "ask": 0.58673,
    "spread": 9e-05,
    "spread_pct": 0.01534,
    "timestamp": 1777953021.8428946
  },
  "NFLX": {
    "bid": 91.18,
    "ask": 91.49,
    "spread": 0.31,
    "spread_pct": 0.33941,
    "timestamp": 1777953028.3459315
  },
  "AMD": {
    "bid": 344.34,
    "ask": 344.68,
    "spread": 0.34,
    "spread_pct": 0.098691,
    "timestamp": 1777953028.2906544
  },
  "GER30": {
    "bid": 24032.99,
    "ask": 24034.01,
    "spread": 1.02,
    "spread_pct": 0.004244,
    "timestamp": 1777953025.949238
  },
  "XAGUSD": {
    "bid": 72.839,
    "ask": 72.942,
    "spread": 0.103,
    "spread_pct": 0.141308,
    "timestamp": 1777953026.8078516
  },
  "PLTR": {
    "bid": 143.2,
    "ask": 143.34,
    "spread": 0.14,
    "spread_pct": 0.097718,
    "timestamp": 1777953028.1836345
  },
  "GOOG": {
    "bid": 383.13,
    "ask": 383.53,
    "spread": 0.4,
    "spread_pct": 0.104349,
    "timestamp": 1777920631.1498659
  },
  "NGAS": {
    "bid": 2.8344,
    "ask": 2.8466,
    "spread": 0.0122,
    "spread_pct": 0.429502,
    "timestamp": 1777953027.904805
  },
  "SP500": {
    "bid": 7241.45,
    "ask": 7241.8,
    "spread": 0.35,
    "spread_pct": 0.004833,
    "timestamp": 1777953028.5204117
  },
  "EURUSD": {
    "bid": 1.16853,
    "ask": 1.16861,
    "spread": 8e-05,
    "spread_pct": 0.006846,
    "timestamp": 1777953025.7786877
  },
  "NVIDIA": {
    "bid": 197.45,
    "ask": 197.79,
    "spread": 0.34,
    "spread_pct": 0.172047,
    "timestamp": 1777920630.2724364
  },
  "USOIL": {
    "bid": 104.323,
    "ask": 104.357,
    "spread": 0.034,
    "spread_pct": 0.032586,
    "timestamp": 1777953027.6898718
  },
  "TSLA": {
    "bid": 392.44,
    "ask": 392.91,
    "spread": 0.47,
    "spread_pct": 0.119692,
    "timestamp": 1777953028.3775275
  },
  "AMZN": {
    "bid": 272.7,
    "ask": 272.97,
    "spread": 0.27,
    "spread_pct": 0.098961,
    "timestamp": 1777953028.214091
  },
  "GBPUSD": {
    "bid": 1.35235,
    "ask": 1.35244,
    "spread": 9e-05,
    "spread_pct": 0.006655,
    "timestamp": 1777953021.8829076
  },
  "AUDUSD": {
    "bid": 0.7156,
    "ask": 0.7157,
    "spread": 0.0001,
    "spread_pct": 0.013973,
    "timestamp": 1777953028.2167678
  },
  "TSM": {
    "bid": 400.27,
    "ask": 400.67,
    "spread": 0.4,
    "spread_pct": 0.099883,
    "timestamp": 1777953028.1302235
  },
  "MSTR": {
    "bid": 187.73,
    "ask": 187.92,
    "spread": 0.19,
    "spread_pct": 0.101158,
    "timestamp": 1777953028.3973618
  },
  "XPTUSD": {
    "bid": 1965.78,
    "ask": 1975.66,
    "spread": 9.88,
    "spread_pct": 0.50134,
    "timestamp": 1777953027.3353462
  },
  "COST": {
    "bid": 1010.11,
    "ask": 1014.39,
    "spread": 4.28,
    "spread_pct": 0.42282,
    "timestamp": 1777953028.1572678
  },
  "XALUSD": {
    "bid": 3502.44,
    "ask": 3517.91,
    "spread": 15.47,
    "spread_pct": 0.440719,
    "timestamp": 1777658171.7225325
  },
  "XPDUSD": {
    "bid": 1492.32,
    "ask": 1499.69,
    "spread": 7.37,
    "spread_pct": 0.492645,
    "timestamp": 1777953027.3339715
  }
}