{
  "AAPL": {
    "bid": 282.41,
    "ask": 282.69,
    "spread": 0.28,
    "spread_pct": 0.099098,
    "timestamp": 1777587218.261799
  },
  "COPPER": {
    "bid": 603.19,
    "ask": 603.61,
    "spread": 0.42,
    "spread_pct": 0.069606,
    "timestamp": 1777587218.3111787
  },
  "META": {
    "bid": 615.23,
    "ask": 615.85,
    "spread": 0.62,
    "spread_pct": 0.100725,
    "timestamp": 1777587219.1459944
  },
  "MSFT": {
    "bid": 409.87,
    "ask": 410.28,
    "spread": 0.41,
    "spread_pct": 0.099982,
    "timestamp": 1777587219.1253626
  },
  "ORCL": {
    "bid": 163.37,
    "ask": 163.53,
    "spread": 0.16,
    "spread_pct": 0.097889,
    "timestamp": 1777587219.3071916
  },
  "DJ30": {
    "bid": 49938.46,
    "ask": 49939.54,
    "spread": 1.08,
    "spread_pct": 0.002163,
    "timestamp": 1777587219.2550793
  },
  "TECH100": {
    "bid": 27641.54,
    "ask": 27641.96,
    "spread": 0.42,
    "spread_pct": 0.001519,
    "timestamp": 1777587218.3163195
  },
  "XAUUSD": {
    "bid": 4631.8,
    "ask": 4632.0,
    "spread": 0.2,
    "spread_pct": 0.004318,
    "timestamp": 1777587218.1099682
  },
  "UK100": {
    "bid": 10370.5,
    "ask": 10374.5,
    "spread": 4.0,
    "spread_pct": 0.038564,
    "timestamp": 1777575685.4622164
  },
  "UKOIL": {
    "bid": 111.251,
    "ask": 111.289,
    "spread": 0.038,
    "spread_pct": 0.034151,
    "timestamp": 1777580062.5581286
  },
  "INTEL": {
    "bid": 92.57,
    "ask": 92.75,
    "spread": 0.18,
    "spread_pct": 0.194259,
    "timestamp": 1777575686.2138278
  },
  "JPN225": {
    "bid": 59785.17,
    "ask": 59794.83,
    "spread": 9.66,
    "spread_pct": 0.016157,
    "timestamp": 1777580048.3074672
  },
  "NZDUSD": {
    "bid": 0.5906,
    "ask": 0.59069,
    "spread": 9e-05,
    "spread_pct": 0.015238,
    "timestamp": 1777587218.5716076
  },
  "NFLX": {
    "bid": 93.96,
    "ask": 94.1,
    "spread": 0.14,
    "spread_pct": 0.148889,
    "timestamp": 1777587219.1310053
  },
  "AMD": {
    "bid": 351.95,
    "ask": 352.39,
    "spread": 0.44,
    "spread_pct": 0.12494,
    "timestamp": 1777587218.1845307
  },
  "GER30": {
    "bid": 24426.99,
    "ask": 24428.01,
    "spread": 1.02,
    "spread_pct": 0.004176,
    "timestamp": 1777575685.1484106
  },
  "XAGUSD": {
    "bid": 74.103,
    "ask": 74.203,
    "spread": 0.1,
    "spread_pct": 0.134856,
    "timestamp": 1777587219.2556334
  },
  "PLTR": {
    "bid": 141.15,
    "ask": 141.29,
    "spread": 0.14,
    "spread_pct": 0.099136,
    "timestamp": 1777587218.2526517
  },
  "GOOG": {
    "bid": 381.5,
    "ask": 381.92,
    "spread": 0.42,
    "spread_pct": 0.110031,
    "timestamp": 1777575686.4626043
  },
  "NGAS": {
    "bid": 2.7568,
    "ask": 2.7692,
    "spread": 0.0124,
    "spread_pct": 0.448788,
    "timestamp": 1777580059.9905255
  },
  "SP500": {
    "bid": 7262.45,
    "ask": 7262.8,
    "spread": 0.35,
    "spread_pct": 0.004819,
    "timestamp": 1777587219.2096918
  },
  "EURUSD": {
    "bid": 1.17315,
    "ask": 1.17324,
    "spread": 9e-05,
    "spread_pct": 0.007671,
    "timestamp": 1777587219.2109928
  },
  "NVIDIA": {
    "bid": 201.78,
    "ask": 202.11,
    "spread": 0.33,
    "spread_pct": 0.163411,
    "timestamp": 1777575686.2136922
  },
  "USOIL": {
    "bid": 104.52,
    "ask": 106.35,
    "spread": 1.83,
    "spread_pct": 1.735667,
    "timestamp": 1777587217.8120148
  },
  "TSLA": {
    "bid": 381.88,
    "ask": 382.34,
    "spread": 0.46,
    "spread_pct": 0.120384,
    "timestamp": 1777587219.3079984
  },
  "AMZN": {
    "bid": 264.53,
    "ask": 264.79,
    "spread": 0.26,
    "spread_pct": 0.098239,
    "timestamp": 1777587219.2203312
  },
  "GBPUSD": {
    "bid": 1.36052,
    "ask": 1.36062,
    "spread": 0.0001,
    "spread_pct": 0.00735,
    "timestamp": 1777587217.8900096
  },
  "AUDUSD": {
    "bid": 0.72003,
    "ask": 0.72013,
    "spread": 0.0001,
    "spread_pct": 0.013887,
    "timestamp": 1777587218.1100767
  },
  "TSM": {
    "bid": 394.72,
    "ask": 395.11,
    "spread": 0.39,
    "spread_pct": 0.098755,
    "timestamp": 1777587219.2662697
  },
  "MSTR": {
    "bid": 165.76,
    "ask": 165.93,
    "spread": 0.17,
    "spread_pct": 0.102505,
    "timestamp": 1777587219.254978
  },
  "XPTUSD": {
    "bid": 1987.13,
    "ask": 1997.42,
    "spread": 10.29,
    "spread_pct": 0.516495,
    "timestamp": 1777587218.669596
  },
  "COST": {
    "bid": 1014.92,
    "ask": 1015.94,
    "spread": 1.02,
    "spread_pct": 0.10045,
    "timestamp": 1777587219.3078952
  },
  "XALUSD": {
    "bid": 3472.28,
    "ask": 3487.52,
    "spread": 15.24,
    "spread_pct": 0.437944,
    "timestamp": 1777565299.190803
  },
  "XPDUSD": {
    "bid": 1531.91,
    "ask": 1539.29,
    "spread": 7.38,
    "spread_pct": 0.480594,
    "timestamp": 1777587218.6696997
  }
}