{
  "AAPL": {
    "bid": 272.22,
    "ask": 272.49,
    "spread": 0.27,
    "spread_pct": 0.099135,
    "timestamp": 1777580062.251094
  },
  "COPPER": {
    "bid": 601.44,
    "ask": 601.86,
    "spread": 0.42,
    "spread_pct": 0.069808,
    "timestamp": 1777580055.208146
  },
  "META": {
    "bid": 611.13,
    "ask": 611.74,
    "spread": 0.61,
    "spread_pct": 0.099765,
    "timestamp": 1777580062.2959163
  },
  "MSFT": {
    "bid": 409.42,
    "ask": 409.83,
    "spread": 0.41,
    "spread_pct": 0.100092,
    "timestamp": 1777580062.3157713
  },
  "ORCL": {
    "bid": 161.9,
    "ask": 162.06,
    "spread": 0.16,
    "spread_pct": 0.098778,
    "timestamp": 1777580062.3380892
  },
  "DJ30": {
    "bid": 49866.99,
    "ask": 49868.01,
    "spread": 1.02,
    "spread_pct": 0.002045,
    "timestamp": 1777580062.150947
  },
  "TECH100": {
    "bid": 27586.39,
    "ask": 27586.86,
    "spread": 0.47,
    "spread_pct": 0.001704,
    "timestamp": 1777580062.4887724
  },
  "XAUUSD": {
    "bid": 4616.74,
    "ask": 4616.96,
    "spread": 0.22,
    "spread_pct": 0.004765,
    "timestamp": 1777580062.1417172
  },
  "UK100": {
    "bid": 10370.5,
    "ask": 10374.5,
    "spread": 4.0,
    "spread_pct": 0.038564,
    "timestamp": 1777575685.4622164
  },
  "UKOIL": {
    "bid": 111.251,
    "ask": 111.289,
    "spread": 0.038,
    "spread_pct": 0.034151,
    "timestamp": 1777580062.5581286
  },
  "INTEL": {
    "bid": 92.57,
    "ask": 92.75,
    "spread": 0.18,
    "spread_pct": 0.194259,
    "timestamp": 1777575686.2138278
  },
  "JPN225": {
    "bid": 59785.17,
    "ask": 59794.83,
    "spread": 9.66,
    "spread_pct": 0.016157,
    "timestamp": 1777580048.3074672
  },
  "NZDUSD": {
    "bid": 0.59072,
    "ask": 0.59083,
    "spread": 0.00011,
    "spread_pct": 0.01862,
    "timestamp": 1777580060.9670677
  },
  "NFLX": {
    "bid": 93.78,
    "ask": 93.92,
    "spread": 0.14,
    "spread_pct": 0.149174,
    "timestamp": 1777580062.338543
  },
  "AMD": {
    "bid": 353.15,
    "ask": 353.5,
    "spread": 0.35,
    "spread_pct": 0.099059,
    "timestamp": 1777580062.132832
  },
  "GER30": {
    "bid": 24426.99,
    "ask": 24428.01,
    "spread": 1.02,
    "spread_pct": 0.004176,
    "timestamp": 1777575685.1484106
  },
  "XAGUSD": {
    "bid": 73.598,
    "ask": 73.701,
    "spread": 0.103,
    "spread_pct": 0.139852,
    "timestamp": 1777580062.6882741
  },
  "PLTR": {
    "bid": 139.76,
    "ask": 139.9,
    "spread": 0.14,
    "spread_pct": 0.100122,
    "timestamp": 1777580062.3384192
  },
  "GOOG": {
    "bid": 381.5,
    "ask": 381.92,
    "spread": 0.42,
    "spread_pct": 0.110031,
    "timestamp": 1777575686.4626043
  },
  "NGAS": {
    "bid": 2.7568,
    "ask": 2.7692,
    "spread": 0.0124,
    "spread_pct": 0.448788,
    "timestamp": 1777580059.9905255
  },
  "SP500": {
    "bid": 7245.46,
    "ask": 7245.79,
    "spread": 0.33,
    "spread_pct": 0.004554,
    "timestamp": 1777580062.151107
  },
  "EURUSD": {
    "bid": 1.17312,
    "ask": 1.17321,
    "spread": 9e-05,
    "spread_pct": 0.007672,
    "timestamp": 1777580061.2755132
  },
  "NVIDIA": {
    "bid": 201.78,
    "ask": 202.11,
    "spread": 0.33,
    "spread_pct": 0.163411,
    "timestamp": 1777575686.2136922
  },
  "USOIL": {
    "bid": 105.571,
    "ask": 105.609,
    "spread": 0.038,
    "spread_pct": 0.035988,
    "timestamp": 1777580062.555964
  },
  "TSLA": {
    "bid": 381.18,
    "ask": 381.64,
    "spread": 0.46,
    "spread_pct": 0.120605,
    "timestamp": 1777580062.2418463
  },
  "AMZN": {
    "bid": 264.69,
    "ask": 264.95,
    "spread": 0.26,
    "spread_pct": 0.09818,
    "timestamp": 1777580062.3382597
  },
  "GBPUSD": {
    "bid": 1.36045,
    "ask": 1.36054,
    "spread": 9e-05,
    "spread_pct": 0.006615,
    "timestamp": 1777580062.7610316
  },
  "AUDUSD": {
    "bid": 0.71975,
    "ask": 0.71984,
    "spread": 9e-05,
    "spread_pct": 0.012504,
    "timestamp": 1777580062.8889656
  },
  "TSM": {
    "bid": 395.25,
    "ask": 395.65,
    "spread": 0.4,
    "spread_pct": 0.101151,
    "timestamp": 1777580062.2632816
  },
  "MSTR": {
    "bid": 165.63,
    "ask": 165.8,
    "spread": 0.17,
    "spread_pct": 0.102586,
    "timestamp": 1777580062.163167
  },
  "XPTUSD": {
    "bid": 1987.53,
    "ask": 1997.55,
    "spread": 10.02,
    "spread_pct": 0.502876,
    "timestamp": 1777580061.82119
  },
  "COST": {
    "bid": 1014.56,
    "ask": 1017.69,
    "spread": 3.13,
    "spread_pct": 0.308033,
    "timestamp": 1777580062.3389275
  },
  "XALUSD": {
    "bid": 3472.28,
    "ask": 3487.52,
    "spread": 15.24,
    "spread_pct": 0.437944,
    "timestamp": 1777565299.190803
  },
  "XPDUSD": {
    "bid": 1531.05,
    "ask": 1538.56,
    "spread": 7.51,
    "spread_pct": 0.489313,
    "timestamp": 1777580062.7611432
  }
}