{
  "AAPL": {
    "bid": 267.58,
    "ask": 267.76,
    "spread": 0.18,
    "spread_pct": 0.067247,
    "timestamp": 1777319198.9201097
  },
  "COPPER": {
    "bid": 596.25,
    "ask": 596.65,
    "spread": 0.4,
    "spread_pct": 0.067063,
    "timestamp": 1777375522.505173
  },
  "META": {
    "bid": 678.83,
    "ask": 679.65,
    "spread": 0.82,
    "spread_pct": 0.120723,
    "timestamp": 1777319197.8819156
  },
  "MSFT": {
    "bid": 425.55,
    "ask": 425.71,
    "spread": 0.16,
    "spread_pct": 0.037591,
    "timestamp": 1777319198.136073
  },
  "ORCL": {
    "bid": 172.93,
    "ask": 173.11,
    "spread": 0.18,
    "spread_pct": 0.104034,
    "timestamp": 1777319198.136018
  },
  "DJ30": {
    "bid": 49452.89,
    "ask": 49454.11,
    "spread": 1.22,
    "spread_pct": 0.002467,
    "timestamp": 1777375522.2709515
  },
  "TECH100": {
    "bid": 27168.14,
    "ask": 27168.61,
    "spread": 0.47,
    "spread_pct": 0.00173,
    "timestamp": 1777375522.2771738
  },
  "XAUUSD": {
    "bid": 4602.26,
    "ask": 4602.48,
    "spread": 0.22,
    "spread_pct": 0.00478,
    "timestamp": 1777375522.5428557
  },
  "UK100": {
    "bid": 10356.37,
    "ask": 10357.13,
    "spread": 0.76,
    "spread_pct": 0.007338,
    "timestamp": 1777375522.5847387
  },
  "UKOIL": {
    "bid": 104.804,
    "ask": 104.836,
    "spread": 0.032,
    "spread_pct": 0.030529,
    "timestamp": 1777375522.142827
  },
  "INTEL": {
    "bid": 84.38,
    "ask": 84.5,
    "spread": 0.12,
    "spread_pct": 0.142113,
    "timestamp": 1777319198.1361268
  },
  "JPN225": {
    "bid": 59525.3,
    "ask": 59534.7,
    "spread": 9.4,
    "spread_pct": 0.01579,
    "timestamp": 1777375522.5427878
  },
  "NZDUSD": {
    "bid": 0.58773,
    "ask": 0.58784,
    "spread": 0.00011,
    "spread_pct": 0.018714,
    "timestamp": 1777375522.8098142
  },
  "NFLX": {
    "bid": 91.05,
    "ask": 92.13,
    "spread": 1.08,
    "spread_pct": 1.179168,
    "timestamp": 1777319198.306423
  },
  "AMD": {
    "bid": 335.56,
    "ask": 335.7,
    "spread": 0.14,
    "spread_pct": 0.041713,
    "timestamp": 1777319198.759899
  },
  "GER30": {
    "bid": 24176.39,
    "ask": 24177.61,
    "spread": 1.22,
    "spread_pct": 0.005046,
    "timestamp": 1777375522.362511
  },
  "XAGUSD": {
    "bid": 72.758,
    "ask": 72.859,
    "spread": 0.101,
    "spread_pct": 0.13872,
    "timestamp": 1777375522.5429125
  },
  "PLTR": {
    "bid": 142.98,
    "ask": 143.16,
    "spread": 0.18,
    "spread_pct": 0.125813,
    "timestamp": 1777319198.0162265
  },
  "GOOG": {
    "bid": 351.42,
    "ask": 351.86,
    "spread": 0.44,
    "spread_pct": 0.125128,
    "timestamp": 1777319198.4449518
  },
  "NGAS": {
    "bid": 2.7022,
    "ask": 2.7148,
    "spread": 0.0126,
    "spread_pct": 0.465202,
    "timestamp": 1777375522.1437464
  },
  "SP500": {
    "bid": 7171.97,
    "ask": 7172.28,
    "spread": 0.31,
    "spread_pct": 0.004322,
    "timestamp": 1777375522.3340867
  },
  "EURUSD": {
    "bid": 1.16968,
    "ask": 1.16978,
    "spread": 0.0001,
    "spread_pct": 0.008549,
    "timestamp": 1777375522.8097107
  },
  "NVIDIA": {
    "bid": 215.79,
    "ask": 216.1,
    "spread": 0.31,
    "spread_pct": 0.143555,
    "timestamp": 1777319198.4448855
  },
  "USOIL": {
    "bid": 100.701,
    "ask": 100.739,
    "spread": 0.038,
    "spread_pct": 0.037728,
    "timestamp": 1777375522.2706947
  },
  "TSLA": {
    "bid": 379.44,
    "ask": 379.96,
    "spread": 0.52,
    "spread_pct": 0.13695,
    "timestamp": 1777319198.4520955
  },
  "AMZN": {
    "bid": 260.85,
    "ask": 261.19,
    "spread": 0.34,
    "spread_pct": 0.130258,
    "timestamp": 1777319198.630619
  },
  "GBPUSD": {
    "bid": 1.34846,
    "ask": 1.34855,
    "spread": 9e-05,
    "spread_pct": 0.006674,
    "timestamp": 1777375522.8098829
  },
  "AUDUSD": {
    "bid": 0.71634,
    "ask": 0.71644,
    "spread": 0.0001,
    "spread_pct": 0.013959,
    "timestamp": 1777375522.3339834
  },
  "TSM": {
    "bid": 403.65,
    "ask": 404.1,
    "spread": 0.45,
    "spread_pct": 0.111421,
    "timestamp": 1777319198.5634277
  },
  "MSTR": {
    "bid": 169.29,
    "ask": 169.99,
    "spread": 0.7,
    "spread_pct": 0.412639,
    "timestamp": 1777319197.1318383
  },
  "XPTUSD": {
    "bid": 1925.15,
    "ask": 1935.01,
    "spread": 9.86,
    "spread_pct": 0.51086,
    "timestamp": 1777375522.5482779
  },
  "COST": {
    "bid": 999.34,
    "ask": 999.9,
    "spread": 0.56,
    "spread_pct": 0.056021,
    "timestamp": 1777319193.9235065
  },
  "XALUSD": {
    "bid": 3526.77,
    "ask": 3542.08,
    "spread": 15.31,
    "spread_pct": 0.433168,
    "timestamp": 1777375515.0664508
  },
  "XPDUSD": {
    "bid": 1438.34,
    "ask": 1445.79,
    "spread": 7.45,
    "spread_pct": 0.51662,
    "timestamp": 1777375515.5049655
  }
}