{
  "AAPL": {
    "bid": 298.37,
    "ask": 298.67,
    "spread": 0.3,
    "spread_pct": 0.100496,
    "timestamp": 1778798632.1490448
  },
  "COPPER": {
    "bid": 658.63,
    "ask": 659.03,
    "spread": 0.4,
    "spread_pct": 0.060714,
    "timestamp": 1778745929.310647
  },
  "META": {
    "bid": 617.82,
    "ask": 618.44,
    "spread": 0.62,
    "spread_pct": 0.100303,
    "timestamp": 1778798632.2185328
  },
  "MSFT": {
    "bid": 408.4,
    "ask": 408.81,
    "spread": 0.41,
    "spread_pct": 0.100341,
    "timestamp": 1778798632.1723273
  },
  "ORCL": {
    "bid": 196.65,
    "ask": 196.93,
    "spread": 0.28,
    "spread_pct": 0.142284,
    "timestamp": 1778798632.1392186
  },
  "DJ30": {
    "bid": 50143.11,
    "ask": 50144.39,
    "spread": 1.28,
    "spread_pct": 0.002553,
    "timestamp": 1778798623.1321435
  },
  "TECH100": {
    "bid": 29704.1,
    "ask": 29709.5,
    "spread": 5.4,
    "spread_pct": 0.018178,
    "timestamp": 1778798632.5358467
  },
  "XAUUSD": {
    "bid": 4661.63,
    "ask": 4661.81,
    "spread": 0.18,
    "spread_pct": 0.003861,
    "timestamp": 1778798632.5753272
  },
  "UK100": {
    "bid": 10392.15,
    "ask": 10392.87,
    "spread": 0.72,
    "spread_pct": 0.006928,
    "timestamp": 1778784739.8225543
  },
  "UKOIL": {
    "bid": 106.488,
    "ask": 106.526,
    "spread": 0.038,
    "spread_pct": 0.035678,
    "timestamp": 1778790392.8310153
  },
  "INTEL": {
    "bid": 116.42,
    "ask": 116.52,
    "spread": 0.1,
    "spread_pct": 0.085859,
    "timestamp": 1778784741.5946746
  },
  "JPN225": {
    "bid": 63008.0,
    "ask": 63048.0,
    "spread": 40.0,
    "spread_pct": 0.063464,
    "timestamp": 1778790392.5238888
  },
  "NZDUSD": {
    "bid": 0.59119,
    "ask": 0.59128,
    "spread": 9e-05,
    "spread_pct": 0.015222,
    "timestamp": 1778798631.4602199
  },
  "NFLX": {
    "bid": 86.93,
    "ask": 87.06,
    "spread": 0.13,
    "spread_pct": 0.149434,
    "timestamp": 1778798632.2904546
  },
  "AMD": {
    "bid": 448.23,
    "ask": 448.68,
    "spread": 0.45,
    "spread_pct": 0.100345,
    "timestamp": 1778798632.2530909
  },
  "GER30": {
    "bid": 24411.98,
    "ask": 24413.24,
    "spread": 1.26,
    "spread_pct": 0.005161,
    "timestamp": 1778784741.0223985
  },
  "XAGUSD": {
    "bid": 83.801,
    "ask": 83.904,
    "spread": 0.103,
    "spread_pct": 0.122835,
    "timestamp": 1778798632.464899
  },
  "PLTR": {
    "bid": 133.44,
    "ask": 133.57,
    "spread": 0.13,
    "spread_pct": 0.097375,
    "timestamp": 1778798632.1738133
  },
  "GOOG": {
    "bid": 399.93,
    "ask": 400.37,
    "spread": 0.44,
    "spread_pct": 0.109959,
    "timestamp": 1778784739.2200098
  },
  "NGAS": {
    "bid": 2.9081,
    "ask": 2.9207,
    "spread": 0.0126,
    "spread_pct": 0.432336,
    "timestamp": 1778790391.7096734
  },
  "SP500": {
    "bid": 7521.26,
    "ask": 7521.58,
    "spread": 0.32,
    "spread_pct": 0.004255,
    "timestamp": 1778798632.577774
  },
  "EURUSD": {
    "bid": 1.16705,
    "ask": 1.16715,
    "spread": 0.0001,
    "spread_pct": 0.008568,
    "timestamp": 1778798630.145934
  },
  "NVIDIA": {
    "bid": 235.8,
    "ask": 236.12,
    "spread": 0.32,
    "spread_pct": 0.135616,
    "timestamp": 1778784740.8841429
  },
  "USOIL": {
    "bid": 96.46,
    "ask": 98.3,
    "spread": 1.84,
    "spread_pct": 1.889505,
    "timestamp": 1778798631.221954
  },
  "TSLA": {
    "bid": 442.71,
    "ask": 443.24,
    "spread": 0.53,
    "spread_pct": 0.119646,
    "timestamp": 1778798632.2184176
  },
  "AMZN": {
    "bid": 266.99,
    "ask": 267.26,
    "spread": 0.27,
    "spread_pct": 0.101076,
    "timestamp": 1778798632.1715302
  },
  "GBPUSD": {
    "bid": 1.33989,
    "ask": 1.33997,
    "spread": 8e-05,
    "spread_pct": 0.00597,
    "timestamp": 1778798626.8387074
  },
  "AUDUSD": {
    "bid": 0.72216,
    "ask": 0.72225,
    "spread": 9e-05,
    "spread_pct": 0.012462,
    "timestamp": 1778798624.411627
  },
  "TSM": {
    "bid": 418.35,
    "ask": 418.77,
    "spread": 0.42,
    "spread_pct": 0.100344,
    "timestamp": 1778798632.237322
  },
  "MSTR": {
    "bid": 187.04,
    "ask": 187.23,
    "spread": 0.19,
    "spread_pct": 0.101531,
    "timestamp": 1778798632.2155583
  },
  "XPTUSD": {
    "bid": 2060.13,
    "ask": 2070.02,
    "spread": 9.89,
    "spread_pct": 0.478917,
    "timestamp": 1778798626.924754
  },
  "COST": {
    "bid": 1040.34,
    "ask": 1041.79,
    "spread": 1.45,
    "spread_pct": 0.13928,
    "timestamp": 1778798632.139327
  },
  "XALUSD": {
    "bid": 3638.33,
    "ask": 3653.57,
    "spread": 15.24,
    "spread_pct": 0.417998,
    "timestamp": 1778777570.373426
  },
  "XPDUSD": {
    "bid": 1442.41,
    "ask": 1449.85,
    "spread": 7.44,
    "spread_pct": 0.514477,
    "timestamp": 1778798632.2686827
  }
}