{
  "AAPL": {
    "bid": 277.29,
    "ask": 277.57,
    "spread": 0.28,
    "spread_pct": 0.100926,
    "timestamp": 1777594181.2107635
  },
  "COPPER": {
    "bid": 602.24,
    "ask": 602.66,
    "spread": 0.42,
    "spread_pct": 0.069715,
    "timestamp": 1777594180.6689806
  },
  "META": {
    "bid": 614.54,
    "ask": 615.15,
    "spread": 0.61,
    "spread_pct": 0.099212,
    "timestamp": 1777594180.1890476
  },
  "MSFT": {
    "bid": 409.37,
    "ask": 409.78,
    "spread": 0.41,
    "spread_pct": 0.100104,
    "timestamp": 1777594180.1437433
  },
  "ORCL": {
    "bid": 162.93,
    "ask": 163.11,
    "spread": 0.18,
    "spread_pct": 0.110416,
    "timestamp": 1777594181.2305045
  },
  "DJ30": {
    "bid": 49913.49,
    "ask": 49925.51,
    "spread": 12.02,
    "spread_pct": 0.024079,
    "timestamp": 1777594181.2123072
  },
  "TECH100": {
    "bid": 27615.67,
    "ask": 27616.08,
    "spread": 0.41,
    "spread_pct": 0.001485,
    "timestamp": 1777594180.1185043
  },
  "XAUUSD": {
    "bid": 4627.17,
    "ask": 4627.37,
    "spread": 0.2,
    "spread_pct": 0.004322,
    "timestamp": 1777594180.4527543
  },
  "UK100": {
    "bid": 10351.64,
    "ask": 10352.36,
    "spread": 0.72,
    "spread_pct": 0.006955,
    "timestamp": 1777594180.5979266
  },
  "UKOIL": {
    "bid": 111.341,
    "ask": 111.379,
    "spread": 0.038,
    "spread_pct": 0.034124,
    "timestamp": 1777594179.2802112
  },
  "INTEL": {
    "bid": 92.57,
    "ask": 92.75,
    "spread": 0.18,
    "spread_pct": 0.194259,
    "timestamp": 1777575686.2138278
  },
  "JPN225": {
    "bid": 59663.44,
    "ask": 59671.56,
    "spread": 8.12,
    "spread_pct": 0.013609,
    "timestamp": 1777594180.6683624
  },
  "NZDUSD": {
    "bid": 0.59043,
    "ask": 0.59053,
    "spread": 0.0001,
    "spread_pct": 0.016935,
    "timestamp": 1777594180.3598874
  },
  "NFLX": {
    "bid": 94.19,
    "ask": 94.33,
    "spread": 0.14,
    "spread_pct": 0.148525,
    "timestamp": 1777594181.11333
  },
  "AMD": {
    "bid": 351.68,
    "ask": 352.03,
    "spread": 0.35,
    "spread_pct": 0.099473,
    "timestamp": 1777594181.2163074
  },
  "GER30": {
    "bid": 24426.99,
    "ask": 24428.01,
    "spread": 1.02,
    "spread_pct": 0.004176,
    "timestamp": 1777575685.1484106
  },
  "XAGUSD": {
    "bid": 74.405,
    "ask": 74.509,
    "spread": 0.104,
    "spread_pct": 0.139678,
    "timestamp": 1777594180.4322011
  },
  "PLTR": {
    "bid": 141.29,
    "ask": 141.43,
    "spread": 0.14,
    "spread_pct": 0.099038,
    "timestamp": 1777594180.19951
  },
  "GOOG": {
    "bid": 381.5,
    "ask": 381.92,
    "spread": 0.42,
    "spread_pct": 0.110031,
    "timestamp": 1777575686.4626043
  },
  "NGAS": {
    "bid": 2.7569,
    "ask": 2.7691,
    "spread": 0.0122,
    "spread_pct": 0.441549,
    "timestamp": 1777594178.5588565
  },
  "SP500": {
    "bid": 7256.45,
    "ask": 7256.8,
    "spread": 0.35,
    "spread_pct": 0.004823,
    "timestamp": 1777594180.3599854
  },
  "EURUSD": {
    "bid": 1.17282,
    "ask": 1.17292,
    "spread": 0.0001,
    "spread_pct": 0.008526,
    "timestamp": 1777594180.5978045
  },
  "NVIDIA": {
    "bid": 201.78,
    "ask": 202.11,
    "spread": 0.33,
    "spread_pct": 0.163411,
    "timestamp": 1777575686.2136922
  },
  "USOIL": {
    "bid": 105.555,
    "ask": 105.595,
    "spread": 0.04,
    "spread_pct": 0.037888,
    "timestamp": 1777594179.1955016
  },
  "TSLA": {
    "bid": 381.5,
    "ask": 381.96,
    "spread": 0.46,
    "spread_pct": 0.120504,
    "timestamp": 1777594181.1041455
  },
  "AMZN": {
    "bid": 264.39,
    "ask": 264.65,
    "spread": 0.26,
    "spread_pct": 0.098291,
    "timestamp": 1777594180.2736194
  },
  "GBPUSD": {
    "bid": 1.36036,
    "ask": 1.36045,
    "spread": 9e-05,
    "spread_pct": 0.006616,
    "timestamp": 1777594180.1184466
  },
  "AUDUSD": {
    "bid": 0.72009,
    "ask": 0.72019,
    "spread": 0.0001,
    "spread_pct": 0.013886,
    "timestamp": 1777594180.11865
  },
  "TSM": {
    "bid": 395.23,
    "ask": 395.63,
    "spread": 0.4,
    "spread_pct": 0.101156,
    "timestamp": 1777594181.2198796
  },
  "MSTR": {
    "bid": 165.76,
    "ask": 165.93,
    "spread": 0.17,
    "spread_pct": 0.102505,
    "timestamp": 1777594181.2304227
  },
  "XPTUSD": {
    "bid": 1991.66,
    "ask": 2001.63,
    "spread": 9.97,
    "spread_pct": 0.499338,
    "timestamp": 1777594180.2661734
  },
  "COST": {
    "bid": 1015.07,
    "ask": 1017.59,
    "spread": 2.52,
    "spread_pct": 0.247951,
    "timestamp": 1777594181.2502573
  },
  "XALUSD": {
    "bid": 3481.64,
    "ask": 3497.11,
    "spread": 15.47,
    "spread_pct": 0.443346,
    "timestamp": 1777594168.0779753
  },
  "XPDUSD": {
    "bid": 1532.81,
    "ask": 1540.27,
    "spread": 7.46,
    "spread_pct": 0.485506,
    "timestamp": 1777594180.6684277
  }
}