{
  "AAPL": {
    "bid": 273.61,
    "ask": 273.75,
    "spread": 0.14,
    "spread_pct": 0.051155,
    "timestamp": 1776973150.2095842
  },
  "COPPER": {
    "bid": 609.27,
    "ask": 609.67,
    "spread": 0.4,
    "spread_pct": 0.065631,
    "timestamp": 1776982145.0037012
  },
  "META": {
    "bid": 659.79,
    "ask": 660.61,
    "spread": 0.82,
    "spread_pct": 0.124205,
    "timestamp": 1776973151.2760155
  },
  "MSFT": {
    "bid": 415.82,
    "ask": 415.92,
    "spread": 0.1,
    "spread_pct": 0.024046,
    "timestamp": 1776973150.818721
  },
  "ORCL": {
    "bid": 175.42,
    "ask": 175.6,
    "spread": 0.18,
    "spread_pct": 0.102558,
    "timestamp": 1776973150.209661
  },
  "DJ30": {
    "bid": 49435.88,
    "ask": 49437.12,
    "spread": 1.24,
    "spread_pct": 0.002508,
    "timestamp": 1776982143.475944
  },
  "TECH100": {
    "bid": 27035.54,
    "ask": 27035.96,
    "spread": 0.42,
    "spread_pct": 0.001553,
    "timestamp": 1776982144.3071291
  },
  "XAUUSD": {
    "bid": 4697.49,
    "ask": 4697.67,
    "spread": 0.18,
    "spread_pct": 0.003832,
    "timestamp": 1776982144.2504485
  },
  "UK100": {
    "bid": 10404.09,
    "ask": 10404.91,
    "spread": 0.82,
    "spread_pct": 0.007881,
    "timestamp": 1776973151.159052
  },
  "UKOIL": {
    "bid": 100.401,
    "ask": 100.439,
    "spread": 0.038,
    "spread_pct": 0.037841,
    "timestamp": 1776976648.878001
  },
  "INTEL": {
    "bid": 66.1,
    "ask": 66.22,
    "spread": 0.12,
    "spread_pct": 0.181378,
    "timestamp": 1776973151.209863
  },
  "JPN225": {
    "bid": 58928.4,
    "ask": 58936.6,
    "spread": 8.2,
    "spread_pct": 0.013914,
    "timestamp": 1776976635.6537986
  },
  "NZDUSD": {
    "bid": 0.58533,
    "ask": 0.58544,
    "spread": 0.00011,
    "spread_pct": 0.018791,
    "timestamp": 1776982144.5315921
  },
  "NFLX": {
    "bid": 92.56,
    "ask": 93.58,
    "spread": 1.02,
    "spread_pct": 1.095949,
    "timestamp": 1776973151.2760873
  },
  "AMD": {
    "bid": 303.35,
    "ask": 303.51,
    "spread": 0.16,
    "spread_pct": 0.05273,
    "timestamp": 1776973150.2097318
  },
  "GER30": {
    "bid": 24203.98,
    "ask": 24205.02,
    "spread": 1.04,
    "spread_pct": 0.004297,
    "timestamp": 1776973150.3233302
  },
  "XAGUSD": {
    "bid": 75.654,
    "ask": 75.756,
    "spread": 0.102,
    "spread_pct": 0.134734,
    "timestamp": 1776982144.2505531
  },
  "PLTR": {
    "bid": 141.54,
    "ask": 141.68,
    "spread": 0.14,
    "spread_pct": 0.098863,
    "timestamp": 1776973150.3746104
  },
  "GOOG": {
    "bid": 339.02,
    "ask": 339.46,
    "spread": 0.44,
    "spread_pct": 0.129702,
    "timestamp": 1776973151.204068
  },
  "NGAS": {
    "bid": 2.7287,
    "ask": 2.7413,
    "spread": 0.0126,
    "spread_pct": 0.460695,
    "timestamp": 1776982144.5625215
  },
  "SP500": {
    "bid": 7145.08,
    "ask": 7145.42,
    "spread": 0.34,
    "spread_pct": 0.004758,
    "timestamp": 1776982143.6028855
  },
  "EURUSD": {
    "bid": 1.1685,
    "ask": 1.16862,
    "spread": 0.00012,
    "spread_pct": 0.010269,
    "timestamp": 1776982144.0561016
  },
  "NVIDIA": {
    "bid": 198.84,
    "ask": 199.18,
    "spread": 0.34,
    "spread_pct": 0.170846,
    "timestamp": 1776973150.3237202
  },
  "USOIL": {
    "bid": 96.587,
    "ask": 96.623,
    "spread": 0.036,
    "spread_pct": 0.037265,
    "timestamp": 1776982144.3064482
  },
  "TSLA": {
    "bid": 372.76,
    "ask": 373.3,
    "spread": 0.54,
    "spread_pct": 0.14476,
    "timestamp": 1776973151.2041981
  },
  "AMZN": {
    "bid": 255.39,
    "ask": 255.73,
    "spread": 0.34,
    "spread_pct": 0.133041,
    "timestamp": 1776973150.8186264
  },
  "GBPUSD": {
    "bid": 1.3467,
    "ask": 1.34681,
    "spread": 0.00011,
    "spread_pct": 0.008168,
    "timestamp": 1776982140.5027604
  },
  "AUDUSD": {
    "bid": 0.71296,
    "ask": 0.71305,
    "spread": 9e-05,
    "spread_pct": 0.012623,
    "timestamp": 1776982143.0730824
  },
  "TSM": {
    "bid": 380.76,
    "ask": 381.21,
    "spread": 0.45,
    "spread_pct": 0.118115,
    "timestamp": 1776973150.2023056
  },
  "MSTR": {
    "bid": 172.76,
    "ask": 173.46,
    "spread": 0.7,
    "spread_pct": 0.404367,
    "timestamp": 1776973150.3239782
  },
  "XPTUSD": {
    "bid": 2006.26,
    "ask": 2016.17,
    "spread": 9.91,
    "spread_pct": 0.492737,
    "timestamp": 1776982144.860745
  },
  "COST": {
    "bid": 1011.84,
    "ask": 1012.46,
    "spread": 0.62,
    "spread_pct": 0.061256,
    "timestamp": 1776973143.3722465
  },
  "XALUSD": {
    "bid": 3618.39,
    "ask": 3633.81,
    "spread": 15.42,
    "spread_pct": 0.42525,
    "timestamp": 1776963133.4884648
  },
  "XPDUSD": {
    "bid": 1473.1,
    "ask": 1480.56,
    "spread": 7.46,
    "spread_pct": 0.505136,
    "timestamp": 1776982144.847487
  }
}