{
  "AAPL": {
    "bid": 291.76,
    "ask": 292.05,
    "spread": 0.29,
    "spread_pct": 0.099347,
    "timestamp": 1778524136.2283435
  },
  "COPPER": {
    "bid": 646.93,
    "ask": 647.33,
    "spread": 0.4,
    "spread_pct": 0.061811,
    "timestamp": 1778524129.7049398
  },
  "META": {
    "bid": 600.92,
    "ask": 601.52,
    "spread": 0.6,
    "spread_pct": 0.099797,
    "timestamp": 1778524135.1711621
  },
  "MSFT": {
    "bid": 411.78,
    "ask": 412.19,
    "spread": 0.41,
    "spread_pct": 0.099518,
    "timestamp": 1778524136.2161405
  },
  "ORCL": {
    "bid": 194.09,
    "ask": 194.33,
    "spread": 0.24,
    "spread_pct": 0.123578,
    "timestamp": 1778524135.20319
  },
  "DJ30": {
    "bid": 49799.4,
    "ask": 49800.6,
    "spread": 1.2,
    "spread_pct": 0.00241,
    "timestamp": 1778524136.1135917
  },
  "TECH100": {
    "bid": 29471.16,
    "ask": 29471.59,
    "spread": 0.43,
    "spread_pct": 0.001459,
    "timestamp": 1778524135.7446103
  },
  "XAUUSD": {
    "bid": 4726.18,
    "ask": 4726.4,
    "spread": 0.22,
    "spread_pct": 0.004655,
    "timestamp": 1778524136.229146
  },
  "UK100": {
    "bid": 10243.59,
    "ask": 10244.41,
    "spread": 0.82,
    "spread_pct": 0.008005,
    "timestamp": 1778524134.958629
  },
  "UKOIL": {
    "bid": 104.237,
    "ask": 104.273,
    "spread": 0.036,
    "spread_pct": 0.034531,
    "timestamp": 1778524135.3761115
  },
  "INTEL": {
    "bid": 128.57,
    "ask": 128.71,
    "spread": 0.14,
    "spread_pct": 0.108831,
    "timestamp": 1778524135.4207752
  },
  "JPN225": {
    "bid": 62933.81,
    "ask": 62941.19,
    "spread": 7.38,
    "spread_pct": 0.011726,
    "timestamp": 1778524129.9502687
  },
  "NZDUSD": {
    "bid": 0.59645,
    "ask": 0.59654,
    "spread": 9e-05,
    "spread_pct": 0.015088,
    "timestamp": 1778524136.1134393
  },
  "NFLX": {
    "bid": 85.38,
    "ask": 85.51,
    "spread": 0.13,
    "spread_pct": 0.152145,
    "timestamp": 1778524136.2602563
  },
  "AMD": {
    "bid": 467.8,
    "ask": 468.27,
    "spread": 0.47,
    "spread_pct": 0.10042,
    "timestamp": 1778524136.1766865
  },
  "GER30": {
    "bid": 24344.48,
    "ask": 24345.52,
    "spread": 1.04,
    "spread_pct": 0.004272,
    "timestamp": 1778524135.7186882
  },
  "XAGUSD": {
    "bid": 85.678,
    "ask": 85.781,
    "spread": 0.103,
    "spread_pct": 0.120145,
    "timestamp": 1778524135.3441288
  },
  "PLTR": {
    "bid": 135.92,
    "ask": 136.06,
    "spread": 0.14,
    "spread_pct": 0.102949,
    "timestamp": 1778524136.1876519
  },
  "GOOG": {
    "bid": 392.6,
    "ask": 393.04,
    "spread": 0.44,
    "spread_pct": 0.112011,
    "timestamp": 1778524134.9171157
  },
  "NGAS": {
    "bid": 2.9021,
    "ask": 2.9149,
    "spread": 0.0128,
    "spread_pct": 0.440089,
    "timestamp": 1778524135.2685049
  },
  "SP500": {
    "bid": 7448.95,
    "ask": 7449.3,
    "spread": 0.35,
    "spread_pct": 0.004699,
    "timestamp": 1778524135.2686021
  },
  "EURUSD": {
    "bid": 1.17788,
    "ask": 1.178,
    "spread": 0.00012,
    "spread_pct": 0.010187,
    "timestamp": 1778524135.375807
  },
  "NVIDIA": {
    "bid": 221.09,
    "ask": 221.41,
    "spread": 0.32,
    "spread_pct": 0.144633,
    "timestamp": 1778524135.7189126
  },
  "USOIL": {
    "bid": 98.103,
    "ask": 98.137,
    "spread": 0.034,
    "spread_pct": 0.034651,
    "timestamp": 1778524136.1136856
  },
  "TSLA": {
    "bid": 446.79,
    "ask": 447.33,
    "spread": 0.54,
    "spread_pct": 0.120789,
    "timestamp": 1778524136.219422
  },
  "AMZN": {
    "bid": 270.29,
    "ask": 270.56,
    "spread": 0.27,
    "spread_pct": 0.099843,
    "timestamp": 1778524136.2496421
  },
  "GBPUSD": {
    "bid": 1.36363,
    "ask": 1.36373,
    "spread": 0.0001,
    "spread_pct": 0.007333,
    "timestamp": 1778524135.3435602
  },
  "AUDUSD": {
    "bid": 0.72532,
    "ask": 0.7254,
    "spread": 8e-05,
    "spread_pct": 0.011029,
    "timestamp": 1778524136.1137662
  },
  "TSM": {
    "bid": 404.34,
    "ask": 404.81,
    "spread": 0.47,
    "spread_pct": 0.116171,
    "timestamp": 1778524136.1138406
  },
  "MSTR": {
    "bid": 194.94,
    "ask": 195.66,
    "spread": 0.72,
    "spread_pct": 0.368664,
    "timestamp": 1778524135.7929082
  },
  "XPTUSD": {
    "bid": 2123.81,
    "ask": 2133.63,
    "spread": 9.82,
    "spread_pct": 0.46131,
    "timestamp": 1778524134.468449
  },
  "COST": {
    "bid": 991.65,
    "ask": 992.64,
    "spread": 0.99,
    "spread_pct": 0.099784,
    "timestamp": 1778524136.177152
  },
  "XALUSD": {
    "bid": 3567.63,
    "ask": 3582.97,
    "spread": 15.34,
    "spread_pct": 0.429055,
    "timestamp": 1778517709.7608929
  },
  "XPDUSD": {
    "bid": 1507.05,
    "ask": 1514.51,
    "spread": 7.46,
    "spread_pct": 0.493785,
    "timestamp": 1778524132.4619622
  }
}