{
  "AAPL": {
    "bid": 273.61,
    "ask": 273.75,
    "spread": 0.14,
    "spread_pct": 0.051155,
    "timestamp": 1776973150.2095842
  },
  "COPPER": {
    "bid": 609.13,
    "ask": 609.53,
    "spread": 0.4,
    "spread_pct": 0.065646,
    "timestamp": 1776985482.753025
  },
  "META": {
    "bid": 659.79,
    "ask": 660.61,
    "spread": 0.82,
    "spread_pct": 0.124205,
    "timestamp": 1776973151.2760155
  },
  "MSFT": {
    "bid": 415.82,
    "ask": 415.92,
    "spread": 0.1,
    "spread_pct": 0.024046,
    "timestamp": 1776973150.818721
  },
  "ORCL": {
    "bid": 175.42,
    "ask": 175.6,
    "spread": 0.18,
    "spread_pct": 0.102558,
    "timestamp": 1776973150.209661
  },
  "DJ30": {
    "bid": 49428.92,
    "ask": 49430.08,
    "spread": 1.16,
    "spread_pct": 0.002347,
    "timestamp": 1776985499.4680119
  },
  "TECH100": {
    "bid": 27043.52,
    "ask": 27043.98,
    "spread": 0.46,
    "spread_pct": 0.001701,
    "timestamp": 1776985501.2512794
  },
  "XAUUSD": {
    "bid": 4693.94,
    "ask": 4694.14,
    "spread": 0.2,
    "spread_pct": 0.004261,
    "timestamp": 1776985501.3031335
  },
  "UK100": {
    "bid": 10404.09,
    "ask": 10404.91,
    "spread": 0.82,
    "spread_pct": 0.007881,
    "timestamp": 1776973151.159052
  },
  "UKOIL": {
    "bid": 100.401,
    "ask": 100.439,
    "spread": 0.038,
    "spread_pct": 0.037841,
    "timestamp": 1776976648.878001
  },
  "INTEL": {
    "bid": 66.1,
    "ask": 66.22,
    "spread": 0.12,
    "spread_pct": 0.181378,
    "timestamp": 1776973151.209863
  },
  "JPN225": {
    "bid": 58928.4,
    "ask": 58936.6,
    "spread": 8.2,
    "spread_pct": 0.013914,
    "timestamp": 1776976635.6537986
  },
  "NZDUSD": {
    "bid": 0.58553,
    "ask": 0.58563,
    "spread": 0.0001,
    "spread_pct": 0.017077,
    "timestamp": 1776985500.624955
  },
  "NFLX": {
    "bid": 92.56,
    "ask": 93.58,
    "spread": 1.02,
    "spread_pct": 1.095949,
    "timestamp": 1776973151.2760873
  },
  "AMD": {
    "bid": 303.35,
    "ask": 303.51,
    "spread": 0.16,
    "spread_pct": 0.05273,
    "timestamp": 1776973150.2097318
  },
  "GER30": {
    "bid": 24203.98,
    "ask": 24205.02,
    "spread": 1.04,
    "spread_pct": 0.004297,
    "timestamp": 1776973150.3233302
  },
  "XAGUSD": {
    "bid": 75.374,
    "ask": 75.475,
    "spread": 0.101,
    "spread_pct": 0.133909,
    "timestamp": 1776985501.1327915
  },
  "PLTR": {
    "bid": 141.54,
    "ask": 141.68,
    "spread": 0.14,
    "spread_pct": 0.098863,
    "timestamp": 1776973150.3746104
  },
  "GOOG": {
    "bid": 339.02,
    "ask": 339.46,
    "spread": 0.44,
    "spread_pct": 0.129702,
    "timestamp": 1776973151.204068
  },
  "NGAS": {
    "bid": 2.7287,
    "ask": 2.7413,
    "spread": 0.0126,
    "spread_pct": 0.460695,
    "timestamp": 1776982144.5625215
  },
  "SP500": {
    "bid": 7146.2,
    "ask": 7146.55,
    "spread": 0.35,
    "spread_pct": 0.004898,
    "timestamp": 1776985501.1326773
  },
  "EURUSD": {
    "bid": 1.1684,
    "ask": 1.16851,
    "spread": 0.00011,
    "spread_pct": 0.009414,
    "timestamp": 1776985501.0372083
  },
  "NVIDIA": {
    "bid": 198.84,
    "ask": 199.18,
    "spread": 0.34,
    "spread_pct": 0.170846,
    "timestamp": 1776973150.3237202
  },
  "USOIL": {
    "bid": 97.022,
    "ask": 97.058,
    "spread": 0.036,
    "spread_pct": 0.037098,
    "timestamp": 1776985501.8063965
  },
  "TSLA": {
    "bid": 372.76,
    "ask": 373.3,
    "spread": 0.54,
    "spread_pct": 0.14476,
    "timestamp": 1776973151.2041981
  },
  "AMZN": {
    "bid": 255.39,
    "ask": 255.73,
    "spread": 0.34,
    "spread_pct": 0.133041,
    "timestamp": 1776973150.8186264
  },
  "GBPUSD": {
    "bid": 1.34655,
    "ask": 1.34664,
    "spread": 9e-05,
    "spread_pct": 0.006684,
    "timestamp": 1776985500.850074
  },
  "AUDUSD": {
    "bid": 0.71316,
    "ask": 0.71326,
    "spread": 0.0001,
    "spread_pct": 0.014021,
    "timestamp": 1776985500.4610534
  },
  "TSM": {
    "bid": 380.76,
    "ask": 381.21,
    "spread": 0.45,
    "spread_pct": 0.118115,
    "timestamp": 1776973150.2023056
  },
  "MSTR": {
    "bid": 172.76,
    "ask": 173.46,
    "spread": 0.7,
    "spread_pct": 0.404367,
    "timestamp": 1776973150.3239782
  },
  "XPTUSD": {
    "bid": 2005.72,
    "ask": 2015.53,
    "spread": 9.81,
    "spread_pct": 0.487908,
    "timestamp": 1776985496.5019958
  },
  "COST": {
    "bid": 1011.84,
    "ask": 1012.46,
    "spread": 0.62,
    "spread_pct": 0.061256,
    "timestamp": 1776973143.3722465
  },
  "XALUSD": {
    "bid": 3618.39,
    "ask": 3633.81,
    "spread": 15.42,
    "spread_pct": 0.42525,
    "timestamp": 1776963133.4884648
  },
  "XPDUSD": {
    "bid": 1470.19,
    "ask": 1477.5,
    "spread": 7.31,
    "spread_pct": 0.495982,
    "timestamp": 1776985499.467886
  }
}