{
  "AAPL": {
    "bid": 267.58,
    "ask": 267.76,
    "spread": 0.18,
    "spread_pct": 0.067247,
    "timestamp": 1777319198.9201097
  },
  "COPPER": {
    "bid": 608.34,
    "ask": 608.72,
    "spread": 0.38,
    "spread_pct": 0.062446,
    "timestamp": 1777332818.4610422
  },
  "META": {
    "bid": 678.83,
    "ask": 679.65,
    "spread": 0.82,
    "spread_pct": 0.120723,
    "timestamp": 1777319197.8819156
  },
  "MSFT": {
    "bid": 425.55,
    "ask": 425.71,
    "spread": 0.16,
    "spread_pct": 0.037591,
    "timestamp": 1777319198.136073
  },
  "ORCL": {
    "bid": 172.93,
    "ask": 173.11,
    "spread": 0.18,
    "spread_pct": 0.104034,
    "timestamp": 1777319198.136018
  },
  "DJ30": {
    "bid": 49399.46,
    "ask": 49400.54,
    "spread": 1.08,
    "spread_pct": 0.002186,
    "timestamp": 1777332819.5299428
  },
  "TECH100": {
    "bid": 27487.66,
    "ask": 27488.09,
    "spread": 0.43,
    "spread_pct": 0.001564,
    "timestamp": 1777332827.220692
  },
  "XAUUSD": {
    "bid": 4691.57,
    "ask": 4691.77,
    "spread": 0.2,
    "spread_pct": 0.004263,
    "timestamp": 1777332826.4947
  },
  "UK100": {
    "bid": 10348.84,
    "ask": 10349.66,
    "spread": 0.82,
    "spread_pct": 0.007923,
    "timestamp": 1777319198.3063202
  },
  "UKOIL": {
    "bid": 101.88,
    "ask": 101.91,
    "spread": 0.03,
    "spread_pct": 0.029442,
    "timestamp": 1777322709.3570569
  },
  "INTEL": {
    "bid": 84.38,
    "ask": 84.5,
    "spread": 0.12,
    "spread_pct": 0.142113,
    "timestamp": 1777319198.1361268
  },
  "JPN225": {
    "bid": 60345.2,
    "ask": 60354.8,
    "spread": 9.6,
    "spread_pct": 0.015907,
    "timestamp": 1777332823.5808723
  },
  "NZDUSD": {
    "bid": 0.59101,
    "ask": 0.5911,
    "spread": 9e-05,
    "spread_pct": 0.015227,
    "timestamp": 1777332826.968866
  },
  "NFLX": {
    "bid": 91.05,
    "ask": 92.13,
    "spread": 1.08,
    "spread_pct": 1.179168,
    "timestamp": 1777319198.306423
  },
  "AMD": {
    "bid": 335.56,
    "ask": 335.7,
    "spread": 0.14,
    "spread_pct": 0.041713,
    "timestamp": 1777319198.759899
  },
  "GER30": {
    "bid": 24259.47,
    "ask": 24260.53,
    "spread": 1.06,
    "spread_pct": 0.004369,
    "timestamp": 1777319197.562285
  },
  "XAGUSD": {
    "bid": 75.881,
    "ask": 75.985,
    "spread": 0.104,
    "spread_pct": 0.136963,
    "timestamp": 1777332826.276836
  },
  "PLTR": {
    "bid": 142.98,
    "ask": 143.16,
    "spread": 0.18,
    "spread_pct": 0.125813,
    "timestamp": 1777319198.0162265
  },
  "GOOG": {
    "bid": 351.42,
    "ask": 351.86,
    "spread": 0.44,
    "spread_pct": 0.125128,
    "timestamp": 1777319198.4449518
  },
  "NGAS": {
    "bid": 2.7204,
    "ask": 2.7326,
    "spread": 0.0122,
    "spread_pct": 0.44746,
    "timestamp": 1777329360.4792407
  },
  "SP500": {
    "bid": 7216.96,
    "ask": 7217.29,
    "spread": 0.33,
    "spread_pct": 0.004572,
    "timestamp": 1777332827.220527
  },
  "EURUSD": {
    "bid": 1.17212,
    "ask": 1.17222,
    "spread": 0.0001,
    "spread_pct": 0.008531,
    "timestamp": 1777332826.4297853
  },
  "NVIDIA": {
    "bid": 215.79,
    "ask": 216.1,
    "spread": 0.31,
    "spread_pct": 0.143555,
    "timestamp": 1777319198.4448855
  },
  "USOIL": {
    "bid": 95.74,
    "ask": 97.54,
    "spread": 1.8,
    "spread_pct": 1.862583,
    "timestamp": 1777332813.1943727
  },
  "TSLA": {
    "bid": 379.44,
    "ask": 379.96,
    "spread": 0.52,
    "spread_pct": 0.13695,
    "timestamp": 1777319198.4520955
  },
  "AMZN": {
    "bid": 260.85,
    "ask": 261.19,
    "spread": 0.34,
    "spread_pct": 0.130258,
    "timestamp": 1777319198.630619
  },
  "GBPUSD": {
    "bid": 1.35348,
    "ask": 1.35358,
    "spread": 0.0001,
    "spread_pct": 0.007388,
    "timestamp": 1777332826.0416424
  },
  "AUDUSD": {
    "bid": 0.71871,
    "ask": 0.71882,
    "spread": 0.00011,
    "spread_pct": 0.015304,
    "timestamp": 1777332826.104617
  },
  "TSM": {
    "bid": 403.65,
    "ask": 404.1,
    "spread": 0.45,
    "spread_pct": 0.111421,
    "timestamp": 1777319198.5634277
  },
  "MSTR": {
    "bid": 169.29,
    "ask": 169.99,
    "spread": 0.7,
    "spread_pct": 0.412639,
    "timestamp": 1777319197.1318383
  },
  "XPTUSD": {
    "bid": 1991.07,
    "ask": 2001.15,
    "spread": 10.08,
    "spread_pct": 0.504982,
    "timestamp": 1777332824.0406733
  },
  "COST": {
    "bid": 999.34,
    "ask": 999.9,
    "spread": 0.56,
    "spread_pct": 0.056021,
    "timestamp": 1777319193.9235065
  },
  "XALUSD": {
    "bid": 3575.04,
    "ask": 3590.36,
    "spread": 15.32,
    "spread_pct": 0.42761,
    "timestamp": 1777308742.7481203
  },
  "XPDUSD": {
    "bid": 1474.43,
    "ask": 1481.99,
    "spread": 7.56,
    "spread_pct": 0.511429,
    "timestamp": 1777332826.725827
  }
}