{
  "AAPL": {
    "bid": 282.84,
    "ask": 283.12,
    "spread": 0.28,
    "spread_pct": 0.098947,
    "timestamp": 1778022537.2220693
  },
  "COPPER": {
    "bid": 600.58,
    "ask": 600.98,
    "spread": 0.4,
    "spread_pct": 0.06658,
    "timestamp": 1778022526.873792
  },
  "META": {
    "bid": 603.99,
    "ask": 604.59,
    "spread": 0.6,
    "spread_pct": 0.09929,
    "timestamp": 1778022537.0935602
  },
  "MSFT": {
    "bid": 409.97,
    "ask": 410.38,
    "spread": 0.41,
    "spread_pct": 0.099957,
    "timestamp": 1778022537.1917598
  },
  "ORCL": {
    "bid": 184.69,
    "ask": 185.34,
    "spread": 0.65,
    "spread_pct": 0.351323,
    "timestamp": 1778022537.2578604
  },
  "DJ30": {
    "bid": 49515.86,
    "ask": 49517.14,
    "spread": 1.28,
    "spread_pct": 0.002585,
    "timestamp": 1778022537.349377
  },
  "TECH100": {
    "bid": 28354.41,
    "ask": 28354.84,
    "spread": 0.43,
    "spread_pct": 0.001517,
    "timestamp": 1778022537.292156
  },
  "XAUUSD": {
    "bid": 4577.57,
    "ask": 4577.79,
    "spread": 0.22,
    "spread_pct": 0.004806,
    "timestamp": 1778022537.2916825
  },
  "UK100": {
    "bid": 10264.0,
    "ask": 10268.0,
    "spread": 4.0,
    "spread_pct": 0.038964,
    "timestamp": 1778010945.155102
  },
  "UKOIL": {
    "bid": 110.404,
    "ask": 110.436,
    "spread": 0.032,
    "spread_pct": 0.02898,
    "timestamp": 1778014748.2963648
  },
  "INTEL": {
    "bid": 107.71,
    "ask": 107.87,
    "spread": 0.16,
    "spread_pct": 0.148437,
    "timestamp": 1778010945.2909675
  },
  "JPN225": {
    "bid": 60738.24,
    "ask": 60746.76,
    "spread": 8.52,
    "spread_pct": 0.014026,
    "timestamp": 1778014734.9619184
  },
  "NZDUSD": {
    "bid": 0.59009,
    "ask": 0.5902,
    "spread": 0.00011,
    "spread_pct": 0.018639,
    "timestamp": 1778022535.2247007
  },
  "NFLX": {
    "bid": 87.84,
    "ask": 87.97,
    "spread": 0.13,
    "spread_pct": 0.147887,
    "timestamp": 1778022537.2246249
  },
  "AMD": {
    "bid": 404.33,
    "ask": 404.73,
    "spread": 0.4,
    "spread_pct": 0.09888,
    "timestamp": 1778022537.345624
  },
  "GER30": {
    "bid": 24493.94,
    "ask": 24495.06,
    "spread": 1.12,
    "spread_pct": 0.004572,
    "timestamp": 1778010944.2983327
  },
  "XAGUSD": {
    "bid": 73.425,
    "ask": 73.526,
    "spread": 0.101,
    "spread_pct": 0.137461,
    "timestamp": 1778022537.2920794
  },
  "PLTR": {
    "bid": 135.28,
    "ask": 135.42,
    "spread": 0.14,
    "spread_pct": 0.103436,
    "timestamp": 1778022537.3256655
  },
  "GOOG": {
    "bid": 387.82,
    "ask": 388.24,
    "spread": 0.42,
    "spread_pct": 0.108239,
    "timestamp": 1778010945.2905567
  },
  "NGAS": {
    "bid": 2.7731,
    "ask": 2.7859,
    "spread": 0.0128,
    "spread_pct": 0.460514,
    "timestamp": 1778014748.8215227
  },
  "SP500": {
    "bid": 7315.07,
    "ask": 7315.43,
    "spread": 0.36,
    "spread_pct": 0.004921,
    "timestamp": 1778022537.2919745
  },
  "EURUSD": {
    "bid": 1.17137,
    "ask": 1.17148,
    "spread": 0.00011,
    "spread_pct": 0.00939,
    "timestamp": 1778022537.2922318
  },
  "NVIDIA": {
    "bid": 196.06,
    "ask": 196.37,
    "spread": 0.31,
    "spread_pct": 0.15799,
    "timestamp": 1778010945.290079
  },
  "USOIL": {
    "bid": 99.49,
    "ask": 101.3,
    "spread": 1.81,
    "spread_pct": 1.802879,
    "timestamp": 1778022537.1066756
  },
  "TSLA": {
    "bid": 387.62,
    "ask": 388.09,
    "spread": 0.47,
    "spread_pct": 0.121179,
    "timestamp": 1778022537.1244056
  },
  "AMZN": {
    "bid": 272.65,
    "ask": 272.92,
    "spread": 0.27,
    "spread_pct": 0.098979,
    "timestamp": 1778022537.1548142
  },
  "GBPUSD": {
    "bid": 1.35664,
    "ask": 1.35672,
    "spread": 8e-05,
    "spread_pct": 0.005897,
    "timestamp": 1778022536.8546073
  },
  "AUDUSD": {
    "bid": 0.72031,
    "ask": 0.72043,
    "spread": 0.00012,
    "spread_pct": 0.016658,
    "timestamp": 1778022537.2918339
  },
  "TSM": {
    "bid": 398.16,
    "ask": 398.56,
    "spread": 0.4,
    "spread_pct": 0.100412,
    "timestamp": 1778022537.2586644
  },
  "MSTR": {
    "bid": 181.3,
    "ask": 181.48,
    "spread": 0.18,
    "spread_pct": 0.099234,
    "timestamp": 1778022537.3028045
  },
  "XPTUSD": {
    "bid": 1968.67,
    "ask": 1978.83,
    "spread": 10.16,
    "spread_pct": 0.514756,
    "timestamp": 1778022537.5478096
  },
  "COST": {
    "bid": 1014.37,
    "ask": 1015.38,
    "spread": 1.01,
    "spread_pct": 0.09952,
    "timestamp": 1778022537.3593333
  },
  "XALUSD": {
    "bid": 3554.89,
    "ask": 3570.36,
    "spread": 15.47,
    "spread_pct": 0.43423,
    "timestamp": 1777985953.4549065
  },
  "XPDUSD": {
    "bid": 1501.84,
    "ask": 1509.37,
    "spread": 7.53,
    "spread_pct": 0.500131,
    "timestamp": 1778022536.9312553
  }
}