{
  "AAPL": {
    "bid": 269.91,
    "ask": 270.18,
    "spread": 0.27,
    "spread_pct": 0.099983,
    "timestamp": 1777496371.2015955
  },
  "COPPER": {
    "bid": 592.5,
    "ask": 592.9,
    "spread": 0.4,
    "spread_pct": 0.067488,
    "timestamp": 1777496371.2654533
  },
  "META": {
    "bid": 670.79,
    "ask": 671.61,
    "spread": 0.82,
    "spread_pct": 0.122169,
    "timestamp": 1777492423.5684698
  },
  "MSFT": {
    "bid": 423.3,
    "ask": 423.44,
    "spread": 0.14,
    "spread_pct": 0.033068,
    "timestamp": 1777492423.501683
  },
  "ORCL": {
    "bid": 161.64,
    "ask": 161.88,
    "spread": 0.24,
    "spread_pct": 0.148368,
    "timestamp": 1777496371.2331955
  },
  "DJ30": {
    "bid": 48797.94,
    "ask": 48799.06,
    "spread": 1.12,
    "spread_pct": 0.002295,
    "timestamp": 1777496370.3951476
  },
  "TECH100": {
    "bid": 27152.78,
    "ask": 27153.22,
    "spread": 0.44,
    "spread_pct": 0.00162,
    "timestamp": 1777496371.265587
  },
  "XAUUSD": {
    "bid": 4544.03,
    "ask": 4544.21,
    "spread": 0.18,
    "spread_pct": 0.003961,
    "timestamp": 1777496370.5264266
  },
  "UK100": {
    "bid": 10202.6,
    "ask": 10203.4,
    "spread": 0.8,
    "spread_pct": 0.007841,
    "timestamp": 1777492423.426601
  },
  "UKOIL": {
    "bid": 111.924,
    "ask": 111.956,
    "spread": 0.032,
    "spread_pct": 0.028587,
    "timestamp": 1777496370.3341587
  },
  "INTEL": {
    "bid": 94.43,
    "ask": 94.55,
    "spread": 0.12,
    "spread_pct": 0.126998,
    "timestamp": 1777492423.3666635
  },
  "JPN225": {
    "bid": 58656.03,
    "ask": 58663.97,
    "spread": 7.94,
    "spread_pct": 0.013536,
    "timestamp": 1777496369.3141978
  },
  "NZDUSD": {
    "bid": 0.58287,
    "ask": 0.58296,
    "spread": 9e-05,
    "spread_pct": 0.01544,
    "timestamp": 1777496370.3952365
  },
  "NFLX": {
    "bid": 91.62,
    "ask": 91.76,
    "spread": 0.14,
    "spread_pct": 0.152688,
    "timestamp": 1777496371.2017019
  },
  "AMD": {
    "bid": 332.97,
    "ask": 333.38,
    "spread": 0.41,
    "spread_pct": 0.123058,
    "timestamp": 1777496371.137443
  },
  "GER30": {
    "bid": 23951.5,
    "ask": 23961.5,
    "spread": 10.0,
    "spread_pct": 0.041742,
    "timestamp": 1777492423.4437199
  },
  "XAGUSD": {
    "bid": 71.284,
    "ask": 71.387,
    "spread": 0.103,
    "spread_pct": 0.144388,
    "timestamp": 1777496370.5261853
  },
  "PLTR": {
    "bid": 136.39,
    "ask": 136.53,
    "spread": 0.14,
    "spread_pct": 0.102594,
    "timestamp": 1777496371.2158232
  },
  "GOOG": {
    "bid": 350.17,
    "ask": 350.55,
    "spread": 0.38,
    "spread_pct": 0.10846,
    "timestamp": 1777492423.2499824
  },
  "NGAS": {
    "bid": 2.641,
    "ask": 2.654,
    "spread": 0.013,
    "spread_pct": 0.491029,
    "timestamp": 1777496370.5265763
  },
  "SP500": {
    "bid": 7141.59,
    "ask": 7141.91,
    "spread": 0.32,
    "spread_pct": 0.004481,
    "timestamp": 1777496371.264387
  },
  "EURUSD": {
    "bid": 1.16749,
    "ask": 1.16758,
    "spread": 9e-05,
    "spread_pct": 0.007709,
    "timestamp": 1777496370.3343084
  },
  "NVIDIA": {
    "bid": 208.83,
    "ask": 209.16,
    "spread": 0.33,
    "spread_pct": 0.157899,
    "timestamp": 1777492423.5693095
  },
  "USOIL": {
    "bid": 107.61,
    "ask": 109.46,
    "spread": 1.85,
    "spread_pct": 1.704519,
    "timestamp": 1777496370.9587076
  },
  "TSLA": {
    "bid": 372.87,
    "ask": 373.41,
    "spread": 0.54,
    "spread_pct": 0.144718,
    "timestamp": 1777492423.1802778
  },
  "AMZN": {
    "bid": 253.46,
    "ask": 253.71,
    "spread": 0.25,
    "spread_pct": 0.098586,
    "timestamp": 1777496371.1095266
  },
  "GBPUSD": {
    "bid": 1.34755,
    "ask": 1.34767,
    "spread": 0.00012,
    "spread_pct": 0.008905,
    "timestamp": 1777496370.3343832
  },
  "AUDUSD": {
    "bid": 0.71154,
    "ask": 0.71166,
    "spread": 0.00012,
    "spread_pct": 0.016863,
    "timestamp": 1777496371.1284683
  },
  "TSM": {
    "bid": 392.75,
    "ask": 393.22,
    "spread": 0.47,
    "spread_pct": 0.119597,
    "timestamp": 1777492423.6238737
  },
  "MSTR": {
    "bid": 158.49,
    "ask": 158.65,
    "spread": 0.16,
    "spread_pct": 0.100902,
    "timestamp": 1777496370.3067772
  },
  "XPTUSD": {
    "bid": 1877.4,
    "ask": 1887.26,
    "spread": 9.86,
    "spread_pct": 0.523819,
    "timestamp": 1777492423.6237698
  },
  "COST": {
    "bid": 997.09,
    "ask": 998.4,
    "spread": 1.31,
    "spread_pct": 0.131296,
    "timestamp": 1777496370.3099823
  },
  "XALUSD": {
    "bid": 3500.37,
    "ask": 3515.63,
    "spread": 15.26,
    "spread_pct": 0.435006,
    "timestamp": 1777475548.2499206
  },
  "XPDUSD": {
    "bid": 1458.29,
    "ask": 1465.63,
    "spread": 7.34,
    "spread_pct": 0.502066,
    "timestamp": 1777492423.6236675
  }
}