{
  "AAPL": {
    "bid": 270.04,
    "ask": 270.22,
    "spread": 0.18,
    "spread_pct": 0.066635,
    "timestamp": 1777059403.1095536
  },
  "COPPER": {
    "bid": 612.46,
    "ask": 612.88,
    "spread": 0.42,
    "spread_pct": 0.068552,
    "timestamp": 1777262370.2068753
  },
  "META": {
    "bid": 676.18,
    "ask": 677.0,
    "spread": 0.82,
    "spread_pct": 0.121196,
    "timestamp": 1777059400.6640484
  },
  "MSFT": {
    "bid": 423.33,
    "ask": 423.49,
    "spread": 0.16,
    "spread_pct": 0.037788,
    "timestamp": 1777059402.2954955
  },
  "ORCL": {
    "bid": 173.44,
    "ask": 173.6,
    "spread": 0.16,
    "spread_pct": 0.092208,
    "timestamp": 1777059402.2959394
  },
  "DJ30": {
    "bid": 49344.4,
    "ask": 49345.6,
    "spread": 1.2,
    "spread_pct": 0.002432,
    "timestamp": 1777262377.147114
  },
  "TECH100": {
    "bid": 27523.89,
    "ask": 27524.36,
    "spread": 0.47,
    "spread_pct": 0.001708,
    "timestamp": 1777262376.392527
  },
  "XAUUSD": {
    "bid": 4724.4,
    "ask": 4724.58,
    "spread": 0.18,
    "spread_pct": 0.00381,
    "timestamp": 1777262376.3610077
  },
  "UK100": {
    "bid": 10396.1,
    "ask": 10396.9,
    "spread": 0.8,
    "spread_pct": 0.007695,
    "timestamp": 1777262376.7139418
  },
  "UKOIL": {
    "bid": 100.34,
    "ask": 100.37,
    "spread": 0.03,
    "spread_pct": 0.029894,
    "timestamp": 1777262375.396797
  },
  "INTEL": {
    "bid": 80.89,
    "ask": 81.03,
    "spread": 0.14,
    "spread_pct": 0.172925,
    "timestamp": 1777059403.1093316
  },
  "JPN225": {
    "bid": 60860.25,
    "ask": 60869.75,
    "spread": 9.5,
    "spread_pct": 0.015608,
    "timestamp": 1777262376.5901115
  },
  "NZDUSD": {
    "bid": 0.58917,
    "ask": 0.58928,
    "spread": 0.00011,
    "spread_pct": 0.018669,
    "timestamp": 1777262376.4127514
  },
  "NFLX": {
    "bid": 91.9,
    "ask": 92.94,
    "spread": 1.04,
    "spread_pct": 1.125298,
    "timestamp": 1777059402.984387
  },
  "AMD": {
    "bid": 345.64,
    "ask": 345.84,
    "spread": 0.2,
    "spread_pct": 0.057847,
    "timestamp": 1777059403.1096587
  },
  "GER30": {
    "bid": 24356.37,
    "ask": 24357.63,
    "spread": 1.26,
    "spread_pct": 0.005173,
    "timestamp": 1777262376.3610904
  },
  "XAGUSD": {
    "bid": 76.321,
    "ask": 76.422,
    "spread": 0.101,
    "spread_pct": 0.132248,
    "timestamp": 1777262376.4781654
  },
  "PLTR": {
    "bid": 142.59,
    "ask": 142.73,
    "spread": 0.14,
    "spread_pct": 0.098135,
    "timestamp": 1777059403.1097336
  },
  "GOOG": {
    "bid": 344.29,
    "ask": 344.71,
    "spread": 0.42,
    "spread_pct": 0.121916,
    "timestamp": 1777059402.4018574
  },
  "NGAS": {
    "bid": 2.683,
    "ask": 2.696,
    "spread": 0.013,
    "spread_pct": 0.483361,
    "timestamp": 1777262372.5265675
  },
  "SP500": {
    "bid": 7202.46,
    "ask": 7202.79,
    "spread": 0.33,
    "spread_pct": 0.004582,
    "timestamp": 1777262376.573696
  },
  "EURUSD": {
    "bid": 1.17296,
    "ask": 1.17304,
    "spread": 8e-05,
    "spread_pct": 0.00682,
    "timestamp": 1777262376.7633781
  },
  "NVIDIA": {
    "bid": 208.25,
    "ask": 208.58,
    "spread": 0.33,
    "spread_pct": 0.158338,
    "timestamp": 1777059402.2326934
  },
  "USOIL": {
    "bid": 95.273,
    "ask": 95.307,
    "spread": 0.034,
    "spread_pct": 0.035681,
    "timestamp": 1777262375.5320787
  },
  "TSLA": {
    "bid": 376.97,
    "ask": 377.49,
    "spread": 0.52,
    "spread_pct": 0.137847,
    "timestamp": 1777059402.600363
  },
  "AMZN": {
    "bid": 263.79,
    "ask": 264.09,
    "spread": 0.3,
    "spread_pct": 0.113662,
    "timestamp": 1777059402.2325428
  },
  "GBPUSD": {
    "bid": 1.35446,
    "ask": 1.35457,
    "spread": 0.00011,
    "spread_pct": 0.008121,
    "timestamp": 1777262377.1122782
  },
  "AUDUSD": {
    "bid": 0.71734,
    "ask": 0.71745,
    "spread": 0.00011,
    "spread_pct": 0.015333,
    "timestamp": 1777262377.1162024
  },
  "TSM": {
    "bid": 403.31,
    "ask": 403.78,
    "spread": 0.47,
    "spread_pct": 0.116468,
    "timestamp": 1777059402.232916
  },
  "MSTR": {
    "bid": 170.66,
    "ask": 171.38,
    "spread": 0.72,
    "spread_pct": 0.421003,
    "timestamp": 1777059402.9841743
  },
  "XPTUSD": {
    "bid": 2022.62,
    "ask": 2032.9,
    "spread": 10.28,
    "spread_pct": 0.506963,
    "timestamp": 1777262375.0295985
  },
  "COST": {
    "bid": 1010.06,
    "ask": 1010.62,
    "spread": 0.56,
    "spread_pct": 0.055427,
    "timestamp": 1777059400.371591
  },
  "XALUSD": {
    "bid": 3595.73,
    "ask": 3611.07,
    "spread": 15.34,
    "spread_pct": 0.425709,
    "timestamp": 1777052799.255632
  },
  "XPDUSD": {
    "bid": 1482.62,
    "ask": 1490.1,
    "spread": 7.48,
    "spread_pct": 0.503243,
    "timestamp": 1777246548.9128382
  }
}