{
  "AAPL": {
    "bid": 270.31,
    "ask": 270.47,
    "spread": 0.16,
    "spread_pct": 0.059174,
    "timestamp": 1777049506.09621
  },
  "COPPER": {
    "bid": 608.98,
    "ask": 609.36,
    "spread": 0.38,
    "spread_pct": 0.06238,
    "timestamp": 1777049504.8682392
  },
  "META": {
    "bid": 675.88,
    "ask": 676.74,
    "spread": 0.86,
    "spread_pct": 0.127161,
    "timestamp": 1777049502.4638104
  },
  "MSFT": {
    "bid": 419.51,
    "ask": 419.69,
    "spread": 0.18,
    "spread_pct": 0.042898,
    "timestamp": 1777049505.640164
  },
  "ORCL": {
    "bid": 170.38,
    "ask": 170.56,
    "spread": 0.18,
    "spread_pct": 0.10559,
    "timestamp": 1777049506.5148926
  },
  "DJ30": {
    "bid": 49337.42,
    "ask": 49338.58,
    "spread": 1.16,
    "spread_pct": 0.002351,
    "timestamp": 1777049506.5113657
  },
  "TECH100": {
    "bid": 27395.16,
    "ask": 27395.59,
    "spread": 0.43,
    "spread_pct": 0.00157,
    "timestamp": 1777049506.1444578
  },
  "XAUUSD": {
    "bid": 4723.1,
    "ask": 4723.28,
    "spread": 0.18,
    "spread_pct": 0.003811,
    "timestamp": 1777049506.2641776
  },
  "UK100": {
    "bid": 10398.65,
    "ask": 10399.35,
    "spread": 0.7,
    "spread_pct": 0.006731,
    "timestamp": 1777049506.519683
  },
  "UKOIL": {
    "bid": 98.957,
    "ask": 98.993,
    "spread": 0.036,
    "spread_pct": 0.036373,
    "timestamp": 1777049506.3720317
  },
  "INTEL": {
    "bid": 80.26,
    "ask": 80.4,
    "spread": 0.14,
    "spread_pct": 0.174281,
    "timestamp": 1777049506.516263
  },
  "JPN225": {
    "bid": 59992.93,
    "ask": 60002.07,
    "spread": 9.14,
    "spread_pct": 0.015234,
    "timestamp": 1777049504.8681705
  },
  "NZDUSD": {
    "bid": 0.58781,
    "ask": 0.58791,
    "spread": 0.0001,
    "spread_pct": 0.017011,
    "timestamp": 1777049505.1302774
  },
  "NFLX": {
    "bid": 91.71,
    "ask": 92.71,
    "spread": 1.0,
    "spread_pct": 1.084481,
    "timestamp": 1777049506.4027364
  },
  "AMD": {
    "bid": 348.75,
    "ask": 348.93,
    "spread": 0.18,
    "spread_pct": 0.0516,
    "timestamp": 1777049506.109846
  },
  "GER30": {
    "bid": 24329.85,
    "ask": 24331.15,
    "spread": 1.3,
    "spread_pct": 0.005343,
    "timestamp": 1777049505.1989758
  },
  "XAGUSD": {
    "bid": 76.184,
    "ask": 76.284,
    "spread": 0.1,
    "spread_pct": 0.131175,
    "timestamp": 1777049506.144381
  },
  "PLTR": {
    "bid": 141.61,
    "ask": 141.77,
    "spread": 0.16,
    "spread_pct": 0.112923,
    "timestamp": 1777049506.2642322
  },
  "GOOG": {
    "bid": 343.02,
    "ask": 343.44,
    "spread": 0.42,
    "spread_pct": 0.122367,
    "timestamp": 1777049505.1989279
  },
  "NGAS": {
    "bid": 2.6749,
    "ask": 2.6881,
    "spread": 0.0132,
    "spread_pct": 0.492262,
    "timestamp": 1777049506.388185
  },
  "SP500": {
    "bid": 7189.47,
    "ask": 7189.78,
    "spread": 0.31,
    "spread_pct": 0.004312,
    "timestamp": 1777049506.5160573
  },
  "EURUSD": {
    "bid": 1.17186,
    "ask": 1.17194,
    "spread": 8e-05,
    "spread_pct": 0.006827,
    "timestamp": 1777049506.3721094
  },
  "NVIDIA": {
    "bid": 210.1,
    "ask": 210.43,
    "spread": 0.33,
    "spread_pct": 0.156945,
    "timestamp": 1777049506.3883271
  },
  "USOIL": {
    "bid": 94.022,
    "ask": 94.058,
    "spread": 0.036,
    "spread_pct": 0.038282,
    "timestamp": 1777049506.5155165
  },
  "TSLA": {
    "bid": 373.12,
    "ask": 373.64,
    "spread": 0.52,
    "spread_pct": 0.139268,
    "timestamp": 1777049506.3319554
  },
  "AMZN": {
    "bid": 261.66,
    "ask": 261.98,
    "spread": 0.32,
    "spread_pct": 0.122221,
    "timestamp": 1777049506.5137057
  },
  "GBPUSD": {
    "bid": 1.35188,
    "ask": 1.35199,
    "spread": 0.00011,
    "spread_pct": 0.008136,
    "timestamp": 1777049506.516185
  },
  "AUDUSD": {
    "bid": 0.71504,
    "ask": 0.71514,
    "spread": 0.0001,
    "spread_pct": 0.013984,
    "timestamp": 1777049505.2728271
  },
  "TSM": {
    "bid": 406.36,
    "ask": 406.81,
    "spread": 0.45,
    "spread_pct": 0.110678,
    "timestamp": 1777049504.7690887
  },
  "MSTR": {
    "bid": 170.23,
    "ask": 170.91,
    "spread": 0.68,
    "spread_pct": 0.398663,
    "timestamp": 1777049506.3320267
  },
  "XPTUSD": {
    "bid": 2016.74,
    "ask": 2026.8,
    "spread": 10.06,
    "spread_pct": 0.497584,
    "timestamp": 1777049506.2640095
  },
  "COST": {
    "bid": 1008.81,
    "ask": 1009.33,
    "spread": 0.52,
    "spread_pct": 0.051533,
    "timestamp": 1777049506.0651405
  },
  "XALUSD": {
    "bid": 3596.02,
    "ask": 3611.48,
    "spread": 15.46,
    "spread_pct": 0.428998,
    "timestamp": 1777049506.5156257
  },
  "XPDUSD": {
    "bid": 1498.03,
    "ask": 1505.43,
    "spread": 7.4,
    "spread_pct": 0.492765,
    "timestamp": 1777049504.6929326
  }
}