{
  "AAPL": {
    "bid": 296.04,
    "ask": 296.34,
    "spread": 0.3,
    "spread_pct": 0.101286,
    "timestamp": 1779183298.1378303
  },
  "COPPER": {
    "bid": 658.63,
    "ask": 659.03,
    "spread": 0.4,
    "spread_pct": 0.060714,
    "timestamp": 1778745929.310647
  },
  "META": {
    "bid": 608.64,
    "ask": 609.25,
    "spread": 0.61,
    "spread_pct": 0.100173,
    "timestamp": 1779183298.1084244
  },
  "MSFT": {
    "bid": 423.96,
    "ask": 424.38,
    "spread": 0.42,
    "spread_pct": 0.099017,
    "timestamp": 1779183298.293639
  },
  "ORCL": {
    "bid": 184.87,
    "ask": 185.05,
    "spread": 0.18,
    "spread_pct": 0.097318,
    "timestamp": 1779183298.3418074
  },
  "DJ30": {
    "bid": 49648.22,
    "ask": 49649.28,
    "spread": 1.06,
    "spread_pct": 0.002135,
    "timestamp": 1779183298.2516592
  },
  "TECH100": {
    "bid": 28861.21,
    "ask": 28861.65,
    "spread": 0.44,
    "spread_pct": 0.001525,
    "timestamp": 1779183298.2515852
  },
  "XAUUSD": {
    "bid": 4539.41,
    "ask": 4539.59,
    "spread": 0.18,
    "spread_pct": 0.003965,
    "timestamp": 1779183298.4055433
  },
  "UK100": {
    "bid": 10387.66,
    "ask": 10388.36,
    "spread": 0.7,
    "spread_pct": 0.006739,
    "timestamp": 1779183298.2652295
  },
  "UKOIL": {
    "bid": 110.418,
    "ask": 110.456,
    "spread": 0.038,
    "spread_pct": 0.034409,
    "timestamp": 1779183296.2794514
  },
  "INTEL": {
    "bid": 106.14,
    "ask": 106.3,
    "spread": 0.16,
    "spread_pct": 0.150631,
    "timestamp": 1779128030.307583
  },
  "JPN225": {
    "bid": 60280.13,
    "ask": 60287.87,
    "spread": 7.74,
    "spread_pct": 0.012839,
    "timestamp": 1779183298.2651086
  },
  "NZDUSD": {
    "bid": 0.584,
    "ask": 0.58408,
    "spread": 8e-05,
    "spread_pct": 0.013698,
    "timestamp": 1779183297.3616796
  },
  "NFLX": {
    "bid": 89.62,
    "ask": 89.75,
    "spread": 0.13,
    "spread_pct": 0.144952,
    "timestamp": 1779183298.1167505
  },
  "AMD": {
    "bid": 414.05,
    "ask": 414.46,
    "spread": 0.41,
    "spread_pct": 0.098973,
    "timestamp": 1779183298.1168458
  },
  "GER30": {
    "bid": 24629.73,
    "ask": 24630.97,
    "spread": 1.24,
    "spread_pct": 0.005034,
    "timestamp": 1779183298.4117806
  },
  "XAGUSD": {
    "bid": 75.615,
    "ask": 75.72,
    "spread": 0.105,
    "spread_pct": 0.138765,
    "timestamp": 1779183298.2653055
  },
  "PLTR": {
    "bid": 134.03,
    "ask": 134.16,
    "spread": 0.13,
    "spread_pct": 0.096946,
    "timestamp": 1779183298.1937475
  },
  "GOOG": {
    "bid": 399.9,
    "ask": 400.3,
    "spread": 0.4,
    "spread_pct": 0.099975,
    "timestamp": 1779128032.8518436
  },
  "NGAS": {
    "bid": 3.052,
    "ask": 3.065,
    "spread": 0.013,
    "spread_pct": 0.425045,
    "timestamp": 1779183294.5207405
  },
  "SP500": {
    "bid": 7385.86,
    "ask": 7386.16,
    "spread": 0.3,
    "spread_pct": 0.004062,
    "timestamp": 1779183298.2650127
  },
  "EURUSD": {
    "bid": 1.16152,
    "ask": 1.1616,
    "spread": 8e-05,
    "spread_pct": 0.006887,
    "timestamp": 1779183297.7166107
  },
  "NVIDIA": {
    "bid": 220.09,
    "ask": 220.42,
    "spread": 0.33,
    "spread_pct": 0.149826,
    "timestamp": 1779128032.1756685
  },
  "USOIL": {
    "bid": 103.336,
    "ask": 103.374,
    "spread": 0.038,
    "spread_pct": 0.036766,
    "timestamp": 1779183294.1861289
  },
  "TSLA": {
    "bid": 405.52,
    "ask": 406.01,
    "spread": 0.49,
    "spread_pct": 0.12076,
    "timestamp": 1779183298.305554
  },
  "AMZN": {
    "bid": 263.01,
    "ask": 263.27,
    "spread": 0.26,
    "spread_pct": 0.098807,
    "timestamp": 1779183298.2476168
  },
  "GBPUSD": {
    "bid": 1.33927,
    "ask": 1.33935,
    "spread": 8e-05,
    "spread_pct": 0.005973,
    "timestamp": 1779183297.7823036
  },
  "AUDUSD": {
    "bid": 0.7109,
    "ask": 0.71101,
    "spread": 0.00011,
    "spread_pct": 0.015472,
    "timestamp": 1779183297.3266296
  },
  "TSM": {
    "bid": 390.34,
    "ask": 390.73,
    "spread": 0.39,
    "spread_pct": 0.099863,
    "timestamp": 1779183298.1963542
  },
  "MSTR": {
    "bid": 165.48,
    "ask": 165.65,
    "spread": 0.17,
    "spread_pct": 0.102679,
    "timestamp": 1779183298.2183063
  },
  "XPTUSD": {
    "bid": 1963.34,
    "ask": 1973.54,
    "spread": 10.2,
    "spread_pct": 0.518177,
    "timestamp": 1779183297.0926275
  },
  "COST": {
    "bid": 1068.22,
    "ask": 1073.46,
    "spread": 5.24,
    "spread_pct": 0.489335,
    "timestamp": 1779183298.228393
  },
  "XALUSD": {
    "bid": 3568.25,
    "ask": 3583.7,
    "spread": 15.45,
    "spread_pct": 0.43205,
    "timestamp": 1779170053.2963967
  },
  "XPDUSD": {
    "bid": 1397.35,
    "ask": 1404.75,
    "spread": 7.4,
    "spread_pct": 0.528175,
    "timestamp": 1779183297.0924182
  }
}