{
  "AAPL": {
    "bid": 298.23,
    "ask": 298.53,
    "spread": 0.3,
    "spread_pct": 0.100543,
    "timestamp": 1779214082.1614149
  },
  "COPPER": {
    "bid": 658.63,
    "ask": 659.03,
    "spread": 0.4,
    "spread_pct": 0.060714,
    "timestamp": 1778745929.310647
  },
  "META": {
    "bid": 602.76,
    "ask": 603.36,
    "spread": 0.6,
    "spread_pct": 0.099493,
    "timestamp": 1779214082.183725
  },
  "MSFT": {
    "bid": 419.19,
    "ask": 419.61,
    "spread": 0.42,
    "spread_pct": 0.100143,
    "timestamp": 1779214082.1951833
  },
  "ORCL": {
    "bid": 183.51,
    "ask": 183.69,
    "spread": 0.18,
    "spread_pct": 0.098039,
    "timestamp": 1779214082.2927516
  },
  "DJ30": {
    "bid": 49664.23,
    "ask": 49665.43,
    "spread": 1.2,
    "spread_pct": 0.002416,
    "timestamp": 1779214082.3247144
  },
  "TECH100": {
    "bid": 29095.09,
    "ask": 29095.51,
    "spread": 0.42,
    "spread_pct": 0.001444,
    "timestamp": 1779214082.1618252
  },
  "XAUUSD": {
    "bid": 4501.92,
    "ask": 4502.12,
    "spread": 0.2,
    "spread_pct": 0.004442,
    "timestamp": 1779214082.2158315
  },
  "UK100": {
    "bid": 10329.63,
    "ask": 10333.63,
    "spread": 4.0,
    "spread_pct": 0.038716,
    "timestamp": 1779214082.4999087
  },
  "UKOIL": {
    "bid": 110.354,
    "ask": 110.388,
    "spread": 0.034,
    "spread_pct": 0.030805,
    "timestamp": 1779214081.6201963
  },
  "INTEL": {
    "bid": 112.4,
    "ask": 112.52,
    "spread": 0.12,
    "spread_pct": 0.106705,
    "timestamp": 1779214080.197513
  },
  "JPN225": {
    "bid": 60957.49,
    "ask": 60965.01,
    "spread": 7.52,
    "spread_pct": 0.012336,
    "timestamp": 1779214082.500431
  },
  "NZDUSD": {
    "bid": 0.584,
    "ask": 0.58409,
    "spread": 9e-05,
    "spread_pct": 0.01541,
    "timestamp": 1779214082.3254132
  },
  "NFLX": {
    "bid": 88.74,
    "ask": 88.87,
    "spread": 0.13,
    "spread_pct": 0.146388,
    "timestamp": 1779214082.0873816
  },
  "AMD": {
    "bid": 423.38,
    "ask": 423.8,
    "spread": 0.42,
    "spread_pct": 0.099152,
    "timestamp": 1779214082.1052904
  },
  "GER30": {
    "bid": 24456.08,
    "ask": 24457.22,
    "spread": 1.14,
    "spread_pct": 0.004661,
    "timestamp": 1779214080.2614303
  },
  "XAGUSD": {
    "bid": 74.483,
    "ask": 74.586,
    "spread": 0.103,
    "spread_pct": 0.138191,
    "timestamp": 1779214082.324574
  },
  "PLTR": {
    "bid": 135.51,
    "ask": 135.65,
    "spread": 0.14,
    "spread_pct": 0.10326,
    "timestamp": 1779214082.1387994
  },
  "GOOG": {
    "bid": 391.44,
    "ask": 391.9,
    "spread": 0.46,
    "spread_pct": 0.117446,
    "timestamp": 1779214082.4227853
  },
  "NGAS": {
    "bid": 3.0981,
    "ask": 3.1109,
    "spread": 0.0128,
    "spread_pct": 0.412305,
    "timestamp": 1779214079.4942377
  },
  "SP500": {
    "bid": 7406.82,
    "ask": 7407.14,
    "spread": 0.32,
    "spread_pct": 0.00432,
    "timestamp": 1779214082.0883162
  },
  "EURUSD": {
    "bid": 1.16128,
    "ask": 1.16139,
    "spread": 0.00011,
    "spread_pct": 0.009472,
    "timestamp": 1779214082.3248556
  },
  "NVIDIA": {
    "bid": 223.36,
    "ask": 223.7,
    "spread": 0.34,
    "spread_pct": 0.152105,
    "timestamp": 1779214080.6571395
  },
  "USOIL": {
    "bid": 103.221,
    "ask": 103.259,
    "spread": 0.038,
    "spread_pct": 0.036807,
    "timestamp": 1779214081.1282482
  },
  "TSLA": {
    "bid": 404.18,
    "ask": 404.67,
    "spread": 0.49,
    "spread_pct": 0.12116,
    "timestamp": 1779214082.3053496
  },
  "AMZN": {
    "bid": 259.74,
    "ask": 260.0,
    "spread": 0.26,
    "spread_pct": 0.10005,
    "timestamp": 1779214082.250539
  },
  "GBPUSD": {
    "bid": 1.34102,
    "ask": 1.34111,
    "spread": 9e-05,
    "spread_pct": 0.006711,
    "timestamp": 1779214082.3252199
  },
  "AUDUSD": {
    "bid": 0.71135,
    "ask": 0.71146,
    "spread": 0.00011,
    "spread_pct": 0.015462,
    "timestamp": 1779214082.3253355
  },
  "TSM": {
    "bid": 396.74,
    "ask": 397.14,
    "spread": 0.4,
    "spread_pct": 0.100771,
    "timestamp": 1779214082.1624267
  },
  "MSTR": {
    "bid": 166.23,
    "ask": 166.4,
    "spread": 0.17,
    "spread_pct": 0.102216,
    "timestamp": 1779214082.1173644
  },
  "XPTUSD": {
    "bid": 1932.56,
    "ask": 1942.46,
    "spread": 9.9,
    "spread_pct": 0.510965,
    "timestamp": 1779214082.453521
  },
  "COST": {
    "bid": 1086.83,
    "ask": 1087.92,
    "spread": 1.09,
    "spread_pct": 0.100241,
    "timestamp": 1779214082.3243365
  },
  "XALUSD": {
    "bid": 3586.4,
    "ask": 3601.7,
    "spread": 15.3,
    "spread_pct": 0.425704,
    "timestamp": 1779206308.4995682
  },
  "XPDUSD": {
    "bid": 1360.57,
    "ask": 1367.99,
    "spread": 7.42,
    "spread_pct": 0.543877,
    "timestamp": 1779214081.8951683
  }
}