{
  "AAPL": {
    "bid": 300.36,
    "ask": 300.56,
    "spread": 0.2,
    "spread_pct": 0.066565,
    "timestamp": 1778693630.4001105
  },
  "COPPER": {
    "bid": 665.9,
    "ask": 666.3,
    "spread": 0.4,
    "spread_pct": 0.060051,
    "timestamp": 1778693629.3372347
  },
  "META": {
    "bid": 614.39,
    "ask": 615.27,
    "spread": 0.88,
    "spread_pct": 0.143129,
    "timestamp": 1778693630.2912529
  },
  "MSFT": {
    "bid": 404.45,
    "ask": 404.85,
    "spread": 0.4,
    "spread_pct": 0.098851,
    "timestamp": 1778693630.1847599
  },
  "ORCL": {
    "bid": 188.52,
    "ask": 188.89,
    "spread": 0.37,
    "spread_pct": 0.196073,
    "timestamp": 1778693630.2589607
  },
  "DJ30": {
    "bid": 49706.38,
    "ask": 49707.62,
    "spread": 1.24,
    "spread_pct": 0.002495,
    "timestamp": 1778693630.2046344
  },
  "TECH100": {
    "bid": 29477.35,
    "ask": 29477.83,
    "spread": 0.48,
    "spread_pct": 0.001628,
    "timestamp": 1778693630.382205
  },
  "XAUUSD": {
    "bid": 4694.7,
    "ask": 4694.92,
    "spread": 0.22,
    "spread_pct": 0.004686,
    "timestamp": 1778693630.3389263
  },
  "UK100": {
    "bid": 10347.6,
    "ask": 10348.4,
    "spread": 0.8,
    "spread_pct": 0.007731,
    "timestamp": 1778693629.1555395
  },
  "UKOIL": {
    "bid": 106.042,
    "ask": 106.078,
    "spread": 0.036,
    "spread_pct": 0.033943,
    "timestamp": 1778693629.1187294
  },
  "INTEL": {
    "bid": 122.1,
    "ask": 122.28,
    "spread": 0.18,
    "spread_pct": 0.147312,
    "timestamp": 1778693629.3371358
  },
  "JPN225": {
    "bid": 63297.5,
    "ask": 63337.5,
    "spread": 40.0,
    "spread_pct": 0.063174,
    "timestamp": 1778693629.6415818
  },
  "NZDUSD": {
    "bid": 0.59353,
    "ask": 0.59364,
    "spread": 0.00011,
    "spread_pct": 0.018531,
    "timestamp": 1778693628.9537282
  },
  "NFLX": {
    "bid": 87.76,
    "ask": 87.89,
    "spread": 0.13,
    "spread_pct": 0.148022,
    "timestamp": 1778693630.2129707
  },
  "AMD": {
    "bid": 450.3,
    "ask": 450.49,
    "spread": 0.19,
    "spread_pct": 0.042185,
    "timestamp": 1778693630.2597468
  },
  "GER30": {
    "bid": 24234.63,
    "ask": 24235.83,
    "spread": 1.2,
    "spread_pct": 0.004951,
    "timestamp": 1778693629.2162578
  },
  "XAGUSD": {
    "bid": 88.312,
    "ask": 88.415,
    "spread": 0.103,
    "spread_pct": 0.116564,
    "timestamp": 1778693629.434216
  },
  "PLTR": {
    "bid": 130.58,
    "ask": 130.71,
    "spread": 0.13,
    "spread_pct": 0.099506,
    "timestamp": 1778693630.184645
  },
  "GOOG": {
    "bid": 401.24,
    "ask": 401.64,
    "spread": 0.4,
    "spread_pct": 0.099641,
    "timestamp": 1778693629.2422404
  },
  "NGAS": {
    "bid": 2.8659,
    "ask": 2.8791,
    "spread": 0.0132,
    "spread_pct": 0.45953,
    "timestamp": 1778693626.238211
  },
  "SP500": {
    "bid": 7468.97,
    "ask": 7469.28,
    "spread": 0.31,
    "spread_pct": 0.00415,
    "timestamp": 1778693629.2421176
  },
  "EURUSD": {
    "bid": 1.17088,
    "ask": 1.17097,
    "spread": 9e-05,
    "spread_pct": 0.007686,
    "timestamp": 1778693629.1840677
  },
  "NVIDIA": {
    "bid": 226.34,
    "ask": 226.68,
    "spread": 0.34,
    "spread_pct": 0.150104,
    "timestamp": 1778693630.0668678
  },
  "USOIL": {
    "bid": 97.291,
    "ask": 97.323,
    "spread": 0.032,
    "spread_pct": 0.032886,
    "timestamp": 1778693629.4341207
  },
  "TSLA": {
    "bid": 448.0,
    "ask": 448.54,
    "spread": 0.54,
    "spread_pct": 0.120463,
    "timestamp": 1778693630.1515965
  },
  "AMZN": {
    "bid": 269.58,
    "ask": 269.85,
    "spread": 0.27,
    "spread_pct": 0.100106,
    "timestamp": 1778693630.1253178
  },
  "GBPUSD": {
    "bid": 1.35166,
    "ask": 1.35177,
    "spread": 0.00011,
    "spread_pct": 0.008138,
    "timestamp": 1778693630.3388448
  },
  "AUDUSD": {
    "bid": 0.72612,
    "ask": 0.72623,
    "spread": 0.00011,
    "spread_pct": 0.015148,
    "timestamp": 1778693630.2054536
  },
  "TSM": {
    "bid": 403.73,
    "ask": 404.18,
    "spread": 0.45,
    "spread_pct": 0.111399,
    "timestamp": 1778693630.2911692
  },
  "MSTR": {
    "bid": 179.93,
    "ask": 180.11,
    "spread": 0.18,
    "spread_pct": 0.099989,
    "timestamp": 1778693630.3680243
  },
  "XPTUSD": {
    "bid": 2166.21,
    "ask": 2176.09,
    "spread": 9.88,
    "spread_pct": 0.455058,
    "timestamp": 1778693625.7675076
  },
  "COST": {
    "bid": 1027.57,
    "ask": 1028.6,
    "spread": 1.03,
    "spread_pct": 0.100186,
    "timestamp": 1778693630.3821208
  },
  "XALUSD": {
    "bid": 3642.65,
    "ask": 3657.95,
    "spread": 15.3,
    "spread_pct": 0.419144,
    "timestamp": 1778693630.2598474
  },
  "XPDUSD": {
    "bid": 1509.24,
    "ask": 1516.56,
    "spread": 7.32,
    "spread_pct": 0.483839,
    "timestamp": 1778693625.5703707
  }
}