{
  "AAPL": {
    "bid": 304.28,
    "ask": 304.58,
    "spread": 0.3,
    "spread_pct": 0.098545,
    "timestamp": 1779394737.288698
  },
  "COPPER": {
    "bid": 658.63,
    "ask": 659.03,
    "spread": 0.4,
    "spread_pct": 0.060714,
    "timestamp": 1778745929.310647
  },
  "META": {
    "bid": 607.41,
    "ask": 608.02,
    "spread": 0.61,
    "spread_pct": 0.100376,
    "timestamp": 1779394737.3619301
  },
  "MSFT": {
    "bid": 419.74,
    "ask": 420.16,
    "spread": 0.42,
    "spread_pct": 0.100012,
    "timestamp": 1779394737.3618286
  },
  "ORCL": {
    "bid": 189.84,
    "ask": 190.03,
    "spread": 0.19,
    "spread_pct": 0.100034,
    "timestamp": 1779394737.291695
  },
  "DJ30": {
    "bid": 50404.44,
    "ask": 50405.56,
    "spread": 1.12,
    "spread_pct": 0.002222,
    "timestamp": 1779394737.0025923
  },
  "TECH100": {
    "bid": 29448.99,
    "ask": 29449.45,
    "spread": 0.46,
    "spread_pct": 0.001562,
    "timestamp": 1779394735.3545816
  },
  "XAUUSD": {
    "bid": 4541.58,
    "ask": 4541.8,
    "spread": 0.22,
    "spread_pct": 0.004844,
    "timestamp": 1779394737.5556471
  },
  "UK100": {
    "bid": 10534.46,
    "ask": 10535.3,
    "spread": 0.84,
    "spread_pct": 0.007974,
    "timestamp": 1779387757.3849556
  },
  "UKOIL": {
    "bid": 102.841,
    "ask": 102.871,
    "spread": 0.03,
    "spread_pct": 0.029167,
    "timestamp": 1779387752.99861
  },
  "INTEL": {
    "bid": 118.64,
    "ask": 118.78,
    "spread": 0.14,
    "spread_pct": 0.117934,
    "timestamp": 1779387752.7324202
  },
  "JPN225": {
    "bid": 62167.14,
    "ask": 62175.86,
    "spread": 8.72,
    "spread_pct": 0.014026,
    "timestamp": 1779394737.431632
  },
  "NZDUSD": {
    "bid": 0.58732,
    "ask": 0.58744,
    "spread": 0.00012,
    "spread_pct": 0.02043,
    "timestamp": 1779394735.1403377
  },
  "NFLX": {
    "bid": 89.19,
    "ask": 89.32,
    "spread": 0.13,
    "spread_pct": 0.14565,
    "timestamp": 1779394737.1219072
  },
  "AMD": {
    "bid": 448.73,
    "ask": 449.18,
    "spread": 0.45,
    "spread_pct": 0.100233,
    "timestamp": 1779394737.3618832
  },
  "GER30": {
    "bid": 24912.26,
    "ask": 24913.54,
    "spread": 1.28,
    "spread_pct": 0.005138,
    "timestamp": 1779387757.3850293
  },
  "XAGUSD": {
    "bid": 76.575,
    "ask": 76.676,
    "spread": 0.101,
    "spread_pct": 0.13181,
    "timestamp": 1779394736.2844305
  },
  "PLTR": {
    "bid": 137.35,
    "ask": 137.49,
    "spread": 0.14,
    "spread_pct": 0.101877,
    "timestamp": 1779394737.1685774
  },
  "GOOG": {
    "bid": 390.54,
    "ask": 390.98,
    "spread": 0.44,
    "spread_pct": 0.112601,
    "timestamp": 1779387752.7323153
  },
  "NGAS": {
    "bid": 3.1161,
    "ask": 3.1287,
    "spread": 0.0126,
    "spread_pct": 0.403536,
    "timestamp": 1779394736.7626169
  },
  "SP500": {
    "bid": 7462.71,
    "ask": 7463.03,
    "spread": 0.32,
    "spread_pct": 0.004288,
    "timestamp": 1779394735.5402734
  },
  "EURUSD": {
    "bid": 1.16158,
    "ask": 1.16169,
    "spread": 0.00011,
    "spread_pct": 0.009469,
    "timestamp": 1779394736.8702376
  },
  "NVIDIA": {
    "bid": 219.73,
    "ask": 220.06,
    "spread": 0.33,
    "spread_pct": 0.150072,
    "timestamp": 1779387753.4266732
  },
  "USOIL": {
    "bid": 97.596,
    "ask": 97.634,
    "spread": 0.038,
    "spread_pct": 0.038928,
    "timestamp": 1779394737.334717
  },
  "TSLA": {
    "bid": 416.95,
    "ask": 417.45,
    "spread": 0.5,
    "spread_pct": 0.119847,
    "timestamp": 1779394737.29444
  },
  "AMZN": {
    "bid": 268.31,
    "ask": 268.58,
    "spread": 0.27,
    "spread_pct": 0.100579,
    "timestamp": 1779394737.2022088
  },
  "GBPUSD": {
    "bid": 1.34339,
    "ask": 1.3435,
    "spread": 0.00011,
    "spread_pct": 0.008188,
    "timestamp": 1779394736.7627234
  },
  "AUDUSD": {
    "bid": 0.71495,
    "ask": 0.71503,
    "spread": 8e-05,
    "spread_pct": 0.011189,
    "timestamp": 1779394737.6405332
  },
  "TSM": {
    "bid": 407.28,
    "ask": 407.69,
    "spread": 0.41,
    "spread_pct": 0.100617,
    "timestamp": 1779394737.1255713
  },
  "MSTR": {
    "bid": 165.74,
    "ask": 165.91,
    "spread": 0.17,
    "spread_pct": 0.102518,
    "timestamp": 1779394737.3617423
  },
  "XPTUSD": {
    "bid": 1963.46,
    "ask": 1973.26,
    "spread": 9.8,
    "spread_pct": 0.497876,
    "timestamp": 1779394736.6208746
  },
  "COST": {
    "bid": 1049.49,
    "ask": 1050.54,
    "spread": 1.05,
    "spread_pct": 0.099999,
    "timestamp": 1779394737.2453437
  },
  "XALUSD": {
    "bid": 3632.49,
    "ask": 3647.91,
    "spread": 15.42,
    "spread_pct": 0.423603,
    "timestamp": 1779381032.2611456
  },
  "XPDUSD": {
    "bid": 1388.79,
    "ask": 1396.27,
    "spread": 7.48,
    "spread_pct": 0.537152,
    "timestamp": 1779394736.367252
  }
}