{
  "AAPL": {
    "bid": 285.03,
    "ask": 285.19,
    "spread": 0.16,
    "spread_pct": 0.056119,
    "timestamp": 1778081519.3622866
  },
  "COPPER": {
    "bid": 618.35,
    "ask": 618.75,
    "spread": 0.4,
    "spread_pct": 0.064667,
    "timestamp": 1778081519.5235279
  },
  "META": {
    "bid": 613.2,
    "ask": 613.81,
    "spread": 0.61,
    "spread_pct": 0.099429,
    "timestamp": 1778081519.2755218
  },
  "MSFT": {
    "bid": 413.71,
    "ask": 413.87,
    "spread": 0.16,
    "spread_pct": 0.038667,
    "timestamp": 1778081519.671625
  },
  "ORCL": {
    "bid": 188.79,
    "ask": 188.98,
    "spread": 0.19,
    "spread_pct": 0.10059,
    "timestamp": 1778081519.0907059
  },
  "DJ30": {
    "bid": 50002.42,
    "ask": 50003.58,
    "spread": 1.16,
    "spread_pct": 0.00232,
    "timestamp": 1778081519.5236087
  },
  "TECH100": {
    "bid": 28578.27,
    "ask": 28578.73,
    "spread": 0.46,
    "spread_pct": 0.00161,
    "timestamp": 1778081519.2306914
  },
  "XAUUSD": {
    "bid": 4695.02,
    "ask": 4695.22,
    "spread": 0.2,
    "spread_pct": 0.00426,
    "timestamp": 1778081519.111705
  },
  "UK100": {
    "bid": 10451.4,
    "ask": 10452.1,
    "spread": 0.7,
    "spread_pct": 0.006697,
    "timestamp": 1778081519.22248
  },
  "UKOIL": {
    "bid": 101.638,
    "ask": 101.672,
    "spread": 0.034,
    "spread_pct": 0.033446,
    "timestamp": 1778081519.6717358
  },
  "INTEL": {
    "bid": 110.96,
    "ask": 111.1,
    "spread": 0.14,
    "spread_pct": 0.126092,
    "timestamp": 1778081519.2297547
  },
  "JPN225": {
    "bid": 61865.74,
    "ask": 61874.26,
    "spread": 8.52,
    "spread_pct": 0.013771,
    "timestamp": 1778081519.6718564
  },
  "NZDUSD": {
    "bid": 0.59572,
    "ask": 0.59581,
    "spread": 9e-05,
    "spread_pct": 0.015107,
    "timestamp": 1778081519.4796782
  },
  "NFLX": {
    "bid": 87.27,
    "ask": 88.37,
    "spread": 1.1,
    "spread_pct": 1.252562,
    "timestamp": 1778081519.4798024
  },
  "AMD": {
    "bid": 417.93,
    "ask": 418.11,
    "spread": 0.18,
    "spread_pct": 0.04306,
    "timestamp": 1778081519.362456
  },
  "GER30": {
    "bid": 25050.48,
    "ask": 25051.52,
    "spread": 1.04,
    "spread_pct": 0.004152,
    "timestamp": 1778081519.5246038
  },
  "XAGUSD": {
    "bid": 77.288,
    "ask": 77.389,
    "spread": 0.101,
    "spread_pct": 0.130595,
    "timestamp": 1778081519.2876313
  },
  "PLTR": {
    "bid": 133.17,
    "ask": 133.3,
    "spread": 0.13,
    "spread_pct": 0.097572,
    "timestamp": 1778081519.35267
  },
  "GOOG": {
    "bid": 395.51,
    "ask": 395.91,
    "spread": 0.4,
    "spread_pct": 0.101084,
    "timestamp": 1778081519.3623776
  },
  "NGAS": {
    "bid": 2.6995,
    "ask": 2.7115,
    "spread": 0.012,
    "spread_pct": 0.443541,
    "timestamp": 1778081518.864371
  },
  "SP500": {
    "bid": 7369.95,
    "ask": 7370.3,
    "spread": 0.35,
    "spread_pct": 0.004749,
    "timestamp": 1778081519.3542
  },
  "EURUSD": {
    "bid": 1.17543,
    "ask": 1.17555,
    "spread": 0.00012,
    "spread_pct": 0.010209,
    "timestamp": 1778081519.35321
  },
  "NVIDIA": {
    "bid": 206.26,
    "ask": 206.57,
    "spread": 0.31,
    "spread_pct": 0.150183,
    "timestamp": 1778081519.4798803
  },
  "USOIL": {
    "bid": 93.91,
    "ask": 95.77,
    "spread": 1.86,
    "spread_pct": 1.961198,
    "timestamp": 1778081519.524513
  },
  "TSLA": {
    "bid": 393.36,
    "ask": 393.88,
    "spread": 0.52,
    "spread_pct": 0.132107,
    "timestamp": 1778081519.362526
  },
  "AMZN": {
    "bid": 273.44,
    "ask": 273.71,
    "spread": 0.27,
    "spread_pct": 0.098693,
    "timestamp": 1778081519.1529498
  },
  "GBPUSD": {
    "bid": 1.36015,
    "ask": 1.36025,
    "spread": 0.0001,
    "spread_pct": 0.007352,
    "timestamp": 1778081519.3545246
  },
  "AUDUSD": {
    "bid": 0.7236,
    "ask": 0.7237,
    "spread": 0.0001,
    "spread_pct": 0.013819,
    "timestamp": 1778081519.3543591
  },
  "TSM": {
    "bid": 417.24,
    "ask": 417.66,
    "spread": 0.42,
    "spread_pct": 0.100611,
    "timestamp": 1778081519.229685
  },
  "MSTR": {
    "bid": 182.54,
    "ask": 183.24,
    "spread": 0.7,
    "spread_pct": 0.382744,
    "timestamp": 1778081519.4799476
  },
  "XPTUSD": {
    "bid": 2051.42,
    "ask": 2061.54,
    "spread": 10.12,
    "spread_pct": 0.492103,
    "timestamp": 1778081518.7949216
  },
  "COST": {
    "bid": 993.77,
    "ask": 995.19,
    "spread": 1.42,
    "spread_pct": 0.142788,
    "timestamp": 1778081519.187379
  },
  "XALUSD": {
    "bid": 3517.44,
    "ask": 3532.66,
    "spread": 15.22,
    "spread_pct": 0.431767,
    "timestamp": 1778081519.362587
  },
  "XPDUSD": {
    "bid": 1546.19,
    "ask": 1553.51,
    "spread": 7.32,
    "spread_pct": 0.472304,
    "timestamp": 1778081519.3626451
  }
}