{
  "AAPL": {
    "bid": 291.91,
    "ask": 292.2,
    "spread": 0.29,
    "spread_pct": 0.099296,
    "timestamp": 1778588518.1271424
  },
  "COPPER": {
    "bid": 647.46,
    "ask": 647.84,
    "spread": 0.38,
    "spread_pct": 0.058674,
    "timestamp": 1778588517.2803164
  },
  "META": {
    "bid": 596.02,
    "ask": 596.62,
    "spread": 0.6,
    "spread_pct": 0.100617,
    "timestamp": 1778588518.130825
  },
  "MSFT": {
    "bid": 410.61,
    "ask": 411.02,
    "spread": 0.41,
    "spread_pct": 0.099802,
    "timestamp": 1778588518.3043566
  },
  "ORCL": {
    "bid": 191.33,
    "ask": 191.52,
    "spread": 0.19,
    "spread_pct": 0.099256,
    "timestamp": 1778588518.2969737
  },
  "DJ30": {
    "bid": 49757.9,
    "ask": 49759.1,
    "spread": 1.2,
    "spread_pct": 0.002412,
    "timestamp": 1778588518.0685894
  },
  "TECH100": {
    "bid": 29148.59,
    "ask": 29149.03,
    "spread": 0.44,
    "spread_pct": 0.001509,
    "timestamp": 1778588518.2520978
  },
  "XAUUSD": {
    "bid": 4704.99,
    "ask": 4705.19,
    "spread": 0.2,
    "spread_pct": 0.004251,
    "timestamp": 1778588518.2521806
  },
  "UK100": {
    "bid": 10226.13,
    "ask": 10226.87,
    "spread": 0.74,
    "spread_pct": 0.007236,
    "timestamp": 1778588518.6370335
  },
  "UKOIL": {
    "bid": 107.822,
    "ask": 107.858,
    "spread": 0.036,
    "spread_pct": 0.033383,
    "timestamp": 1778588518.1979575
  },
  "INTEL": {
    "bid": 128.57,
    "ask": 128.71,
    "spread": 0.14,
    "spread_pct": 0.108831,
    "timestamp": 1778524135.4207752
  },
  "JPN225": {
    "bid": 62410.97,
    "ask": 62419.03,
    "spread": 8.06,
    "spread_pct": 0.012914,
    "timestamp": 1778588518.4115777
  },
  "NZDUSD": {
    "bid": 0.59483,
    "ask": 0.59494,
    "spread": 0.00011,
    "spread_pct": 0.018491,
    "timestamp": 1778588518.3022547
  },
  "NFLX": {
    "bid": 85.59,
    "ask": 85.72,
    "spread": 0.13,
    "spread_pct": 0.151772,
    "timestamp": 1778588518.2090614
  },
  "AMD": {
    "bid": 445.99,
    "ask": 446.44,
    "spread": 0.45,
    "spread_pct": 0.100848,
    "timestamp": 1778588518.130943
  },
  "GER30": {
    "bid": 24122.76,
    "ask": 24124.04,
    "spread": 1.28,
    "spread_pct": 0.005306,
    "timestamp": 1778588518.5419576
  },
  "XAGUSD": {
    "bid": 83.839,
    "ask": 83.94,
    "spread": 0.101,
    "spread_pct": 0.120396,
    "timestamp": 1778588518.4675267
  },
  "PLTR": {
    "bid": 134.91,
    "ask": 135.04,
    "spread": 0.13,
    "spread_pct": 0.096314,
    "timestamp": 1778588518.209527
  },
  "GOOG": {
    "bid": 392.6,
    "ask": 393.04,
    "spread": 0.44,
    "spread_pct": 0.112011,
    "timestamp": 1778524134.9171157
  },
  "NGAS": {
    "bid": 2.8751,
    "ask": 2.8879,
    "spread": 0.0128,
    "spread_pct": 0.444213,
    "timestamp": 1778588516.8995044
  },
  "SP500": {
    "bid": 7406.71,
    "ask": 7407.04,
    "spread": 0.33,
    "spread_pct": 0.004455,
    "timestamp": 1778588518.1978166
  },
  "EURUSD": {
    "bid": 1.17426,
    "ask": 1.17436,
    "spread": 0.0001,
    "spread_pct": 0.008516,
    "timestamp": 1778588517.3689804
  },
  "NVIDIA": {
    "bid": 221.09,
    "ask": 221.41,
    "spread": 0.32,
    "spread_pct": 0.144633,
    "timestamp": 1778524135.7189126
  },
  "USOIL": {
    "bid": 98.026,
    "ask": 98.064,
    "spread": 0.038,
    "spread_pct": 0.038758,
    "timestamp": 1778588515.3437605
  },
  "TSLA": {
    "bid": 438.65,
    "ask": 439.18,
    "spread": 0.53,
    "spread_pct": 0.120752,
    "timestamp": 1778588518.0995038
  },
  "AMZN": {
    "bid": 267.09,
    "ask": 267.36,
    "spread": 0.27,
    "spread_pct": 0.101038,
    "timestamp": 1778588518.127276
  },
  "GBPUSD": {
    "bid": 1.3524,
    "ask": 1.35249,
    "spread": 9e-05,
    "spread_pct": 0.006655,
    "timestamp": 1778588518.3910081
  },
  "AUDUSD": {
    "bid": 0.7223,
    "ask": 0.72238,
    "spread": 8e-05,
    "spread_pct": 0.011075,
    "timestamp": 1778588518.5753133
  },
  "TSM": {
    "bid": 396.06,
    "ask": 396.46,
    "spread": 0.4,
    "spread_pct": 0.100944,
    "timestamp": 1778588518.1442995
  },
  "MSTR": {
    "bid": 190.67,
    "ask": 190.86,
    "spread": 0.19,
    "spread_pct": 0.099599,
    "timestamp": 1778588518.3152645
  },
  "XPTUSD": {
    "bid": 2098.47,
    "ask": 2108.43,
    "spread": 9.96,
    "spread_pct": 0.473508,
    "timestamp": 1778588516.5418994
  },
  "COST": {
    "bid": 999.5,
    "ask": 1001.18,
    "spread": 1.68,
    "spread_pct": 0.167943,
    "timestamp": 1778588518.3151767
  },
  "XALUSD": {
    "bid": 3556.46,
    "ask": 3571.74,
    "spread": 15.28,
    "spread_pct": 0.42872,
    "timestamp": 1778588499.0197268
  },
  "XPDUSD": {
    "bid": 1486.89,
    "ask": 1494.11,
    "spread": 7.22,
    "spread_pct": 0.484401,
    "timestamp": 1778588517.9145432
  }
}