{
  "AAPL": {
    "bid": 294.57,
    "ask": 294.86,
    "spread": 0.29,
    "spread_pct": 0.0984,
    "timestamp": 1778657414.2535505
  },
  "COPPER": {
    "bid": 663.23,
    "ask": 663.63,
    "spread": 0.4,
    "spread_pct": 0.060293,
    "timestamp": 1778657414.4740953
  },
  "META": {
    "bid": 604.03,
    "ask": 604.63,
    "spread": 0.6,
    "spread_pct": 0.099284,
    "timestamp": 1778657414.1468754
  },
  "MSFT": {
    "bid": 408.13,
    "ask": 408.54,
    "spread": 0.41,
    "spread_pct": 0.100408,
    "timestamp": 1778657414.1894581
  },
  "ORCL": {
    "bid": 187.28,
    "ask": 187.47,
    "spread": 0.19,
    "spread_pct": 0.101401,
    "timestamp": 1778657414.1467757
  },
  "DJ30": {
    "bid": 49846.48,
    "ask": 49847.52,
    "spread": 1.04,
    "spread_pct": 0.002086,
    "timestamp": 1778657414.6611748
  },
  "TECH100": {
    "bid": 29317.64,
    "ask": 29318.1,
    "spread": 0.46,
    "spread_pct": 0.001569,
    "timestamp": 1778657414.2580884
  },
  "XAUUSD": {
    "bid": 4707.78,
    "ask": 4707.96,
    "spread": 0.18,
    "spread_pct": 0.003823,
    "timestamp": 1778657414.3451145
  },
  "UK100": {
    "bid": 10340.25,
    "ask": 10344.25,
    "spread": 4.0,
    "spread_pct": 0.038676,
    "timestamp": 1778657413.2158086
  },
  "UKOIL": {
    "bid": 106.355,
    "ask": 106.385,
    "spread": 0.03,
    "spread_pct": 0.028203,
    "timestamp": 1778657414.345174
  },
  "INTEL": {
    "bid": 119.22,
    "ask": 119.34,
    "spread": 0.12,
    "spread_pct": 0.100604,
    "timestamp": 1778613498.5928645
  },
  "JPN225": {
    "bid": 63185.48,
    "ask": 63194.52,
    "spread": 9.04,
    "spread_pct": 0.014306,
    "timestamp": 1778657413.4626577
  },
  "NZDUSD": {
    "bid": 0.59389,
    "ask": 0.59398,
    "spread": 9e-05,
    "spread_pct": 0.015153,
    "timestamp": 1778657414.5311325
  },
  "NFLX": {
    "bid": 87.6,
    "ask": 87.73,
    "spread": 0.13,
    "spread_pct": 0.148292,
    "timestamp": 1778657414.1893423
  },
  "AMD": {
    "bid": 454.9,
    "ask": 455.36,
    "spread": 0.46,
    "spread_pct": 0.10107,
    "timestamp": 1778657414.3453393
  },
  "GER30": {
    "bid": 24151.0,
    "ask": 24152.12,
    "spread": 1.12,
    "spread_pct": 0.004637,
    "timestamp": 1778657413.7275531
  },
  "XAGUSD": {
    "bid": 86.729,
    "ask": 86.832,
    "spread": 0.103,
    "spread_pct": 0.11869,
    "timestamp": 1778657413.517742
  },
  "PLTR": {
    "bid": 135.95,
    "ask": 136.09,
    "spread": 0.14,
    "spread_pct": 0.102926,
    "timestamp": 1778657414.2216876
  },
  "GOOG": {
    "bid": 385.32,
    "ask": 385.72,
    "spread": 0.4,
    "spread_pct": 0.103756,
    "timestamp": 1778613498.329054
  },
  "NGAS": {
    "bid": 2.8284,
    "ask": 2.8406,
    "spread": 0.0122,
    "spread_pct": 0.430411,
    "timestamp": 1778657413.8314486
  },
  "SP500": {
    "bid": 7437.96,
    "ask": 7438.29,
    "spread": 0.33,
    "spread_pct": 0.004437,
    "timestamp": 1778657414.2580073
  },
  "EURUSD": {
    "bid": 1.17165,
    "ask": 1.17176,
    "spread": 0.00011,
    "spread_pct": 0.009388,
    "timestamp": 1778657413.831868
  },
  "NVIDIA": {
    "bid": 220.74,
    "ask": 221.07,
    "spread": 0.33,
    "spread_pct": 0.149385,
    "timestamp": 1778613498.4447348
  },
  "USOIL": {
    "bid": 97.068,
    "ask": 97.106,
    "spread": 0.038,
    "spread_pct": 0.03914,
    "timestamp": 1778657414.3450384
  },
  "TSLA": {
    "bid": 436.04,
    "ask": 436.56,
    "spread": 0.52,
    "spread_pct": 0.119184,
    "timestamp": 1778657414.1469448
  },
  "AMZN": {
    "bid": 267.13,
    "ask": 267.4,
    "spread": 0.27,
    "spread_pct": 0.101023,
    "timestamp": 1778657414.177653
  },
  "GBPUSD": {
    "bid": 1.35316,
    "ask": 1.35327,
    "spread": 0.00011,
    "spread_pct": 0.008129,
    "timestamp": 1778657414.3452299
  },
  "AUDUSD": {
    "bid": 0.72381,
    "ask": 0.7239,
    "spread": 9e-05,
    "spread_pct": 0.012433,
    "timestamp": 1778657414.3452857
  },
  "TSM": {
    "bid": 399.92,
    "ask": 400.32,
    "spread": 0.4,
    "spread_pct": 0.09997,
    "timestamp": 1778657414.1226754
  },
  "MSTR": {
    "bid": 186.47,
    "ask": 186.66,
    "spread": 0.19,
    "spread_pct": 0.101841,
    "timestamp": 1778657414.1133397
  },
  "XPTUSD": {
    "bid": 2120.34,
    "ask": 2130.26,
    "spread": 9.92,
    "spread_pct": 0.466758,
    "timestamp": 1778657411.714261
  },
  "COST": {
    "bid": 1014.64,
    "ask": 1016.78,
    "spread": 2.14,
    "spread_pct": 0.21069,
    "timestamp": 1778657414.1570225
  },
  "XALUSD": {
    "bid": 3600.66,
    "ask": 3615.89,
    "spread": 15.23,
    "spread_pct": 0.422085,
    "timestamp": 1778657399.295837
  },
  "XPDUSD": {
    "bid": 1498.46,
    "ask": 1505.94,
    "spread": 7.48,
    "spread_pct": 0.497936,
    "timestamp": 1778657411.3117867
  }
}