{
  "AAPL": {
    "bid": 304.59,
    "ask": 304.75,
    "spread": 0.16,
    "spread_pct": 0.052516,
    "timestamp": 1779387753.3750575
  },
  "COPPER": {
    "bid": 658.63,
    "ask": 659.03,
    "spread": 0.4,
    "spread_pct": 0.060714,
    "timestamp": 1778745929.310647
  },
  "META": {
    "bid": 608.58,
    "ask": 609.19,
    "spread": 0.61,
    "spread_pct": 0.100183,
    "timestamp": 1779387753.1286447
  },
  "MSFT": {
    "bid": 418.1,
    "ask": 418.52,
    "spread": 0.42,
    "spread_pct": 0.100404,
    "timestamp": 1779387753.3423815
  },
  "ORCL": {
    "bid": 191.88,
    "ask": 192.07,
    "spread": 0.19,
    "spread_pct": 0.098971,
    "timestamp": 1779387753.1989682
  },
  "DJ30": {
    "bid": 50434.47,
    "ask": 50435.73,
    "spread": 1.26,
    "spread_pct": 0.002498,
    "timestamp": 1779387753.245467
  },
  "TECH100": {
    "bid": 29461.37,
    "ask": 29461.83,
    "spread": 0.46,
    "spread_pct": 0.001561,
    "timestamp": 1779387753.1261094
  },
  "XAUUSD": {
    "bid": 4549.39,
    "ask": 4549.59,
    "spread": 0.2,
    "spread_pct": 0.004396,
    "timestamp": 1779387753.1283557
  },
  "UK100": {
    "bid": 10534.46,
    "ask": 10535.3,
    "spread": 0.84,
    "spread_pct": 0.007974,
    "timestamp": 1779387757.3849556
  },
  "UKOIL": {
    "bid": 102.841,
    "ask": 102.871,
    "spread": 0.03,
    "spread_pct": 0.029167,
    "timestamp": 1779387752.99861
  },
  "INTEL": {
    "bid": 118.64,
    "ask": 118.78,
    "spread": 0.14,
    "spread_pct": 0.117934,
    "timestamp": 1779387752.7324202
  },
  "JPN225": {
    "bid": 62244.72,
    "ask": 62284.72,
    "spread": 40.0,
    "spread_pct": 0.064242,
    "timestamp": 1779387753.1259968
  },
  "NZDUSD": {
    "bid": 0.58805,
    "ask": 0.58815,
    "spread": 0.0001,
    "spread_pct": 0.017004,
    "timestamp": 1779387752.1687222
  },
  "NFLX": {
    "bid": 89.08,
    "ask": 90.16,
    "spread": 1.08,
    "spread_pct": 1.205088,
    "timestamp": 1779387753.2457695
  },
  "AMD": {
    "bid": 445.53,
    "ask": 445.7,
    "spread": 0.17,
    "spread_pct": 0.03815,
    "timestamp": 1779387753.425923
  },
  "GER30": {
    "bid": 24912.26,
    "ask": 24913.54,
    "spread": 1.28,
    "spread_pct": 0.005138,
    "timestamp": 1779387757.3850293
  },
  "XAGUSD": {
    "bid": 76.823,
    "ask": 76.924,
    "spread": 0.101,
    "spread_pct": 0.131385,
    "timestamp": 1779387753.245314
  },
  "PLTR": {
    "bid": 137.79,
    "ask": 137.93,
    "spread": 0.14,
    "spread_pct": 0.101552,
    "timestamp": 1779387753.360063
  },
  "GOOG": {
    "bid": 390.54,
    "ask": 390.98,
    "spread": 0.44,
    "spread_pct": 0.112601,
    "timestamp": 1779387752.7323153
  },
  "NGAS": {
    "bid": 3.1518,
    "ask": 3.1644,
    "spread": 0.0126,
    "spread_pct": 0.398974,
    "timestamp": 1779387751.1252472
  },
  "SP500": {
    "bid": 7467.02,
    "ask": 7467.32,
    "spread": 0.3,
    "spread_pct": 0.004018,
    "timestamp": 1779387753.4265394
  },
  "EURUSD": {
    "bid": 1.16255,
    "ask": 1.16264,
    "spread": 9e-05,
    "spread_pct": 0.007741,
    "timestamp": 1779387757.5056016
  },
  "NVIDIA": {
    "bid": 219.73,
    "ask": 220.06,
    "spread": 0.33,
    "spread_pct": 0.150072,
    "timestamp": 1779387753.4266732
  },
  "USOIL": {
    "bid": 95.76,
    "ask": 97.6,
    "spread": 1.84,
    "spread_pct": 1.903186,
    "timestamp": 1779387752.8986182
  },
  "TSLA": {
    "bid": 421.32,
    "ask": 421.84,
    "spread": 0.52,
    "spread_pct": 0.123346,
    "timestamp": 1779387753.4762983
  },
  "AMZN": {
    "bid": 269.3,
    "ask": 269.62,
    "spread": 0.32,
    "spread_pct": 0.118756,
    "timestamp": 1779387757.8336763
  },
  "GBPUSD": {
    "bid": 1.34458,
    "ask": 1.34467,
    "spread": 9e-05,
    "spread_pct": 0.006693,
    "timestamp": 1779387757.8335686
  },
  "AUDUSD": {
    "bid": 0.71604,
    "ask": 0.71614,
    "spread": 0.0001,
    "spread_pct": 0.013965,
    "timestamp": 1779387753.1284983
  },
  "TSM": {
    "bid": 408.68,
    "ask": 409.17,
    "spread": 0.49,
    "spread_pct": 0.119826,
    "timestamp": 1779387753.4267573
  },
  "MSTR": {
    "bid": 166.82,
    "ask": 167.5,
    "spread": 0.68,
    "spread_pct": 0.406796,
    "timestamp": 1779387755.6231809
  },
  "XPTUSD": {
    "bid": 1966.16,
    "ask": 1976.12,
    "spread": 9.96,
    "spread_pct": 0.505291,
    "timestamp": 1779387752.9291906
  },
  "COST": {
    "bid": 1050.13,
    "ask": 1052.32,
    "spread": 2.19,
    "spread_pct": 0.208328,
    "timestamp": 1779387753.341387
  },
  "XALUSD": {
    "bid": 3632.49,
    "ask": 3647.91,
    "spread": 15.42,
    "spread_pct": 0.423603,
    "timestamp": 1779381032.2611456
  },
  "XPDUSD": {
    "bid": 1390.85,
    "ask": 1398.23,
    "spread": 7.38,
    "spread_pct": 0.529207,
    "timestamp": 1779387752.1241784
  }
}