{
  "AAPL": {
    "bid": 283.68,
    "ask": 283.84,
    "spread": 0.16,
    "spread_pct": 0.056386,
    "timestamp": 1778004701.2658722
  },
  "COPPER": {
    "bid": 598.82,
    "ask": 599.24,
    "spread": 0.42,
    "spread_pct": 0.070113,
    "timestamp": 1778004701.668975
  },
  "META": {
    "bid": 603.68,
    "ask": 604.5,
    "spread": 0.82,
    "spread_pct": 0.135741,
    "timestamp": 1778004701.5426714
  },
  "MSFT": {
    "bid": 410.21,
    "ask": 410.35,
    "spread": 0.14,
    "spread_pct": 0.034123,
    "timestamp": 1778004701.669415
  },
  "ORCL": {
    "bid": 183.94,
    "ask": 184.16,
    "spread": 0.22,
    "spread_pct": 0.119533,
    "timestamp": 1778004701.349781
  },
  "DJ30": {
    "bid": 49389.35,
    "ask": 49390.65,
    "spread": 1.3,
    "spread_pct": 0.002632,
    "timestamp": 1778004701.6044214
  },
  "TECH100": {
    "bid": 28175.52,
    "ask": 28175.98,
    "spread": 0.46,
    "spread_pct": 0.001633,
    "timestamp": 1778004701.2657144
  },
  "XAUUSD": {
    "bid": 4560.79,
    "ask": 4560.99,
    "spread": 0.2,
    "spread_pct": 0.004385,
    "timestamp": 1778004701.2868648
  },
  "UK100": {
    "bid": 10257.61,
    "ask": 10258.39,
    "spread": 0.78,
    "spread_pct": 0.007604,
    "timestamp": 1778004698.069403
  },
  "UKOIL": {
    "bid": 110.082,
    "ask": 110.118,
    "spread": 0.036,
    "spread_pct": 0.032698,
    "timestamp": 1778004701.7875545
  },
  "INTEL": {
    "bid": 108.86,
    "ask": 109.0,
    "spread": 0.14,
    "spread_pct": 0.128523,
    "timestamp": 1778004701.1015775
  },
  "JPN225": {
    "bid": 60668.35,
    "ask": 60676.65,
    "spread": 8.3,
    "spread_pct": 0.01368,
    "timestamp": 1778004700.1625874
  },
  "NZDUSD": {
    "bid": 0.58916,
    "ask": 0.58926,
    "spread": 0.0001,
    "spread_pct": 0.016972,
    "timestamp": 1778004701.892966
  },
  "NFLX": {
    "bid": 87.56,
    "ask": 88.56,
    "spread": 1.0,
    "spread_pct": 1.135589,
    "timestamp": 1778004701.4346502
  },
  "AMD": {
    "bid": 358.67,
    "ask": 358.83,
    "spread": 0.16,
    "spread_pct": 0.044599,
    "timestamp": 1778004701.9842849
  },
  "GER30": {
    "bid": 24487.96,
    "ask": 24489.04,
    "spread": 1.08,
    "spread_pct": 0.00441,
    "timestamp": 1778004701.78775
  },
  "XAGUSD": {
    "bid": 73.089,
    "ask": 73.19,
    "spread": 0.101,
    "spread_pct": 0.138092,
    "timestamp": 1778004701.41395
  },
  "PLTR": {
    "bid": 136.4,
    "ask": 136.54,
    "spread": 0.14,
    "spread_pct": 0.102587,
    "timestamp": 1778004701.390171
  },
  "GOOG": {
    "bid": 386.35,
    "ask": 386.79,
    "spread": 0.44,
    "spread_pct": 0.113822,
    "timestamp": 1778004701.9843948
  },
  "NGAS": {
    "bid": 2.7815,
    "ask": 2.7935,
    "spread": 0.012,
    "spread_pct": 0.430493,
    "timestamp": 1778004701.6695087
  },
  "SP500": {
    "bid": 7292.96,
    "ask": 7293.29,
    "spread": 0.33,
    "spread_pct": 0.004525,
    "timestamp": 1778004701.5429268
  },
  "EURUSD": {
    "bid": 1.1698,
    "ask": 1.16991,
    "spread": 0.00011,
    "spread_pct": 0.009403,
    "timestamp": 1778004700.3337712
  },
  "NVIDIA": {
    "bid": 197.07,
    "ask": 197.37,
    "spread": 0.3,
    "spread_pct": 0.152114,
    "timestamp": 1778004701.6687937
  },
  "USOIL": {
    "bid": 101.23,
    "ask": 103.09,
    "spread": 1.86,
    "spread_pct": 1.820673,
    "timestamp": 1778004701.6485488
  },
  "TSLA": {
    "bid": 392.64,
    "ask": 393.11,
    "spread": 0.47,
    "spread_pct": 0.119631,
    "timestamp": 1778004701.2869604
  },
  "AMZN": {
    "bid": 273.37,
    "ask": 273.69,
    "spread": 0.32,
    "spread_pct": 0.116989,
    "timestamp": 1778004701.6693285
  },
  "GBPUSD": {
    "bid": 1.35505,
    "ask": 1.35514,
    "spread": 9e-05,
    "spread_pct": 0.006642,
    "timestamp": 1778004700.9756234
  },
  "AUDUSD": {
    "bid": 0.71884,
    "ask": 0.71892,
    "spread": 8e-05,
    "spread_pct": 0.011128,
    "timestamp": 1778004701.4140897
  },
  "TSM": {
    "bid": 396.87,
    "ask": 397.34,
    "spread": 0.47,
    "spread_pct": 0.118357,
    "timestamp": 1778004701.7876685
  },
  "MSTR": {
    "bid": 184.23,
    "ask": 184.93,
    "spread": 0.7,
    "spread_pct": 0.379239,
    "timestamp": 1778004701.6691759
  },
  "XPTUSD": {
    "bid": 1959.53,
    "ask": 1969.73,
    "spread": 10.2,
    "spread_pct": 0.519182,
    "timestamp": 1778004701.5428026
  },
  "COST": {
    "bid": 1019.3,
    "ask": 1019.92,
    "spread": 0.62,
    "spread_pct": 0.060808,
    "timestamp": 1778004701.3903923
  },
  "XALUSD": {
    "bid": 3554.89,
    "ask": 3570.36,
    "spread": 15.47,
    "spread_pct": 0.43423,
    "timestamp": 1777985953.4549065
  },
  "XPDUSD": {
    "bid": 1495.45,
    "ask": 1502.93,
    "spread": 7.48,
    "spread_pct": 0.498936,
    "timestamp": 1778004701.026381
  }
}