{
  "AAPL": {
    "bid": 273.91,
    "ask": 274.09,
    "spread": 0.18,
    "spread_pct": 0.065693,
    "timestamp": 1776956606.1740527
  },
  "COPPER": {
    "bid": 614.86,
    "ask": 615.24,
    "spread": 0.38,
    "spread_pct": 0.061784,
    "timestamp": 1776956606.1231887
  },
  "META": {
    "bid": 666.8,
    "ask": 667.64,
    "spread": 0.84,
    "spread_pct": 0.125896,
    "timestamp": 1776956606.3278518
  },
  "MSFT": {
    "bid": 421.52,
    "ask": 421.68,
    "spread": 0.16,
    "spread_pct": 0.037951,
    "timestamp": 1776956606.1229756
  },
  "ORCL": {
    "bid": 180.61,
    "ask": 180.79,
    "spread": 0.18,
    "spread_pct": 0.099613,
    "timestamp": 1776956606.361447
  },
  "DJ30": {
    "bid": 49650.45,
    "ask": 49651.55,
    "spread": 1.1,
    "spread_pct": 0.002215,
    "timestamp": 1776956606.0761561
  },
  "TECH100": {
    "bid": 27104.28,
    "ask": 27104.72,
    "spread": 0.44,
    "spread_pct": 0.001623,
    "timestamp": 1776956606.199427
  },
  "XAUUSD": {
    "bid": 4732.17,
    "ask": 4732.37,
    "spread": 0.2,
    "spread_pct": 0.004226,
    "timestamp": 1776956606.1317627
  },
  "UK100": {
    "bid": 10474.25,
    "ask": 10478.25,
    "spread": 4.0,
    "spread_pct": 0.038182,
    "timestamp": 1776956606.2409325
  },
  "UKOIL": {
    "bid": 97.221,
    "ask": 97.259,
    "spread": 0.038,
    "spread_pct": 0.039079,
    "timestamp": 1776956606.2971964
  },
  "INTEL": {
    "bid": 67.04,
    "ask": 67.16,
    "spread": 0.12,
    "spread_pct": 0.178838,
    "timestamp": 1776956605.550156
  },
  "JPN225": {
    "bid": 59468.59,
    "ask": 59476.41,
    "spread": 7.82,
    "spread_pct": 0.013149,
    "timestamp": 1776956605.8766346
  },
  "NZDUSD": {
    "bid": 0.58828,
    "ask": 0.58838,
    "spread": 0.0001,
    "spread_pct": 0.016997,
    "timestamp": 1776956606.3027909
  },
  "NFLX": {
    "bid": 93.05,
    "ask": 94.09,
    "spread": 1.04,
    "spread_pct": 1.111467,
    "timestamp": 1776956606.2408183
  },
  "AMD": {
    "bid": 306.73,
    "ask": 306.91,
    "spread": 0.18,
    "spread_pct": 0.058666,
    "timestamp": 1776956605.1130285
  },
  "GER30": {
    "bid": 24323.49,
    "ask": 24324.51,
    "spread": 1.02,
    "spread_pct": 0.004193,
    "timestamp": 1776956606.1994975
  },
  "XAGUSD": {
    "bid": 76.159,
    "ask": 76.259,
    "spread": 0.1,
    "spread_pct": 0.131218,
    "timestamp": 1776956606.3027046
  },
  "PLTR": {
    "bid": 145.99,
    "ask": 146.15,
    "spread": 0.16,
    "spread_pct": 0.109537,
    "timestamp": 1776956606.120948
  },
  "GOOG": {
    "bid": 340.58,
    "ask": 340.98,
    "spread": 0.4,
    "spread_pct": 0.117378,
    "timestamp": 1776956606.1229088
  },
  "NGAS": {
    "bid": 2.735,
    "ask": 2.748,
    "spread": 0.013,
    "spread_pct": 0.474193,
    "timestamp": 1776956605.432335
  },
  "SP500": {
    "bid": 7175.7,
    "ask": 7176.05,
    "spread": 0.35,
    "spread_pct": 0.004877,
    "timestamp": 1776956606.3615532
  },
  "EURUSD": {
    "bid": 1.17099,
    "ask": 1.17109,
    "spread": 0.0001,
    "spread_pct": 0.008539,
    "timestamp": 1776956606.2083292
  },
  "NVIDIA": {
    "bid": 202.79,
    "ask": 203.14,
    "spread": 0.35,
    "spread_pct": 0.172444,
    "timestamp": 1776956606.1227536
  },
  "USOIL": {
    "bid": 93.164,
    "ask": 93.196,
    "spread": 0.032,
    "spread_pct": 0.034342,
    "timestamp": 1776956606.1225963
  },
  "TSLA": {
    "bid": 375.9,
    "ask": 376.44,
    "spread": 0.54,
    "spread_pct": 0.143552,
    "timestamp": 1776956605.3883624
  },
  "AMZN": {
    "bid": 257.82,
    "ask": 258.12,
    "spread": 0.3,
    "spread_pct": 0.116293,
    "timestamp": 1776956606.2851694
  },
  "GBPUSD": {
    "bid": 1.35091,
    "ask": 1.35102,
    "spread": 0.00011,
    "spread_pct": 0.008142,
    "timestamp": 1776956606.1991155
  },
  "AUDUSD": {
    "bid": 0.71608,
    "ask": 0.71617,
    "spread": 9e-05,
    "spread_pct": 0.012568,
    "timestamp": 1776956606.3613005
  },
  "TSM": {
    "bid": 388.12,
    "ask": 388.59,
    "spread": 0.47,
    "spread_pct": 0.121023,
    "timestamp": 1776956605.3977368
  },
  "MSTR": {
    "bid": 178.88,
    "ask": 179.6,
    "spread": 0.72,
    "spread_pct": 0.401696,
    "timestamp": 1776956605.3886147
  },
  "XPTUSD": {
    "bid": 2029.64,
    "ask": 2039.76,
    "spread": 10.12,
    "spread_pct": 0.497371,
    "timestamp": 1776956605.397907
  },
  "COST": {
    "bid": 1011.0,
    "ask": 1011.54,
    "spread": 0.54,
    "spread_pct": 0.053398,
    "timestamp": 1776956605.6942723
  },
  "XALUSD": {
    "bid": 3612.88,
    "ask": 3628.22,
    "spread": 15.34,
    "spread_pct": 0.423693,
    "timestamp": 1776956606.1992638
  },
  "XPDUSD": {
    "bid": 1498.28,
    "ask": 1505.68,
    "spread": 7.4,
    "spread_pct": 0.492683,
    "timestamp": 1776956604.4227445
  }
}