{
  "AAPL": {
    "bid": 276.52,
    "ask": 276.8,
    "spread": 0.28,
    "spread_pct": 0.101207,
    "timestamp": 1777933087.171847
  },
  "COPPER": {
    "bid": 585.61,
    "ask": 586.03,
    "spread": 0.42,
    "spread_pct": 0.071694,
    "timestamp": 1777933086.3173895
  },
  "META": {
    "bid": 610.03,
    "ask": 610.64,
    "spread": 0.61,
    "spread_pct": 0.099945,
    "timestamp": 1777933087.1430962
  },
  "MSFT": {
    "bid": 413.3,
    "ask": 413.71,
    "spread": 0.41,
    "spread_pct": 0.099152,
    "timestamp": 1777933087.1860552
  },
  "ORCL": {
    "bid": 180.96,
    "ask": 181.16,
    "spread": 0.2,
    "spread_pct": 0.110461,
    "timestamp": 1777933087.3674839
  },
  "DJ30": {
    "bid": 49103.93,
    "ask": 49105.07,
    "spread": 1.14,
    "spread_pct": 0.002322,
    "timestamp": 1777933083.224262
  },
  "TECH100": {
    "bid": 27771.28,
    "ask": 27776.72,
    "spread": 5.44,
    "spread_pct": 0.019587,
    "timestamp": 1777933087.1567862
  },
  "XAUUSD": {
    "bid": 4520.76,
    "ask": 4520.94,
    "spread": 0.18,
    "spread_pct": 0.003982,
    "timestamp": 1777933087.1080973
  },
  "UK100": {
    "bid": 10381.58,
    "ask": 10382.42,
    "spread": 0.84,
    "spread_pct": 0.008091,
    "timestamp": 1777662373.31854
  },
  "UKOIL": {
    "bid": 113.999,
    "ask": 114.031,
    "spread": 0.032,
    "spread_pct": 0.028066,
    "timestamp": 1777925329.8312502
  },
  "INTEL": {
    "bid": 96.46,
    "ask": 96.62,
    "spread": 0.16,
    "spread_pct": 0.165734,
    "timestamp": 1777920631.2741215
  },
  "JPN225": {
    "bid": 59483.13,
    "ask": 59491.87,
    "spread": 8.74,
    "spread_pct": 0.014692,
    "timestamp": 1777925336.5719671
  },
  "NZDUSD": {
    "bid": 0.58707,
    "ask": 0.58715,
    "spread": 8e-05,
    "spread_pct": 0.013626,
    "timestamp": 1777933084.0523124
  },
  "NFLX": {
    "bid": 91.11,
    "ask": 91.27,
    "spread": 0.16,
    "spread_pct": 0.175458,
    "timestamp": 1777933087.1205056
  },
  "AMD": {
    "bid": 344.4,
    "ask": 344.74,
    "spread": 0.34,
    "spread_pct": 0.098674,
    "timestamp": 1777933087.1081934
  },
  "GER30": {
    "bid": 23988.45,
    "ask": 23989.55,
    "spread": 1.1,
    "spread_pct": 0.004585,
    "timestamp": 1777920630.5081723
  },
  "XAGUSD": {
    "bid": 72.749,
    "ask": 72.85,
    "spread": 0.101,
    "spread_pct": 0.138737,
    "timestamp": 1777933087.5307016
  },
  "PLTR": {
    "bid": 144.36,
    "ask": 144.5,
    "spread": 0.14,
    "spread_pct": 0.096933,
    "timestamp": 1777933087.3676167
  },
  "GOOG": {
    "bid": 383.13,
    "ask": 383.53,
    "spread": 0.4,
    "spread_pct": 0.104349,
    "timestamp": 1777920631.1498659
  },
  "NGAS": {
    "bid": 2.8412,
    "ask": 2.8538,
    "spread": 0.0126,
    "spread_pct": 0.442493,
    "timestamp": 1777933076.9453483
  },
  "SP500": {
    "bid": 7231.7,
    "ask": 7232.05,
    "spread": 0.35,
    "spread_pct": 0.00484,
    "timestamp": 1777933087.1506567
  },
  "EURUSD": {
    "bid": 1.16886,
    "ask": 1.16896,
    "spread": 0.0001,
    "spread_pct": 0.008555,
    "timestamp": 1777933086.1618872
  },
  "NVIDIA": {
    "bid": 197.45,
    "ask": 197.79,
    "spread": 0.34,
    "spread_pct": 0.172047,
    "timestamp": 1777920630.2724364
  },
  "USOIL": {
    "bid": 105.11,
    "ask": 105.15,
    "spread": 0.04,
    "spread_pct": 0.038048,
    "timestamp": 1777933085.5068507
  },
  "TSLA": {
    "bid": 392.38,
    "ask": 392.85,
    "spread": 0.47,
    "spread_pct": 0.11971,
    "timestamp": 1777933087.2410836
  },
  "AMZN": {
    "bid": 272.41,
    "ask": 272.68,
    "spread": 0.27,
    "spread_pct": 0.099066,
    "timestamp": 1777933087.2398498
  },
  "GBPUSD": {
    "bid": 1.35265,
    "ask": 1.35276,
    "spread": 0.00011,
    "spread_pct": 0.008132,
    "timestamp": 1777933081.1569052
  },
  "AUDUSD": {
    "bid": 0.71657,
    "ask": 0.71666,
    "spread": 9e-05,
    "spread_pct": 0.012559,
    "timestamp": 1777933086.239865
  },
  "TSM": {
    "bid": 401.49,
    "ask": 401.89,
    "spread": 0.4,
    "spread_pct": 0.099579,
    "timestamp": 1777933087.2641387
  },
  "MSTR": {
    "bid": 185.01,
    "ask": 185.2,
    "spread": 0.19,
    "spread_pct": 0.102644,
    "timestamp": 1777933087.1101425
  },
  "XPTUSD": {
    "bid": 1942.71,
    "ask": 1952.6,
    "spread": 9.89,
    "spread_pct": 0.50779,
    "timestamp": 1777933087.6587098
  },
  "COST": {
    "bid": 1011.89,
    "ask": 1012.9,
    "spread": 1.01,
    "spread_pct": 0.099763,
    "timestamp": 1777933087.205823
  },
  "XALUSD": {
    "bid": 3502.44,
    "ask": 3517.91,
    "spread": 15.47,
    "spread_pct": 0.440719,
    "timestamp": 1777658171.7225325
  },
  "XPDUSD": {
    "bid": 1482.67,
    "ask": 1490.06,
    "spread": 7.39,
    "spread_pct": 0.497186,
    "timestamp": 1777933087.6588843
  }
}