{
  "AAPL": {
    "bid": 299.77,
    "ask": 300.07,
    "spread": 0.3,
    "spread_pct": 0.100027,
    "timestamp": 1778823522.322317
  },
  "COPPER": {
    "bid": 658.63,
    "ask": 659.03,
    "spread": 0.4,
    "spread_pct": 0.060714,
    "timestamp": 1778745929.310647
  },
  "META": {
    "bid": 611.52,
    "ask": 612.13,
    "spread": 0.61,
    "spread_pct": 0.099702,
    "timestamp": 1778823522.2134666
  },
  "MSFT": {
    "bid": 406.88,
    "ask": 407.29,
    "spread": 0.41,
    "spread_pct": 0.100716,
    "timestamp": 1778823522.215082
  },
  "ORCL": {
    "bid": 191.46,
    "ask": 191.88,
    "spread": 0.42,
    "spread_pct": 0.219127,
    "timestamp": 1778823522.3317535
  },
  "DJ30": {
    "bid": 49983.3,
    "ask": 49984.51,
    "spread": 1.21,
    "spread_pct": 0.002421,
    "timestamp": 1778823521.3136613
  },
  "TECH100": {
    "bid": 29383.84,
    "ask": 29384.26,
    "spread": 0.42,
    "spread_pct": 0.001429,
    "timestamp": 1778823521.226271
  },
  "XAUUSD": {
    "bid": 4566.27,
    "ask": 4566.49,
    "spread": 0.22,
    "spread_pct": 0.004818,
    "timestamp": 1778823521.7616599
  },
  "UK100": {
    "bid": 10286.47,
    "ask": 10287.19,
    "spread": 0.72,
    "spread_pct": 0.006999,
    "timestamp": 1778823522.1273172
  },
  "UKOIL": {
    "bid": 107.298,
    "ask": 107.33,
    "spread": 0.032,
    "spread_pct": 0.029819,
    "timestamp": 1778823521.635107
  },
  "INTEL": {
    "bid": 116.42,
    "ask": 116.52,
    "spread": 0.1,
    "spread_pct": 0.085859,
    "timestamp": 1778784741.5946746
  },
  "JPN225": {
    "bid": 61390.15,
    "ask": 61398.85,
    "spread": 8.7,
    "spread_pct": 0.014171,
    "timestamp": 1778823521.374693
  },
  "NZDUSD": {
    "bid": 0.58688,
    "ask": 0.58697,
    "spread": 9e-05,
    "spread_pct": 0.015334,
    "timestamp": 1778823521.266866
  },
  "NFLX": {
    "bid": 86.84,
    "ask": 86.97,
    "spread": 0.13,
    "spread_pct": 0.149589,
    "timestamp": 1778823522.2888758
  },
  "AMD": {
    "bid": 434.71,
    "ask": 435.14,
    "spread": 0.43,
    "spread_pct": 0.098868,
    "timestamp": 1778823522.1692982
  },
  "GER30": {
    "bid": 24151.31,
    "ask": 24152.49,
    "spread": 1.18,
    "spread_pct": 0.004886,
    "timestamp": 1778823520.8866084
  },
  "XAGUSD": {
    "bid": 78.165,
    "ask": 78.268,
    "spread": 0.103,
    "spread_pct": 0.131686,
    "timestamp": 1778823521.3128824
  },
  "PLTR": {
    "bid": 131.11,
    "ask": 131.24,
    "spread": 0.13,
    "spread_pct": 0.099104,
    "timestamp": 1778823522.0982282
  },
  "GOOG": {
    "bid": 399.93,
    "ask": 400.37,
    "spread": 0.44,
    "spread_pct": 0.109959,
    "timestamp": 1778784739.2200098
  },
  "NGAS": {
    "bid": 2.915,
    "ask": 2.928,
    "spread": 0.013,
    "spread_pct": 0.444977,
    "timestamp": 1778823504.0632682
  },
  "SP500": {
    "bid": 7477.79,
    "ask": 7478.15,
    "spread": 0.36,
    "spread_pct": 0.004814,
    "timestamp": 1778823520.240245
  },
  "EURUSD": {
    "bid": 1.16455,
    "ask": 1.16466,
    "spread": 0.00011,
    "spread_pct": 0.009445,
    "timestamp": 1778823521.7617648
  },
  "NVIDIA": {
    "bid": 235.8,
    "ask": 236.12,
    "spread": 0.32,
    "spread_pct": 0.135616,
    "timestamp": 1778784740.8841429
  },
  "USOIL": {
    "bid": 98.564,
    "ask": 98.6,
    "spread": 0.036,
    "spread_pct": 0.036518,
    "timestamp": 1778823521.6671176
  },
  "TSLA": {
    "bid": 433.22,
    "ask": 433.74,
    "spread": 0.52,
    "spread_pct": 0.119959,
    "timestamp": 1778823522.3058848
  },
  "AMZN": {
    "bid": 265.97,
    "ask": 266.24,
    "spread": 0.27,
    "spread_pct": 0.101464,
    "timestamp": 1778823522.332591
  },
  "GBPUSD": {
    "bid": 1.3353,
    "ask": 1.3354,
    "spread": 0.0001,
    "spread_pct": 0.007489,
    "timestamp": 1778823522.1862314
  },
  "AUDUSD": {
    "bid": 0.71698,
    "ask": 0.71707,
    "spread": 9e-05,
    "spread_pct": 0.012552,
    "timestamp": 1778823522.3870165
  },
  "TSM": {
    "bid": 405.76,
    "ask": 406.17,
    "spread": 0.41,
    "spread_pct": 0.100994,
    "timestamp": 1778823522.1712391
  },
  "MSTR": {
    "bid": 181.56,
    "ask": 181.74,
    "spread": 0.18,
    "spread_pct": 0.099092,
    "timestamp": 1778823522.248404
  },
  "XPTUSD": {
    "bid": 1996.28,
    "ask": 2006.44,
    "spread": 10.16,
    "spread_pct": 0.507655,
    "timestamp": 1778823521.6335301
  },
  "COST": {
    "bid": 1044.42,
    "ask": 1050.0,
    "spread": 5.58,
    "spread_pct": 0.532844,
    "timestamp": 1778823522.3326788
  },
  "XALUSD": {
    "bid": 3598.04,
    "ask": 3613.46,
    "spread": 15.42,
    "spread_pct": 0.42765,
    "timestamp": 1778823517.5588756
  },
  "XPDUSD": {
    "bid": 1415.36,
    "ask": 1422.56,
    "spread": 7.2,
    "spread_pct": 0.507414,
    "timestamp": 1778823519.5126882
  }
}