{
  "AAPL": {
    "bid": 276.55,
    "ask": 276.83,
    "spread": 0.28,
    "spread_pct": 0.101196,
    "timestamp": 1777961305.3339405
  },
  "COPPER": {
    "bid": 589.82,
    "ask": 590.24,
    "spread": 0.42,
    "spread_pct": 0.071183,
    "timestamp": 1777961304.214275
  },
  "META": {
    "bid": 612.34,
    "ask": 612.95,
    "spread": 0.61,
    "spread_pct": 0.099568,
    "timestamp": 1777961305.3367865
  },
  "MSFT": {
    "bid": 414.74,
    "ask": 415.15,
    "spread": 0.41,
    "spread_pct": 0.098808,
    "timestamp": 1777961305.2256901
  },
  "ORCL": {
    "bid": 182.85,
    "ask": 183.03,
    "spread": 0.18,
    "spread_pct": 0.098393,
    "timestamp": 1777961305.2042851
  },
  "DJ30": {
    "bid": 49148.9,
    "ask": 49150.1,
    "spread": 1.2,
    "spread_pct": 0.002442,
    "timestamp": 1777961305.5741062
  },
  "TECH100": {
    "bid": 27845.15,
    "ask": 27845.6,
    "spread": 0.45,
    "spread_pct": 0.001616,
    "timestamp": 1777961305.1439946
  },
  "XAUUSD": {
    "bid": 4544.07,
    "ask": 4544.27,
    "spread": 0.2,
    "spread_pct": 0.004401,
    "timestamp": 1777961305.4344387
  },
  "UK100": {
    "bid": 10277.13,
    "ask": 10277.87,
    "spread": 0.74,
    "spread_pct": 0.0072,
    "timestamp": 1777961305.5744095
  },
  "UKOIL": {
    "bid": 113.516,
    "ask": 113.554,
    "spread": 0.038,
    "spread_pct": 0.03347,
    "timestamp": 1777961300.4155126
  },
  "INTEL": {
    "bid": 96.46,
    "ask": 96.62,
    "spread": 0.16,
    "spread_pct": 0.165734,
    "timestamp": 1777920631.2741215
  },
  "JPN225": {
    "bid": 59681.36,
    "ask": 59688.64,
    "spread": 7.28,
    "spread_pct": 0.012197,
    "timestamp": 1777961305.6392922
  },
  "NZDUSD": {
    "bid": 0.58728,
    "ask": 0.58739,
    "spread": 0.00011,
    "spread_pct": 0.018729,
    "timestamp": 1777961305.434349
  },
  "NFLX": {
    "bid": 91.34,
    "ask": 91.74,
    "spread": 0.4,
    "spread_pct": 0.436967,
    "timestamp": 1777961305.3025818
  },
  "AMD": {
    "bid": 344.55,
    "ask": 344.89,
    "spread": 0.34,
    "spread_pct": 0.098631,
    "timestamp": 1777961305.129177
  },
  "GER30": {
    "bid": 24061.89,
    "ask": 24063.11,
    "spread": 1.22,
    "spread_pct": 0.00507,
    "timestamp": 1777961305.5841658
  },
  "XAGUSD": {
    "bid": 73.045,
    "ask": 73.148,
    "spread": 0.103,
    "spread_pct": 0.14091,
    "timestamp": 1777961305.6393611
  },
  "PLTR": {
    "bid": 142.9,
    "ask": 143.04,
    "spread": 0.14,
    "spread_pct": 0.097923,
    "timestamp": 1777961305.272557
  },
  "GOOG": {
    "bid": 383.13,
    "ask": 383.53,
    "spread": 0.4,
    "spread_pct": 0.104349,
    "timestamp": 1777920631.1498659
  },
  "NGAS": {
    "bid": 2.8333,
    "ask": 2.8457,
    "spread": 0.0124,
    "spread_pct": 0.436697,
    "timestamp": 1777961300.712903
  },
  "SP500": {
    "bid": 7242.1,
    "ask": 7242.4,
    "spread": 0.3,
    "spread_pct": 0.004142,
    "timestamp": 1777961305.3706825
  },
  "EURUSD": {
    "bid": 1.16858,
    "ask": 1.16869,
    "spread": 0.00011,
    "spread_pct": 0.009413,
    "timestamp": 1777961305.3247416
  },
  "NVIDIA": {
    "bid": 197.45,
    "ask": 197.79,
    "spread": 0.34,
    "spread_pct": 0.172047,
    "timestamp": 1777920630.2724364
  },
  "USOIL": {
    "bid": 104.427,
    "ask": 104.463,
    "spread": 0.036,
    "spread_pct": 0.034468,
    "timestamp": 1777961299.1280246
  },
  "TSLA": {
    "bid": 392.5,
    "ask": 392.97,
    "spread": 0.47,
    "spread_pct": 0.119674,
    "timestamp": 1777961305.1422672
  },
  "AMZN": {
    "bid": 273.24,
    "ask": 273.51,
    "spread": 0.27,
    "spread_pct": 0.098765,
    "timestamp": 1777961305.151273
  },
  "GBPUSD": {
    "bid": 1.35277,
    "ask": 1.35286,
    "spread": 9e-05,
    "spread_pct": 0.006653,
    "timestamp": 1777961305.2581196
  },
  "AUDUSD": {
    "bid": 0.71457,
    "ask": 0.71468,
    "spread": 0.00011,
    "spread_pct": 0.015393,
    "timestamp": 1777961305.3719227
  },
  "TSM": {
    "bid": 400.38,
    "ask": 400.78,
    "spread": 0.4,
    "spread_pct": 0.099855,
    "timestamp": 1777961305.1419585
  },
  "MSTR": {
    "bid": 188.26,
    "ask": 188.45,
    "spread": 0.19,
    "spread_pct": 0.100873,
    "timestamp": 1777961305.1952448
  },
  "XPTUSD": {
    "bid": 1974.04,
    "ask": 1984.22,
    "spread": 10.18,
    "spread_pct": 0.514367,
    "timestamp": 1777961305.510388
  },
  "COST": {
    "bid": 1012.11,
    "ask": 1014.53,
    "spread": 2.42,
    "spread_pct": 0.238819,
    "timestamp": 1777961305.2435865
  },
  "XALUSD": {
    "bid": 3502.44,
    "ask": 3517.91,
    "spread": 15.47,
    "spread_pct": 0.440719,
    "timestamp": 1777658171.7225325
  },
  "XPDUSD": {
    "bid": 1497.13,
    "ask": 1504.47,
    "spread": 7.34,
    "spread_pct": 0.489072,
    "timestamp": 1777961302.3811958
  }
}