{
  "AAPL": {
    "bid": 278.0,
    "ask": 278.28,
    "spread": 0.28,
    "spread_pct": 0.100669,
    "timestamp": 1777608915.177984
  },
  "COPPER": {
    "bid": 601.2,
    "ask": 601.6,
    "spread": 0.4,
    "spread_pct": 0.066511,
    "timestamp": 1777608903.3771236
  },
  "META": {
    "bid": 615.93,
    "ask": 616.55,
    "spread": 0.62,
    "spread_pct": 0.10061,
    "timestamp": 1777608915.3806038
  },
  "MSFT": {
    "bid": 409.73,
    "ask": 410.14,
    "spread": 0.41,
    "spread_pct": 0.100016,
    "timestamp": 1777608915.2859395
  },
  "ORCL": {
    "bid": 163.12,
    "ask": 163.28,
    "spread": 0.16,
    "spread_pct": 0.098039,
    "timestamp": 1777608915.2089183
  },
  "DJ30": {
    "bid": 49891.87,
    "ask": 49893.13,
    "spread": 1.26,
    "spread_pct": 0.002525,
    "timestamp": 1777608914.8338172
  },
  "TECH100": {
    "bid": 27630.79,
    "ask": 27631.21,
    "spread": 0.42,
    "spread_pct": 0.00152,
    "timestamp": 1777608915.295622
  },
  "XAUUSD": {
    "bid": 4621.31,
    "ask": 4621.51,
    "spread": 0.2,
    "spread_pct": 0.004328,
    "timestamp": 1777608915.2090056
  },
  "UK100": {
    "bid": 10375.11,
    "ask": 10375.89,
    "spread": 0.78,
    "spread_pct": 0.007518,
    "timestamp": 1777608914.690822
  },
  "UKOIL": {
    "bid": 111.417,
    "ask": 111.453,
    "spread": 0.036,
    "spread_pct": 0.032306,
    "timestamp": 1777608912.0195343
  },
  "INTEL": {
    "bid": 92.57,
    "ask": 92.75,
    "spread": 0.18,
    "spread_pct": 0.194259,
    "timestamp": 1777575686.2138278
  },
  "JPN225": {
    "bid": 59675.0,
    "ask": 59715.0,
    "spread": 40.0,
    "spread_pct": 0.067007,
    "timestamp": 1777608914.3499572
  },
  "NZDUSD": {
    "bid": 0.58965,
    "ask": 0.58974,
    "spread": 9e-05,
    "spread_pct": 0.015262,
    "timestamp": 1777608908.1348686
  },
  "NFLX": {
    "bid": 93.95,
    "ask": 94.09,
    "spread": 0.14,
    "spread_pct": 0.148904,
    "timestamp": 1777608915.3586597
  },
  "AMD": {
    "bid": 352.5,
    "ask": 352.85,
    "spread": 0.35,
    "spread_pct": 0.099242,
    "timestamp": 1777608915.402415
  },
  "GER30": {
    "bid": 24426.99,
    "ask": 24428.01,
    "spread": 1.02,
    "spread_pct": 0.004176,
    "timestamp": 1777575685.1484106
  },
  "XAGUSD": {
    "bid": 74.084,
    "ask": 74.186,
    "spread": 0.102,
    "spread_pct": 0.137587,
    "timestamp": 1777608915.4081607
  },
  "PLTR": {
    "bid": 141.29,
    "ask": 141.43,
    "spread": 0.14,
    "spread_pct": 0.099038,
    "timestamp": 1777608915.1675172
  },
  "GOOG": {
    "bid": 381.5,
    "ask": 381.92,
    "spread": 0.42,
    "spread_pct": 0.110031,
    "timestamp": 1777575686.4626043
  },
  "NGAS": {
    "bid": 2.7731,
    "ask": 2.7859,
    "spread": 0.0128,
    "spread_pct": 0.460514,
    "timestamp": 1777608903.375115
  },
  "SP500": {
    "bid": 7258.7,
    "ask": 7259.05,
    "spread": 0.35,
    "spread_pct": 0.004822,
    "timestamp": 1777608915.6191945
  },
  "EURUSD": {
    "bid": 1.17286,
    "ask": 1.17296,
    "spread": 0.0001,
    "spread_pct": 0.008526,
    "timestamp": 1777608915.7174394
  },
  "NVIDIA": {
    "bid": 201.78,
    "ask": 202.11,
    "spread": 0.33,
    "spread_pct": 0.163411,
    "timestamp": 1777575686.2136922
  },
  "USOIL": {
    "bid": 104.58,
    "ask": 106.44,
    "spread": 1.86,
    "spread_pct": 1.762866,
    "timestamp": 1777608911.854363
  },
  "TSLA": {
    "bid": 382.0,
    "ask": 382.46,
    "spread": 0.46,
    "spread_pct": 0.120346,
    "timestamp": 1777608915.3758366
  },
  "AMZN": {
    "bid": 264.56,
    "ask": 264.82,
    "spread": 0.26,
    "spread_pct": 0.098228,
    "timestamp": 1777608915.156836
  },
  "GBPUSD": {
    "bid": 1.35994,
    "ask": 1.36004,
    "spread": 0.0001,
    "spread_pct": 0.007353,
    "timestamp": 1777608915.3759766
  },
  "AUDUSD": {
    "bid": 0.71917,
    "ask": 0.71925,
    "spread": 8e-05,
    "spread_pct": 0.011123,
    "timestamp": 1777608915.376166
  },
  "TSM": {
    "bid": 396.4,
    "ask": 396.8,
    "spread": 0.4,
    "spread_pct": 0.100857,
    "timestamp": 1777608915.1240013
  },
  "MSTR": {
    "bid": 167.92,
    "ask": 168.09,
    "spread": 0.17,
    "spread_pct": 0.101187,
    "timestamp": 1777608915.2050922
  },
  "XPTUSD": {
    "bid": 1980.04,
    "ask": 1990.31,
    "spread": 10.27,
    "spread_pct": 0.517335,
    "timestamp": 1777608915.7776759
  },
  "COST": {
    "bid": 1008.89,
    "ask": 1015.46,
    "spread": 6.57,
    "spread_pct": 0.649097,
    "timestamp": 1777608915.3188386
  },
  "XALUSD": {
    "bid": 3485.47,
    "ask": 3500.83,
    "spread": 15.36,
    "spread_pct": 0.439718,
    "timestamp": 1777608900.995914
  },
  "XPDUSD": {
    "bid": 1524.94,
    "ask": 1532.14,
    "spread": 7.2,
    "spread_pct": 0.471038,
    "timestamp": 1777608915.3760986
  }
}