{
  "AAPL": {
    "bid": 270.04,
    "ask": 270.22,
    "spread": 0.18,
    "spread_pct": 0.066635,
    "timestamp": 1777059403.1095536
  },
  "COPPER": {
    "bid": 609.78,
    "ask": 610.16,
    "spread": 0.38,
    "spread_pct": 0.062298,
    "timestamp": 1777288635.50648
  },
  "META": {
    "bid": 676.18,
    "ask": 677.0,
    "spread": 0.82,
    "spread_pct": 0.121196,
    "timestamp": 1777059400.6640484
  },
  "MSFT": {
    "bid": 423.33,
    "ask": 423.49,
    "spread": 0.16,
    "spread_pct": 0.037788,
    "timestamp": 1777059402.2954955
  },
  "ORCL": {
    "bid": 173.44,
    "ask": 173.6,
    "spread": 0.16,
    "spread_pct": 0.092208,
    "timestamp": 1777059402.2959394
  },
  "DJ30": {
    "bid": 49325.35,
    "ask": 49326.65,
    "spread": 1.3,
    "spread_pct": 0.002636,
    "timestamp": 1777288635.1160803
  },
  "TECH100": {
    "bid": 27479.92,
    "ask": 27480.33,
    "spread": 0.41,
    "spread_pct": 0.001492,
    "timestamp": 1777288635.115859
  },
  "XAUUSD": {
    "bid": 4701.18,
    "ask": 4701.38,
    "spread": 0.2,
    "spread_pct": 0.004254,
    "timestamp": 1777288636.457265
  },
  "UK100": {
    "bid": 10406.75,
    "ask": 10410.75,
    "spread": 4.0,
    "spread_pct": 0.038429,
    "timestamp": 1777288636.1595707
  },
  "UKOIL": {
    "bid": 100.314,
    "ask": 100.346,
    "spread": 0.032,
    "spread_pct": 0.031895,
    "timestamp": 1777288636.2347164
  },
  "INTEL": {
    "bid": 80.89,
    "ask": 81.03,
    "spread": 0.14,
    "spread_pct": 0.172925,
    "timestamp": 1777059403.1093316
  },
  "JPN225": {
    "bid": 60543.55,
    "ask": 60551.45,
    "spread": 7.9,
    "spread_pct": 0.013048,
    "timestamp": 1777288633.0310223
  },
  "NZDUSD": {
    "bid": 0.59091,
    "ask": 0.591,
    "spread": 9e-05,
    "spread_pct": 0.01523,
    "timestamp": 1777288635.938275
  },
  "NFLX": {
    "bid": 91.9,
    "ask": 92.94,
    "spread": 1.04,
    "spread_pct": 1.125298,
    "timestamp": 1777059402.984387
  },
  "AMD": {
    "bid": 345.64,
    "ask": 345.84,
    "spread": 0.2,
    "spread_pct": 0.057847,
    "timestamp": 1777059403.1096587
  },
  "GER30": {
    "bid": 24459.9,
    "ask": 24461.1,
    "spread": 1.2,
    "spread_pct": 0.004906,
    "timestamp": 1777288636.16044
  },
  "XAGUSD": {
    "bid": 75.563,
    "ask": 75.666,
    "spread": 0.103,
    "spread_pct": 0.136217,
    "timestamp": 1777288636.106199
  },
  "PLTR": {
    "bid": 142.59,
    "ask": 142.73,
    "spread": 0.14,
    "spread_pct": 0.098135,
    "timestamp": 1777059403.1097336
  },
  "GOOG": {
    "bid": 344.29,
    "ask": 344.71,
    "spread": 0.42,
    "spread_pct": 0.121916,
    "timestamp": 1777059402.4018574
  },
  "NGAS": {
    "bid": 2.7574,
    "ask": 2.7696,
    "spread": 0.0122,
    "spread_pct": 0.441469,
    "timestamp": 1777288636.106305
  },
  "SP500": {
    "bid": 7193.95,
    "ask": 7194.3,
    "spread": 0.35,
    "spread_pct": 0.004865,
    "timestamp": 1777288636.160929
  },
  "EURUSD": {
    "bid": 1.17395,
    "ask": 1.17404,
    "spread": 9e-05,
    "spread_pct": 0.007666,
    "timestamp": 1777288633.7124352
  },
  "NVIDIA": {
    "bid": 208.25,
    "ask": 208.58,
    "spread": 0.33,
    "spread_pct": 0.158338,
    "timestamp": 1777059402.2326934
  },
  "USOIL": {
    "bid": 95.253,
    "ask": 95.287,
    "spread": 0.034,
    "spread_pct": 0.035688,
    "timestamp": 1777288636.160841
  },
  "TSLA": {
    "bid": 376.97,
    "ask": 377.49,
    "spread": 0.52,
    "spread_pct": 0.137847,
    "timestamp": 1777059402.600363
  },
  "AMZN": {
    "bid": 263.79,
    "ask": 264.09,
    "spread": 0.3,
    "spread_pct": 0.113662,
    "timestamp": 1777059402.2325428
  },
  "GBPUSD": {
    "bid": 1.35541,
    "ask": 1.35551,
    "spread": 0.0001,
    "spread_pct": 0.007378,
    "timestamp": 1777288636.2873764
  },
  "AUDUSD": {
    "bid": 0.71829,
    "ask": 0.71839,
    "spread": 0.0001,
    "spread_pct": 0.013921,
    "timestamp": 1777288635.9383633
  },
  "TSM": {
    "bid": 403.31,
    "ask": 403.78,
    "spread": 0.47,
    "spread_pct": 0.116468,
    "timestamp": 1777059402.232916
  },
  "MSTR": {
    "bid": 170.66,
    "ask": 171.38,
    "spread": 0.72,
    "spread_pct": 0.421003,
    "timestamp": 1777059402.9841743
  },
  "XPTUSD": {
    "bid": 2017.29,
    "ask": 2027.25,
    "spread": 9.96,
    "spread_pct": 0.492516,
    "timestamp": 1777288635.2414908
  },
  "COST": {
    "bid": 1010.06,
    "ask": 1010.62,
    "spread": 0.56,
    "spread_pct": 0.055427,
    "timestamp": 1777059400.371591
  },
  "XALUSD": {
    "bid": 3599.03,
    "ask": 3614.32,
    "spread": 15.29,
    "spread_pct": 0.423936,
    "timestamp": 1777280883.7379253
  },
  "XPDUSD": {
    "bid": 1484.69,
    "ask": 1492.23,
    "spread": 7.54,
    "spread_pct": 0.506564,
    "timestamp": 1777288623.7923942
  }
}