{
  "AAPL": {
    "bid": 287.47,
    "ask": 287.76,
    "spread": 0.29,
    "spread_pct": 0.100829,
    "timestamp": 1778136669.140304
  },
  "COPPER": {
    "bid": 619.54,
    "ask": 619.92,
    "spread": 0.38,
    "spread_pct": 0.061317,
    "timestamp": 1778136669.1643367
  },
  "META": {
    "bid": 613.38,
    "ask": 613.99,
    "spread": 0.61,
    "spread_pct": 0.0994,
    "timestamp": 1778136670.2107494
  },
  "MSFT": {
    "bid": 414.33,
    "ask": 414.74,
    "spread": 0.41,
    "spread_pct": 0.098906,
    "timestamp": 1778136670.1203377
  },
  "ORCL": {
    "bid": 194.43,
    "ask": 194.91,
    "spread": 0.48,
    "spread_pct": 0.246571,
    "timestamp": 1778136669.2280333
  },
  "DJ30": {
    "bid": 50160.35,
    "ask": 50161.65,
    "spread": 1.3,
    "spread_pct": 0.002592,
    "timestamp": 1778136669.1649168
  },
  "TECH100": {
    "bid": 28720.41,
    "ask": 28720.84,
    "spread": 0.43,
    "spread_pct": 0.001497,
    "timestamp": 1778136670.129657
  },
  "XAUUSD": {
    "bid": 4738.19,
    "ask": 4738.39,
    "spread": 0.2,
    "spread_pct": 0.004221,
    "timestamp": 1778136669.3773017
  },
  "UK100": {
    "bid": 10466.33,
    "ask": 10467.17,
    "spread": 0.84,
    "spread_pct": 0.008025,
    "timestamp": 1778136669.46278
  },
  "UKOIL": {
    "bid": 101.156,
    "ask": 101.194,
    "spread": 0.038,
    "spread_pct": 0.037559,
    "timestamp": 1778136669.1648138
  },
  "INTEL": {
    "bid": 112.21,
    "ask": 112.35,
    "spread": 0.14,
    "spread_pct": 0.124688,
    "timestamp": 1778093843.2089787
  },
  "JPN225": {
    "bid": 63115.0,
    "ask": 63155.0,
    "spread": 40.0,
    "spread_pct": 0.063356,
    "timestamp": 1778136669.999089
  },
  "NZDUSD": {
    "bid": 0.59576,
    "ask": 0.59585,
    "spread": 9e-05,
    "spread_pct": 0.015106,
    "timestamp": 1778136669.486976
  },
  "NFLX": {
    "bid": 88.3,
    "ask": 88.43,
    "spread": 0.13,
    "spread_pct": 0.147117,
    "timestamp": 1778136669.2065434
  },
  "AMD": {
    "bid": 419.81,
    "ask": 420.23,
    "spread": 0.42,
    "spread_pct": 0.099995,
    "timestamp": 1778136670.1392803
  },
  "GER30": {
    "bid": 25022.94,
    "ask": 25024.06,
    "spread": 1.12,
    "spread_pct": 0.004476,
    "timestamp": 1778136669.166129
  },
  "XAGUSD": {
    "bid": 78.721,
    "ask": 78.824,
    "spread": 0.103,
    "spread_pct": 0.130756,
    "timestamp": 1778136669.6679974
  },
  "PLTR": {
    "bid": 134.36,
    "ask": 134.49,
    "spread": 0.13,
    "spread_pct": 0.096708,
    "timestamp": 1778136669.1507869
  },
  "GOOG": {
    "bid": 396.65,
    "ask": 397.09,
    "spread": 0.44,
    "spread_pct": 0.110868,
    "timestamp": 1778093843.2086306
  },
  "NGAS": {
    "bid": 2.704,
    "ask": 2.717,
    "spread": 0.013,
    "spread_pct": 0.479616,
    "timestamp": 1778136666.2294304
  },
  "SP500": {
    "bid": 7398.21,
    "ask": 7398.54,
    "spread": 0.33,
    "spread_pct": 0.00446,
    "timestamp": 1778136669.8771563
  },
  "EURUSD": {
    "bid": 1.17462,
    "ask": 1.17472,
    "spread": 0.0001,
    "spread_pct": 0.008513,
    "timestamp": 1778136670.2422745
  },
  "NVIDIA": {
    "bid": 206.89,
    "ask": 207.21,
    "spread": 0.32,
    "spread_pct": 0.154552,
    "timestamp": 1778093843.5791183
  },
  "USOIL": {
    "bid": 94.0,
    "ask": 95.87,
    "spread": 1.87,
    "spread_pct": 1.969769,
    "timestamp": 1778136669.165665
  },
  "TSLA": {
    "bid": 397.85,
    "ask": 398.33,
    "spread": 0.48,
    "spread_pct": 0.120576,
    "timestamp": 1778136670.1202374
  },
  "AMZN": {
    "bid": 275.22,
    "ask": 275.5,
    "spread": 0.28,
    "spread_pct": 0.101685,
    "timestamp": 1778136669.2279415
  },
  "GBPUSD": {
    "bid": 1.35988,
    "ask": 1.35996,
    "spread": 8e-05,
    "spread_pct": 0.005883,
    "timestamp": 1778136670.1295326
  },
  "AUDUSD": {
    "bid": 0.72498,
    "ask": 0.7251,
    "spread": 0.00012,
    "spread_pct": 0.016551,
    "timestamp": 1778136669.7342694
  },
  "TSM": {
    "bid": 419.62,
    "ask": 420.04,
    "spread": 0.42,
    "spread_pct": 0.10004,
    "timestamp": 1778136670.2342846
  },
  "MSTR": {
    "bid": 186.01,
    "ask": 186.2,
    "spread": 0.19,
    "spread_pct": 0.102093,
    "timestamp": 1778136670.139399
  },
  "XPTUSD": {
    "bid": 2067.68,
    "ask": 2077.92,
    "spread": 10.24,
    "spread_pct": 0.494018,
    "timestamp": 1778136670.0644403
  },
  "COST": {
    "bid": 998.13,
    "ask": 1001.34,
    "spread": 3.21,
    "spread_pct": 0.321085,
    "timestamp": 1778136670.2537196
  },
  "XALUSD": {
    "bid": 3527.97,
    "ask": 3543.18,
    "spread": 15.21,
    "spread_pct": 0.430199,
    "timestamp": 1778112790.5891235
  },
  "XPDUSD": {
    "bid": 1547.75,
    "ask": 1555.11,
    "spread": 7.36,
    "spread_pct": 0.474401,
    "timestamp": 1778136668.618492
  }
}