{
  "AAPL": {
    "bid": 276.55,
    "ask": 276.83,
    "spread": 0.28,
    "spread_pct": 0.101196,
    "timestamp": 1777925336.1881855
  },
  "COPPER": {
    "bid": 586.11,
    "ask": 586.49,
    "spread": 0.38,
    "spread_pct": 0.064813,
    "timestamp": 1777925331.3133643
  },
  "META": {
    "bid": 610.17,
    "ask": 610.78,
    "spread": 0.61,
    "spread_pct": 0.099922,
    "timestamp": 1777925336.340852
  },
  "MSFT": {
    "bid": 412.78,
    "ask": 413.19,
    "spread": 0.41,
    "spread_pct": 0.099277,
    "timestamp": 1777925337.100929
  },
  "ORCL": {
    "bid": 180.58,
    "ask": 180.76,
    "spread": 0.18,
    "spread_pct": 0.099629,
    "timestamp": 1777925336.2709215
  },
  "DJ30": {
    "bid": 49024.49,
    "ask": 49036.51,
    "spread": 12.02,
    "spread_pct": 0.024515,
    "timestamp": 1777925337.0292659
  },
  "TECH100": {
    "bid": 27759.27,
    "ask": 27759.73,
    "spread": 0.46,
    "spread_pct": 0.001657,
    "timestamp": 1777925336.3614798
  },
  "XAUUSD": {
    "bid": 4515.83,
    "ask": 4516.03,
    "spread": 0.2,
    "spread_pct": 0.004429,
    "timestamp": 1777925337.008615
  },
  "UK100": {
    "bid": 10381.58,
    "ask": 10382.42,
    "spread": 0.84,
    "spread_pct": 0.008091,
    "timestamp": 1777662373.31854
  },
  "UKOIL": {
    "bid": 113.999,
    "ask": 114.031,
    "spread": 0.032,
    "spread_pct": 0.028066,
    "timestamp": 1777925329.8312502
  },
  "INTEL": {
    "bid": 96.46,
    "ask": 96.62,
    "spread": 0.16,
    "spread_pct": 0.165734,
    "timestamp": 1777920631.2741215
  },
  "JPN225": {
    "bid": 59483.13,
    "ask": 59491.87,
    "spread": 8.74,
    "spread_pct": 0.014692,
    "timestamp": 1777925336.5719671
  },
  "NZDUSD": {
    "bid": 0.58739,
    "ask": 0.58749,
    "spread": 0.0001,
    "spread_pct": 0.017023,
    "timestamp": 1777925336.7129538
  },
  "NFLX": {
    "bid": 91.1,
    "ask": 91.29,
    "spread": 0.19,
    "spread_pct": 0.208345,
    "timestamp": 1777925336.0895793
  },
  "AMD": {
    "bid": 340.96,
    "ask": 341.3,
    "spread": 0.34,
    "spread_pct": 0.099669,
    "timestamp": 1777925336.3069103
  },
  "GER30": {
    "bid": 23988.45,
    "ask": 23989.55,
    "spread": 1.1,
    "spread_pct": 0.004585,
    "timestamp": 1777920630.5081723
  },
  "XAGUSD": {
    "bid": 72.701,
    "ask": 72.802,
    "spread": 0.101,
    "spread_pct": 0.138829,
    "timestamp": 1777925337.0720537
  },
  "PLTR": {
    "bid": 148.55,
    "ask": 148.71,
    "spread": 0.16,
    "spread_pct": 0.10765,
    "timestamp": 1777925337.1013584
  },
  "GOOG": {
    "bid": 383.13,
    "ask": 383.53,
    "spread": 0.4,
    "spread_pct": 0.104349,
    "timestamp": 1777920631.1498659
  },
  "NGAS": {
    "bid": 2.8415,
    "ask": 2.8535,
    "spread": 0.012,
    "spread_pct": 0.421422,
    "timestamp": 1777925337.0087533
  },
  "SP500": {
    "bid": 7224.47,
    "ask": 7224.78,
    "spread": 0.31,
    "spread_pct": 0.004291,
    "timestamp": 1777925336.7855632
  },
  "EURUSD": {
    "bid": 1.16927,
    "ask": 1.16937,
    "spread": 0.0001,
    "spread_pct": 0.008552,
    "timestamp": 1777925335.244068
  },
  "NVIDIA": {
    "bid": 197.45,
    "ask": 197.79,
    "spread": 0.34,
    "spread_pct": 0.172047,
    "timestamp": 1777920630.2724364
  },
  "USOIL": {
    "bid": 105.226,
    "ask": 105.264,
    "spread": 0.038,
    "spread_pct": 0.036106,
    "timestamp": 1777925336.4300852
  },
  "TSLA": {
    "bid": 392.11,
    "ask": 392.58,
    "spread": 0.47,
    "spread_pct": 0.119793,
    "timestamp": 1777925336.1111183
  },
  "AMZN": {
    "bid": 271.89,
    "ask": 272.16,
    "spread": 0.27,
    "spread_pct": 0.099256,
    "timestamp": 1777925336.185429
  },
  "GBPUSD": {
    "bid": 1.35354,
    "ask": 1.35364,
    "spread": 0.0001,
    "spread_pct": 0.007388,
    "timestamp": 1777925334.4335413
  },
  "AUDUSD": {
    "bid": 0.71696,
    "ask": 0.71706,
    "spread": 0.0001,
    "spread_pct": 0.013947,
    "timestamp": 1777925334.433625
  },
  "TSM": {
    "bid": 401.35,
    "ask": 401.75,
    "spread": 0.4,
    "spread_pct": 0.099614,
    "timestamp": 1777925337.0802453
  },
  "MSTR": {
    "bid": 183.84,
    "ask": 184.02,
    "spread": 0.18,
    "spread_pct": 0.097863,
    "timestamp": 1777925336.1118653
  },
  "XPTUSD": {
    "bid": 1941.19,
    "ask": 1951.07,
    "spread": 9.88,
    "spread_pct": 0.507674,
    "timestamp": 1777925329.63584
  },
  "COST": {
    "bid": 1010.05,
    "ask": 1013.33,
    "spread": 3.28,
    "spread_pct": 0.32421,
    "timestamp": 1777925336.340795
  },
  "XALUSD": {
    "bid": 3502.44,
    "ask": 3517.91,
    "spread": 15.47,
    "spread_pct": 0.440719,
    "timestamp": 1777658171.7225325
  },
  "XPDUSD": {
    "bid": 1480.21,
    "ask": 1487.74,
    "spread": 7.53,
    "spread_pct": 0.507421,
    "timestamp": 1777925336.4301617
  }
}