{
  "AAPL": {
    "bid": 276.06,
    "ask": 276.34,
    "spread": 0.28,
    "spread_pct": 0.101376,
    "timestamp": 1777985957.0976028
  },
  "COPPER": {
    "bid": 598.07,
    "ask": 598.49,
    "spread": 0.42,
    "spread_pct": 0.070201,
    "timestamp": 1777985956.9543793
  },
  "META": {
    "bid": 613.73,
    "ask": 614.34,
    "spread": 0.61,
    "spread_pct": 0.099343,
    "timestamp": 1777985957.3196313
  },
  "MSFT": {
    "bid": 416.14,
    "ask": 416.56,
    "spread": 0.42,
    "spread_pct": 0.100877,
    "timestamp": 1777985957.111016
  },
  "ORCL": {
    "bid": 183.32,
    "ask": 183.5,
    "spread": 0.18,
    "spread_pct": 0.098141,
    "timestamp": 1777985957.1099312
  },
  "DJ30": {
    "bid": 49256.91,
    "ask": 49258.09,
    "spread": 1.18,
    "spread_pct": 0.002396,
    "timestamp": 1777985955.8127787
  },
  "TECH100": {
    "bid": 27974.14,
    "ask": 27974.61,
    "spread": 0.47,
    "spread_pct": 0.00168,
    "timestamp": 1777985957.1916418
  },
  "XAUUSD": {
    "bid": 4563.96,
    "ask": 4564.14,
    "spread": 0.18,
    "spread_pct": 0.003944,
    "timestamp": 1777985951.8759446
  },
  "UK100": {
    "bid": 10214.84,
    "ask": 10215.66,
    "spread": 0.82,
    "spread_pct": 0.008027,
    "timestamp": 1777985956.191321
  },
  "UKOIL": {
    "bid": 112.041,
    "ask": 112.079,
    "spread": 0.038,
    "spread_pct": 0.03391,
    "timestamp": 1777985957.1543763
  },
  "INTEL": {
    "bid": 96.46,
    "ask": 96.62,
    "spread": 0.16,
    "spread_pct": 0.165734,
    "timestamp": 1777920631.2741215
  },
  "JPN225": {
    "bid": 60068.65,
    "ask": 60076.35,
    "spread": 7.7,
    "spread_pct": 0.012818,
    "timestamp": 1777985957.4451063
  },
  "NZDUSD": {
    "bid": 0.58824,
    "ask": 0.58835,
    "spread": 0.00011,
    "spread_pct": 0.018698,
    "timestamp": 1777985956.5640757
  },
  "NFLX": {
    "bid": 91.62,
    "ask": 91.79,
    "spread": 0.17,
    "spread_pct": 0.185377,
    "timestamp": 1777985957.2910733
  },
  "AMD": {
    "bid": 349.51,
    "ask": 349.86,
    "spread": 0.35,
    "spread_pct": 0.10009,
    "timestamp": 1777985957.1201785
  },
  "GER30": {
    "bid": 24420.42,
    "ask": 24421.58,
    "spread": 1.16,
    "spread_pct": 0.00475,
    "timestamp": 1777985957.1917014
  },
  "XAGUSD": {
    "bid": 73.431,
    "ask": 73.534,
    "spread": 0.103,
    "spread_pct": 0.140169,
    "timestamp": 1777985957.4464083
  },
  "PLTR": {
    "bid": 144.64,
    "ask": 144.78,
    "spread": 0.14,
    "spread_pct": 0.096745,
    "timestamp": 1777985957.3197849
  },
  "GOOG": {
    "bid": 383.13,
    "ask": 383.53,
    "spread": 0.4,
    "spread_pct": 0.104349,
    "timestamp": 1777920631.1498659
  },
  "NGAS": {
    "bid": 2.8205,
    "ask": 2.8335,
    "spread": 0.013,
    "spread_pct": 0.459851,
    "timestamp": 1777985957.518421
  },
  "SP500": {
    "bid": 7261.71,
    "ask": 7262.04,
    "spread": 0.33,
    "spread_pct": 0.004544,
    "timestamp": 1777985957.2810767
  },
  "EURUSD": {
    "bid": 1.16919,
    "ask": 1.16929,
    "spread": 0.0001,
    "spread_pct": 0.008553,
    "timestamp": 1777985957.4464786
  },
  "NVIDIA": {
    "bid": 197.45,
    "ask": 197.79,
    "spread": 0.34,
    "spread_pct": 0.172047,
    "timestamp": 1777920630.2724364
  },
  "USOIL": {
    "bid": 102.32,
    "ask": 104.13,
    "spread": 1.81,
    "spread_pct": 1.753451,
    "timestamp": 1777985957.445044
  },
  "TSLA": {
    "bid": 395.56,
    "ask": 396.03,
    "spread": 0.47,
    "spread_pct": 0.118748,
    "timestamp": 1777985957.1998286
  },
  "AMZN": {
    "bid": 273.68,
    "ask": 273.95,
    "spread": 0.27,
    "spread_pct": 0.098607,
    "timestamp": 1777985957.3486612
  },
  "GBPUSD": {
    "bid": 1.3542,
    "ask": 1.3543,
    "spread": 0.0001,
    "spread_pct": 0.007384,
    "timestamp": 1777985956.7100384
  },
  "AUDUSD": {
    "bid": 0.71748,
    "ask": 0.71759,
    "spread": 0.00011,
    "spread_pct": 0.01533,
    "timestamp": 1777985957.2811842
  },
  "TSM": {
    "bid": 402.67,
    "ask": 403.07,
    "spread": 0.4,
    "spread_pct": 0.099288,
    "timestamp": 1777985957.2621822
  },
  "MSTR": {
    "bid": 189.61,
    "ask": 189.8,
    "spread": 0.19,
    "spread_pct": 0.100156,
    "timestamp": 1777985957.3199008
  },
  "XPTUSD": {
    "bid": 1979.42,
    "ask": 1989.5,
    "spread": 10.08,
    "spread_pct": 0.507947,
    "timestamp": 1777985954.3743844
  },
  "COST": {
    "bid": 1012.69,
    "ask": 1013.97,
    "spread": 1.28,
    "spread_pct": 0.126316,
    "timestamp": 1777985957.120303
  },
  "XALUSD": {
    "bid": 3554.89,
    "ask": 3570.36,
    "spread": 15.47,
    "spread_pct": 0.43423,
    "timestamp": 1777985953.4549065
  },
  "XPDUSD": {
    "bid": 1510.85,
    "ask": 1518.39,
    "spread": 7.54,
    "spread_pct": 0.497815,
    "timestamp": 1777985950.9577878
  }
}