{
  "AAPL": {
    "bid": 269.68,
    "ask": 269.82,
    "spread": 0.14,
    "spread_pct": 0.0519,
    "timestamp": 1777486233.7470791
  },
  "COPPER": {
    "bid": 591.3,
    "ask": 591.7,
    "spread": 0.4,
    "spread_pct": 0.067625,
    "timestamp": 1777486233.1586356
  },
  "META": {
    "bid": 668.85,
    "ask": 669.71,
    "spread": 0.86,
    "spread_pct": 0.128496,
    "timestamp": 1777486233.7442791
  },
  "MSFT": {
    "bid": 422.59,
    "ask": 422.73,
    "spread": 0.14,
    "spread_pct": 0.033124,
    "timestamp": 1777486233.6216576
  },
  "ORCL": {
    "bid": 162.0,
    "ask": 162.16,
    "spread": 0.16,
    "spread_pct": 0.098717,
    "timestamp": 1777486233.1687148
  },
  "DJ30": {
    "bid": 48857.92,
    "ask": 48859.08,
    "spread": 1.16,
    "spread_pct": 0.002374,
    "timestamp": 1777486233.3610702
  },
  "TECH100": {
    "bid": 27164.78,
    "ask": 27165.22,
    "spread": 0.44,
    "spread_pct": 0.00162,
    "timestamp": 1777486233.2272027
  },
  "XAUUSD": {
    "bid": 4531.24,
    "ask": 4531.42,
    "spread": 0.18,
    "spread_pct": 0.003972,
    "timestamp": 1777486233.2315254
  },
  "UK100": {
    "bid": 10194.0,
    "ask": 10198.0,
    "spread": 4.0,
    "spread_pct": 0.039231,
    "timestamp": 1777486233.5032668
  },
  "UKOIL": {
    "bid": 110.706,
    "ask": 110.744,
    "spread": 0.038,
    "spread_pct": 0.034319,
    "timestamp": 1777486233.6188607
  },
  "INTEL": {
    "bid": 92.89,
    "ask": 93.05,
    "spread": 0.16,
    "spread_pct": 0.172099,
    "timestamp": 1777486233.6214836
  },
  "JPN225": {
    "bid": 58761.21,
    "ask": 58768.79,
    "spread": 7.58,
    "spread_pct": 0.012899,
    "timestamp": 1777486232.3598597
  },
  "NZDUSD": {
    "bid": 0.58242,
    "ask": 0.58251,
    "spread": 9e-05,
    "spread_pct": 0.015452,
    "timestamp": 1777486233.2272754
  },
  "NFLX": {
    "bid": 91.65,
    "ask": 92.69,
    "spread": 1.04,
    "spread_pct": 1.12835,
    "timestamp": 1777486233.15846
  },
  "AMD": {
    "bid": 333.63,
    "ask": 334.0,
    "spread": 0.37,
    "spread_pct": 0.11084,
    "timestamp": 1777486233.260145
  },
  "GER30": {
    "bid": 23953.96,
    "ask": 23955.04,
    "spread": 1.08,
    "spread_pct": 0.004509,
    "timestamp": 1777486233.347508
  },
  "XAGUSD": {
    "bid": 70.994,
    "ask": 71.095,
    "spread": 0.101,
    "spread_pct": 0.142164,
    "timestamp": 1777486233.2271066
  },
  "PLTR": {
    "bid": 136.2,
    "ask": 136.34,
    "spread": 0.14,
    "spread_pct": 0.102737,
    "timestamp": 1777486233.7471912
  },
  "GOOG": {
    "bid": 348.32,
    "ask": 348.74,
    "spread": 0.42,
    "spread_pct": 0.120506,
    "timestamp": 1777486233.7462003
  },
  "NGAS": {
    "bid": 2.6344,
    "ask": 2.6466,
    "spread": 0.0122,
    "spread_pct": 0.462034,
    "timestamp": 1777486233.620746
  },
  "SP500": {
    "bid": 7139.09,
    "ask": 7139.41,
    "spread": 0.32,
    "spread_pct": 0.004482,
    "timestamp": 1777486233.3171213
  },
  "EURUSD": {
    "bid": 1.16735,
    "ask": 1.16746,
    "spread": 0.00011,
    "spread_pct": 0.009423,
    "timestamp": 1777486233.114693
  },
  "NVIDIA": {
    "bid": 207.49,
    "ask": 207.79,
    "spread": 0.3,
    "spread_pct": 0.144481,
    "timestamp": 1777486233.3172371
  },
  "USOIL": {
    "bid": 107.013,
    "ask": 107.047,
    "spread": 0.034,
    "spread_pct": 0.031767,
    "timestamp": 1777486233.504035
  },
  "TSLA": {
    "bid": 370.41,
    "ask": 370.95,
    "spread": 0.54,
    "spread_pct": 0.145678,
    "timestamp": 1777486233.5041049
  },
  "AMZN": {
    "bid": 262.78,
    "ask": 263.08,
    "spread": 0.3,
    "spread_pct": 0.114099,
    "timestamp": 1777486233.7977054
  },
  "GBPUSD": {
    "bid": 1.34698,
    "ask": 1.34709,
    "spread": 0.00011,
    "spread_pct": 0.008166,
    "timestamp": 1777486233.1152067
  },
  "AUDUSD": {
    "bid": 0.71139,
    "ask": 0.71151,
    "spread": 0.00012,
    "spread_pct": 0.016867,
    "timestamp": 1777486232.925835
  },
  "TSM": {
    "bid": 392.77,
    "ask": 392.82,
    "spread": 0.05,
    "spread_pct": 0.012729,
    "timestamp": 1777486233.3140879
  },
  "MSTR": {
    "bid": 156.6,
    "ask": 157.28,
    "spread": 0.68,
    "spread_pct": 0.433287,
    "timestamp": 1777486233.6215858
  },
  "XPTUSD": {
    "bid": 1878.26,
    "ask": 1888.09,
    "spread": 9.83,
    "spread_pct": 0.521991,
    "timestamp": 1777486233.3477597
  },
  "COST": {
    "bid": 994.43,
    "ask": 996.56,
    "spread": 2.13,
    "spread_pct": 0.213964,
    "timestamp": 1777486233.2609143
  },
  "XALUSD": {
    "bid": 3500.37,
    "ask": 3515.63,
    "spread": 15.26,
    "spread_pct": 0.435006,
    "timestamp": 1777475548.2499206
  },
  "XPDUSD": {
    "bid": 1451.12,
    "ask": 1458.4,
    "spread": 7.28,
    "spread_pct": 0.500426,
    "timestamp": 1777486232.8022518
  }
}