{
  "AAPL": {
    "bid": 268.78,
    "ask": 269.05,
    "spread": 0.27,
    "spread_pct": 0.100403,
    "timestamp": 1777461345.1280081
  },
  "COPPER": {
    "bid": 597.93,
    "ask": 598.33,
    "spread": 0.4,
    "spread_pct": 0.066875,
    "timestamp": 1777461344.308311
  },
  "META": {
    "bid": 671.41,
    "ask": 672.21,
    "spread": 0.8,
    "spread_pct": 0.119081,
    "timestamp": 1777402555.141898
  },
  "MSFT": {
    "bid": 427.11,
    "ask": 427.23,
    "spread": 0.12,
    "spread_pct": 0.028092,
    "timestamp": 1777402555.4344442
  },
  "ORCL": {
    "bid": 164.71,
    "ask": 164.87,
    "spread": 0.16,
    "spread_pct": 0.097093,
    "timestamp": 1777461344.1346414
  },
  "DJ30": {
    "bid": 49317.47,
    "ask": 49318.53,
    "spread": 1.06,
    "spread_pct": 0.002149,
    "timestamp": 1777461345.2548
  },
  "TECH100": {
    "bid": 27270.41,
    "ask": 27270.84,
    "spread": 0.43,
    "spread_pct": 0.001577,
    "timestamp": 1777461345.2552774
  },
  "XAUUSD": {
    "bid": 4569.48,
    "ask": 4569.66,
    "spread": 0.18,
    "spread_pct": 0.003939,
    "timestamp": 1777461345.1970575
  },
  "UK100": {
    "bid": 10260.65,
    "ask": 10261.35,
    "spread": 0.7,
    "spread_pct": 0.006822,
    "timestamp": 1777461344.190987
  },
  "UKOIL": {
    "bid": 107.432,
    "ask": 107.468,
    "spread": 0.036,
    "spread_pct": 0.033504,
    "timestamp": 1777461344.3619416
  },
  "INTEL": {
    "bid": 84.04,
    "ask": 84.14,
    "spread": 0.1,
    "spread_pct": 0.11892,
    "timestamp": 1777402555.5210788
  },
  "JPN225": {
    "bid": 59302.5,
    "ask": 59342.5,
    "spread": 40.0,
    "spread_pct": 0.067428,
    "timestamp": 1777461344.3613026
  },
  "NZDUSD": {
    "bid": 0.58594,
    "ask": 0.58605,
    "spread": 0.00011,
    "spread_pct": 0.018771,
    "timestamp": 1777461344.6830318
  },
  "NFLX": {
    "bid": 91.71,
    "ask": 91.85,
    "spread": 0.14,
    "spread_pct": 0.152539,
    "timestamp": 1777461345.2179525
  },
  "AMD": {
    "bid": 331.44,
    "ask": 331.77,
    "spread": 0.33,
    "spread_pct": 0.099516,
    "timestamp": 1777461344.179806
  },
  "GER30": {
    "bid": 24093.0,
    "ask": 24103.0,
    "spread": 10.0,
    "spread_pct": 0.041497,
    "timestamp": 1777461344.359953
  },
  "XAGUSD": {
    "bid": 72.653,
    "ask": 72.754,
    "spread": 0.101,
    "spread_pct": 0.13892,
    "timestamp": 1777461345.197177
  },
  "PLTR": {
    "bid": 140.77,
    "ask": 140.91,
    "spread": 0.14,
    "spread_pct": 0.099404,
    "timestamp": 1777461344.2127595
  },
  "GOOG": {
    "bid": 349.47,
    "ask": 349.89,
    "spread": 0.42,
    "spread_pct": 0.12011,
    "timestamp": 1777402555.5450108
  },
  "NGAS": {
    "bid": 2.6511,
    "ask": 2.6639,
    "spread": 0.0128,
    "spread_pct": 0.481656,
    "timestamp": 1777461343.4492147
  },
  "SP500": {
    "bid": 7176.47,
    "ask": 7176.78,
    "spread": 0.31,
    "spread_pct": 0.00432,
    "timestamp": 1777461344.3079157
  },
  "EURUSD": {
    "bid": 1.17046,
    "ask": 1.17055,
    "spread": 9e-05,
    "spread_pct": 0.007689,
    "timestamp": 1777461345.2624044
  },
  "NVIDIA": {
    "bid": 213.5,
    "ask": 213.85,
    "spread": 0.35,
    "spread_pct": 0.1638,
    "timestamp": 1777402555.6406739
  },
  "USOIL": {
    "bid": 103.123,
    "ask": 103.157,
    "spread": 0.034,
    "spread_pct": 0.032965,
    "timestamp": 1777461345.1969316
  },
  "TSLA": {
    "bid": 377.41,
    "ask": 377.95,
    "spread": 0.54,
    "spread_pct": 0.142978,
    "timestamp": 1777402555.4564366
  },
  "AMZN": {
    "bid": 259.3,
    "ask": 259.56,
    "spread": 0.26,
    "spread_pct": 0.10022,
    "timestamp": 1777461345.26284
  },
  "GBPUSD": {
    "bid": 1.35064,
    "ask": 1.35072,
    "spread": 8e-05,
    "spread_pct": 0.005923,
    "timestamp": 1777461345.1778672
  },
  "AUDUSD": {
    "bid": 0.71582,
    "ask": 0.7159,
    "spread": 8e-05,
    "spread_pct": 0.011175,
    "timestamp": 1777461344.8553464
  },
  "TSM": {
    "bid": 392.43,
    "ask": 392.9,
    "spread": 0.47,
    "spread_pct": 0.119695,
    "timestamp": 1777402555.1968126
  },
  "MSTR": {
    "bid": 168.44,
    "ask": 168.61,
    "spread": 0.17,
    "spread_pct": 0.100875,
    "timestamp": 1777461344.2439673
  },
  "XPTUSD": {
    "bid": 1917.45,
    "ask": 1927.3,
    "spread": 9.85,
    "spread_pct": 0.512387,
    "timestamp": 1777461345.1293445
  },
  "COST": {
    "bid": 990.53,
    "ask": 992.52,
    "spread": 1.99,
    "spread_pct": 0.200701,
    "timestamp": 1777461344.2438424
  },
  "XALUSD": {
    "bid": 3542.4,
    "ask": 3557.8,
    "spread": 15.4,
    "spread_pct": 0.433791,
    "timestamp": 1777454906.01306
  },
  "XPDUSD": {
    "bid": 1445.82,
    "ask": 1453.38,
    "spread": 7.56,
    "spread_pct": 0.521523,
    "timestamp": 1777461344.6831412
  }
}