{
  "AAPL": {
    "bid": 288.42,
    "ask": 288.71,
    "spread": 0.29,
    "spread_pct": 0.100497,
    "timestamp": 1778227338.219345
  },
  "COPPER": {
    "bid": 626.95,
    "ask": 627.35,
    "spread": 0.4,
    "spread_pct": 0.063781,
    "timestamp": 1778227338.7968688
  },
  "META": {
    "bid": 619.72,
    "ask": 620.34,
    "spread": 0.62,
    "spread_pct": 0.099995,
    "timestamp": 1778227338.1092057
  },
  "MSFT": {
    "bid": 421.7,
    "ask": 422.12,
    "spread": 0.42,
    "spread_pct": 0.099547,
    "timestamp": 1778227338.1972754
  },
  "ORCL": {
    "bid": 191.53,
    "ask": 191.72,
    "spread": 0.19,
    "spread_pct": 0.099152,
    "timestamp": 1778227338.3732054
  },
  "DJ30": {
    "bid": 49768.48,
    "ask": 49780.52,
    "spread": 12.04,
    "spread_pct": 0.024189,
    "timestamp": 1778227337.3345056
  },
  "TECH100": {
    "bid": 28829.04,
    "ask": 28829.46,
    "spread": 0.42,
    "spread_pct": 0.001457,
    "timestamp": 1778227338.1973984
  },
  "XAUUSD": {
    "bid": 4709.29,
    "ask": 4709.47,
    "spread": 0.18,
    "spread_pct": 0.003822,
    "timestamp": 1778227338.3208613
  },
  "UK100": {
    "bid": 10212.5,
    "ask": 10216.5,
    "spread": 4.0,
    "spread_pct": 0.03916,
    "timestamp": 1778227338.653778
  },
  "UKOIL": {
    "bid": 101.12,
    "ask": 101.15,
    "spread": 0.03,
    "spread_pct": 0.029663,
    "timestamp": 1778227338.5111551
  },
  "INTEL": {
    "bid": 109.85,
    "ask": 110.01,
    "spread": 0.16,
    "spread_pct": 0.145547,
    "timestamp": 1778181256.3747072
  },
  "JPN225": {
    "bid": 62840.52,
    "ask": 62849.48,
    "spread": 8.96,
    "spread_pct": 0.014257,
    "timestamp": 1778227337.698393
  },
  "NZDUSD": {
    "bid": 0.59509,
    "ask": 0.5952,
    "spread": 0.00011,
    "spread_pct": 0.018483,
    "timestamp": 1778227337.8851478
  },
  "NFLX": {
    "bid": 88.49,
    "ask": 88.62,
    "spread": 0.13,
    "spread_pct": 0.146801,
    "timestamp": 1778227338.1284442
  },
  "AMD": {
    "bid": 413.31,
    "ask": 413.72,
    "spread": 0.41,
    "spread_pct": 0.09915,
    "timestamp": 1778227338.173513
  },
  "GER30": {
    "bid": 24526.44,
    "ask": 24527.56,
    "spread": 1.12,
    "spread_pct": 0.004566,
    "timestamp": 1778227338.3212478
  },
  "XAGUSD": {
    "bid": 79.831,
    "ask": 79.934,
    "spread": 0.103,
    "spread_pct": 0.128939,
    "timestamp": 1778227338.4987135
  },
  "PLTR": {
    "bid": 137.36,
    "ask": 137.5,
    "spread": 0.14,
    "spread_pct": 0.10187,
    "timestamp": 1778227338.1734056
  },
  "GOOG": {
    "bid": 395.86,
    "ask": 396.26,
    "spread": 0.4,
    "spread_pct": 0.100995,
    "timestamp": 1778181255.3544738
  },
  "NGAS": {
    "bid": 2.7803,
    "ask": 2.7927,
    "spread": 0.0124,
    "spread_pct": 0.445003,
    "timestamp": 1778227338.7536824
  },
  "SP500": {
    "bid": 7386.7,
    "ask": 7387.05,
    "spread": 0.35,
    "spread_pct": 0.004738,
    "timestamp": 1778227338.1285279
  },
  "EURUSD": {
    "bid": 1.17427,
    "ask": 1.17436,
    "spread": 9e-05,
    "spread_pct": 0.007664,
    "timestamp": 1778227338.6409175
  },
  "NVIDIA": {
    "bid": 212.53,
    "ask": 212.85,
    "spread": 0.32,
    "spread_pct": 0.150454,
    "timestamp": 1778181256.3437207
  },
  "USOIL": {
    "bid": 95.303,
    "ask": 95.337,
    "spread": 0.034,
    "spread_pct": 0.035669,
    "timestamp": 1778227338.5336895
  },
  "TSLA": {
    "bid": 414.13,
    "ask": 414.63,
    "spread": 0.5,
    "spread_pct": 0.120662,
    "timestamp": 1778227338.3211374
  },
  "AMZN": {
    "bid": 272.09,
    "ask": 272.36,
    "spread": 0.27,
    "spread_pct": 0.099183,
    "timestamp": 1778227338.1283207
  },
  "GBPUSD": {
    "bid": 1.35811,
    "ask": 1.35819,
    "spread": 8e-05,
    "spread_pct": 0.00589,
    "timestamp": 1778227338.75357
  },
  "AUDUSD": {
    "bid": 0.72235,
    "ask": 0.72246,
    "spread": 0.00011,
    "spread_pct": 0.015227,
    "timestamp": 1778227338.65369
  },
  "TSM": {
    "bid": 415.46,
    "ask": 415.88,
    "spread": 0.42,
    "spread_pct": 0.101042,
    "timestamp": 1778227338.29397
  },
  "MSTR": {
    "bid": 178.76,
    "ask": 178.94,
    "spread": 0.18,
    "spread_pct": 0.100643,
    "timestamp": 1778227338.3184807
  },
  "XPTUSD": {
    "bid": 2044.32,
    "ask": 2054.14,
    "spread": 9.82,
    "spread_pct": 0.479204,
    "timestamp": 1778227337.3344047
  },
  "COST": {
    "bid": 1010.23,
    "ask": 1012.09,
    "spread": 1.86,
    "spread_pct": 0.183947,
    "timestamp": 1778227338.2066188
  },
  "XALUSD": {
    "bid": 3495.68,
    "ask": 3511.07,
    "spread": 15.39,
    "spread_pct": 0.439291,
    "timestamp": 1778227335.421593
  },
  "XPDUSD": {
    "bid": 1497.78,
    "ask": 1505.22,
    "spread": 7.44,
    "spread_pct": 0.495504,
    "timestamp": 1778227338.3210044
  }
}