{
  "AAPL": {
    "bid": 305.48,
    "ask": 305.79,
    "spread": 0.31,
    "spread_pct": 0.101428,
    "timestamp": 1779404425.215903
  },
  "COPPER": {
    "bid": 658.63,
    "ask": 659.03,
    "spread": 0.4,
    "spread_pct": 0.060714,
    "timestamp": 1778745929.310647
  },
  "META": {
    "bid": 607.7,
    "ask": 608.31,
    "spread": 0.61,
    "spread_pct": 0.100328,
    "timestamp": 1779404426.240674
  },
  "MSFT": {
    "bid": 420.73,
    "ask": 421.15,
    "spread": 0.42,
    "spread_pct": 0.099777,
    "timestamp": 1779404426.2413468
  },
  "ORCL": {
    "bid": 190.34,
    "ask": 190.53,
    "spread": 0.19,
    "spread_pct": 0.099772,
    "timestamp": 1779404425.305746
  },
  "DJ30": {
    "bid": 50448.94,
    "ask": 50450.06,
    "spread": 1.12,
    "spread_pct": 0.00222,
    "timestamp": 1779404425.8160007
  },
  "TECH100": {
    "bid": 29537.6,
    "ask": 29538.04,
    "spread": 0.44,
    "spread_pct": 0.00149,
    "timestamp": 1779404426.2633896
  },
  "XAUUSD": {
    "bid": 4544.02,
    "ask": 4544.24,
    "spread": 0.22,
    "spread_pct": 0.004841,
    "timestamp": 1779404425.2274096
  },
  "UK100": {
    "bid": 10534.46,
    "ask": 10535.3,
    "spread": 0.84,
    "spread_pct": 0.007974,
    "timestamp": 1779387757.3849556
  },
  "UKOIL": {
    "bid": 102.841,
    "ask": 102.871,
    "spread": 0.03,
    "spread_pct": 0.029167,
    "timestamp": 1779387752.99861
  },
  "INTEL": {
    "bid": 118.64,
    "ask": 118.78,
    "spread": 0.14,
    "spread_pct": 0.117934,
    "timestamp": 1779387752.7324202
  },
  "JPN225": {
    "bid": 62167.14,
    "ask": 62175.86,
    "spread": 8.72,
    "spread_pct": 0.014026,
    "timestamp": 1779394737.431632
  },
  "NZDUSD": {
    "bid": 0.58782,
    "ask": 0.5879,
    "spread": 8e-05,
    "spread_pct": 0.013609,
    "timestamp": 1779404424.5701175
  },
  "NFLX": {
    "bid": 89.46,
    "ask": 89.59,
    "spread": 0.13,
    "spread_pct": 0.145211,
    "timestamp": 1779404426.2962189
  },
  "AMD": {
    "bid": 451.69,
    "ask": 452.14,
    "spread": 0.45,
    "spread_pct": 0.099576,
    "timestamp": 1779404426.1993794
  },
  "GER30": {
    "bid": 24912.26,
    "ask": 24913.54,
    "spread": 1.28,
    "spread_pct": 0.005138,
    "timestamp": 1779387757.3850293
  },
  "XAGUSD": {
    "bid": 76.721,
    "ask": 76.822,
    "spread": 0.101,
    "spread_pct": 0.131559,
    "timestamp": 1779404425.7317467
  },
  "PLTR": {
    "bid": 137.65,
    "ask": 137.79,
    "spread": 0.14,
    "spread_pct": 0.101656,
    "timestamp": 1779404426.1351142
  },
  "GOOG": {
    "bid": 390.54,
    "ask": 390.98,
    "spread": 0.44,
    "spread_pct": 0.112601,
    "timestamp": 1779387752.7323153
  },
  "NGAS": {
    "bid": 3.1278,
    "ask": 3.1398,
    "spread": 0.012,
    "spread_pct": 0.382922,
    "timestamp": 1779404400.4785097
  },
  "SP500": {
    "bid": 7474.77,
    "ask": 7475.07,
    "spread": 0.3,
    "spread_pct": 0.004013,
    "timestamp": 1779404421.1827197
  },
  "EURUSD": {
    "bid": 1.16173,
    "ask": 1.16183,
    "spread": 0.0001,
    "spread_pct": 0.008607,
    "timestamp": 1779404426.263511
  },
  "NVIDIA": {
    "bid": 219.73,
    "ask": 220.06,
    "spread": 0.33,
    "spread_pct": 0.150072,
    "timestamp": 1779387753.4266732
  },
  "USOIL": {
    "bid": 97.668,
    "ask": 97.706,
    "spread": 0.038,
    "spread_pct": 0.0389,
    "timestamp": 1779404418.4745252
  },
  "TSLA": {
    "bid": 418.15,
    "ask": 418.65,
    "spread": 0.5,
    "spread_pct": 0.119503,
    "timestamp": 1779404426.273375
  },
  "AMZN": {
    "bid": 268.81,
    "ask": 269.08,
    "spread": 0.27,
    "spread_pct": 0.100392,
    "timestamp": 1779404426.1964762
  },
  "GBPUSD": {
    "bid": 1.34325,
    "ask": 1.34335,
    "spread": 0.0001,
    "spread_pct": 0.007444,
    "timestamp": 1779404423.3437471
  },
  "AUDUSD": {
    "bid": 0.7151,
    "ask": 0.71519,
    "spread": 9e-05,
    "spread_pct": 0.012585,
    "timestamp": 1779404425.516937
  },
  "TSM": {
    "bid": 408.28,
    "ask": 408.69,
    "spread": 0.41,
    "spread_pct": 0.100371,
    "timestamp": 1779404426.1237745
  },
  "MSTR": {
    "bid": 165.41,
    "ask": 165.58,
    "spread": 0.17,
    "spread_pct": 0.102722,
    "timestamp": 1779404426.122028
  },
  "XPTUSD": {
    "bid": 1966.16,
    "ask": 1976.2,
    "spread": 10.04,
    "spread_pct": 0.50934,
    "timestamp": 1779404425.7580736
  },
  "COST": {
    "bid": 1050.65,
    "ask": 1052.67,
    "spread": 2.02,
    "spread_pct": 0.192077,
    "timestamp": 1779404426.1544378
  },
  "XALUSD": {
    "bid": 3632.49,
    "ask": 3647.91,
    "spread": 15.42,
    "spread_pct": 0.423603,
    "timestamp": 1779381032.2611456
  },
  "XPDUSD": {
    "bid": 1387.87,
    "ask": 1395.35,
    "spread": 7.48,
    "spread_pct": 0.537507,
    "timestamp": 1779404425.475056
  }
}