{
  "AAPL": {
    "bid": 273.52,
    "ask": 273.79,
    "spread": 0.27,
    "spread_pct": 0.098664,
    "timestamp": 1777575686.3509889
  },
  "COPPER": {
    "bid": 601.72,
    "ask": 602.12,
    "spread": 0.4,
    "spread_pct": 0.066454,
    "timestamp": 1777575686.1602957
  },
  "META": {
    "bid": 615.92,
    "ask": 616.72,
    "spread": 0.8,
    "spread_pct": 0.129803,
    "timestamp": 1777575686.4596844
  },
  "MSFT": {
    "bid": 407.86,
    "ask": 408.27,
    "spread": 0.41,
    "spread_pct": 0.100474,
    "timestamp": 1777575686.1605659
  },
  "ORCL": {
    "bid": 162.4,
    "ask": 162.56,
    "spread": 0.16,
    "spread_pct": 0.098474,
    "timestamp": 1777575686.3515449
  },
  "DJ30": {
    "bid": 49871.35,
    "ask": 49872.65,
    "spread": 1.3,
    "spread_pct": 0.002607,
    "timestamp": 1777575686.2136219
  },
  "TECH100": {
    "bid": 27566.04,
    "ask": 27566.46,
    "spread": 0.42,
    "spread_pct": 0.001524,
    "timestamp": 1777575686.2134137
  },
  "XAUUSD": {
    "bid": 4624.98,
    "ask": 4625.18,
    "spread": 0.2,
    "spread_pct": 0.004324,
    "timestamp": 1777575685.2056708
  },
  "UK100": {
    "bid": 10370.5,
    "ask": 10374.5,
    "spread": 4.0,
    "spread_pct": 0.038564,
    "timestamp": 1777575685.4622164
  },
  "UKOIL": {
    "bid": 110.758,
    "ask": 110.792,
    "spread": 0.034,
    "spread_pct": 0.030693,
    "timestamp": 1777575686.4627542
  },
  "INTEL": {
    "bid": 92.57,
    "ask": 92.75,
    "spread": 0.18,
    "spread_pct": 0.194259,
    "timestamp": 1777575686.2138278
  },
  "JPN225": {
    "bid": 59800.93,
    "ask": 59809.07,
    "spread": 8.14,
    "spread_pct": 0.013611,
    "timestamp": 1777575683.242787
  },
  "NZDUSD": {
    "bid": 0.59075,
    "ask": 0.59087,
    "spread": 0.00012,
    "spread_pct": 0.020311,
    "timestamp": 1777575686.1603863
  },
  "NFLX": {
    "bid": 93.99,
    "ask": 94.13,
    "spread": 0.14,
    "spread_pct": 0.148841,
    "timestamp": 1777575686.1801078
  },
  "AMD": {
    "bid": 351.85,
    "ask": 352.29,
    "spread": 0.44,
    "spread_pct": 0.124975,
    "timestamp": 1777575686.1588452
  },
  "GER30": {
    "bid": 24426.99,
    "ask": 24428.01,
    "spread": 1.02,
    "spread_pct": 0.004176,
    "timestamp": 1777575685.1484106
  },
  "XAGUSD": {
    "bid": 73.752,
    "ask": 73.857,
    "spread": 0.105,
    "spread_pct": 0.142268,
    "timestamp": 1777575685.205501
  },
  "PLTR": {
    "bid": 139.49,
    "ask": 139.63,
    "spread": 0.14,
    "spread_pct": 0.100315,
    "timestamp": 1777575686.3426673
  },
  "GOOG": {
    "bid": 381.5,
    "ask": 381.92,
    "spread": 0.42,
    "spread_pct": 0.110031,
    "timestamp": 1777575686.4626043
  },
  "NGAS": {
    "bid": 2.7594,
    "ask": 2.7716,
    "spread": 0.0122,
    "spread_pct": 0.44115,
    "timestamp": 1777575684.595131
  },
  "SP500": {
    "bid": 7240.97,
    "ask": 7241.28,
    "spread": 0.31,
    "spread_pct": 0.004281,
    "timestamp": 1777575686.3425634
  },
  "EURUSD": {
    "bid": 1.17395,
    "ask": 1.17404,
    "spread": 9e-05,
    "spread_pct": 0.007666,
    "timestamp": 1777575686.2135394
  },
  "NVIDIA": {
    "bid": 201.78,
    "ask": 202.11,
    "spread": 0.33,
    "spread_pct": 0.163411,
    "timestamp": 1777575686.2136922
  },
  "USOIL": {
    "bid": 105.188,
    "ask": 105.222,
    "spread": 0.034,
    "spread_pct": 0.032318,
    "timestamp": 1777575685.4088888
  },
  "TSLA": {
    "bid": 383.53,
    "ask": 383.99,
    "spread": 0.46,
    "spread_pct": 0.119867,
    "timestamp": 1777575686.3847196
  },
  "AMZN": {
    "bid": 263.78,
    "ask": 264.1,
    "spread": 0.32,
    "spread_pct": 0.12124,
    "timestamp": 1777575686.4515195
  },
  "GBPUSD": {
    "bid": 1.3607,
    "ask": 1.36078,
    "spread": 8e-05,
    "spread_pct": 0.005879,
    "timestamp": 1777575685.6930048
  },
  "AUDUSD": {
    "bid": 0.72004,
    "ask": 0.72014,
    "spread": 0.0001,
    "spread_pct": 0.013887,
    "timestamp": 1777575685.2057192
  },
  "TSM": {
    "bid": 395.83,
    "ask": 396.23,
    "spread": 0.4,
    "spread_pct": 0.101002,
    "timestamp": 1777575686.2761047
  },
  "MSTR": {
    "bid": 165.9,
    "ask": 166.07,
    "spread": 0.17,
    "spread_pct": 0.102419,
    "timestamp": 1777575686.168054
  },
  "XPTUSD": {
    "bid": 1983.9,
    "ask": 1994.18,
    "spread": 10.28,
    "spread_pct": 0.516832,
    "timestamp": 1777575686.4625125
  },
  "COST": {
    "bid": 1012.78,
    "ask": 1013.79,
    "spread": 1.01,
    "spread_pct": 0.099676,
    "timestamp": 1777575686.2689538
  },
  "XALUSD": {
    "bid": 3472.28,
    "ask": 3487.52,
    "spread": 15.24,
    "spread_pct": 0.437944,
    "timestamp": 1777565299.190803
  },
  "XPDUSD": {
    "bid": 1533.04,
    "ask": 1540.44,
    "spread": 7.4,
    "spread_pct": 0.481539,
    "timestamp": 1777575686.4626937
  }
}