{
  "AAPL": {
    "bid": 292.77,
    "ask": 293.06,
    "spread": 0.29,
    "spread_pct": 0.099005,
    "timestamp": 1778451930.0925393
  },
  "COPPER": {
    "bid": 626.5,
    "ask": 626.9,
    "spread": 0.4,
    "spread_pct": 0.063826,
    "timestamp": 1778451928.9665518
  },
  "META": {
    "bid": 607.08,
    "ask": 607.69,
    "spread": 0.61,
    "spread_pct": 0.100431,
    "timestamp": 1778451930.14478
  },
  "MSFT": {
    "bid": 413.85,
    "ask": 414.26,
    "spread": 0.41,
    "spread_pct": 0.099021,
    "timestamp": 1778451929.0971766
  },
  "ORCL": {
    "bid": 195.02,
    "ask": 195.22,
    "spread": 0.2,
    "spread_pct": 0.102501,
    "timestamp": 1778451929.1991642
  },
  "DJ30": {
    "bid": 49513.49,
    "ask": 49514.51,
    "spread": 1.02,
    "spread_pct": 0.00206,
    "timestamp": 1778451930.0585587
  },
  "TECH100": {
    "bid": 29259.3,
    "ask": 29259.7,
    "spread": 0.4,
    "spread_pct": 0.001367,
    "timestamp": 1778451929.1349413
  },
  "XAUUSD": {
    "bid": 4689.12,
    "ask": 4689.32,
    "spread": 0.2,
    "spread_pct": 0.004265,
    "timestamp": 1778451929.846427
  },
  "UK100": {
    "bid": 10249.84,
    "ask": 10250.66,
    "spread": 0.82,
    "spread_pct": 0.008,
    "timestamp": 1778270030.3714488
  },
  "UKOIL": {
    "bid": 103.843,
    "ask": 103.877,
    "spread": 0.034,
    "spread_pct": 0.032736,
    "timestamp": 1778451926.850969
  },
  "INTEL": {
    "bid": 124.73,
    "ask": 124.89,
    "spread": 0.16,
    "spread_pct": 0.128195,
    "timestamp": 1778270030.4008458
  },
  "JPN225": {
    "bid": 63590.55,
    "ask": 63599.45,
    "spread": 8.9,
    "spread_pct": 0.013995,
    "timestamp": 1778270029.2987144
  },
  "NZDUSD": {
    "bid": 0.59479,
    "ask": 0.59491,
    "spread": 0.00012,
    "spread_pct": 0.020173,
    "timestamp": 1778451915.2692344
  },
  "NFLX": {
    "bid": 87.5,
    "ask": 87.67,
    "spread": 0.17,
    "spread_pct": 0.194097,
    "timestamp": 1778451929.1350248
  },
  "AMD": {
    "bid": 457.63,
    "ask": 458.09,
    "spread": 0.46,
    "spread_pct": 0.100467,
    "timestamp": 1778451930.09811
  },
  "GER30": {
    "bid": 24450.95,
    "ask": 24452.05,
    "spread": 1.1,
    "spread_pct": 0.004499,
    "timestamp": 1778270029.1098595
  },
  "XAGUSD": {
    "bid": 79.465,
    "ask": 79.566,
    "spread": 0.101,
    "spread_pct": 0.127019,
    "timestamp": 1778451929.4160447
  },
  "PLTR": {
    "bid": 136.48,
    "ask": 136.62,
    "spread": 0.14,
    "spread_pct": 0.102527,
    "timestamp": 1778451930.1433876
  },
  "GOOG": {
    "bid": 401.27,
    "ask": 401.73,
    "spread": 0.46,
    "spread_pct": 0.11457,
    "timestamp": 1778270030.3699174
  },
  "NGAS": {
    "bid": 2.7799,
    "ask": 2.7931,
    "spread": 0.0132,
    "spread_pct": 0.473713,
    "timestamp": 1778451928.9552414
  },
  "SP500": {
    "bid": 7397.2,
    "ask": 7397.55,
    "spread": 0.35,
    "spread_pct": 0.004731,
    "timestamp": 1778451930.1797695
  },
  "EURUSD": {
    "bid": 1.17599,
    "ask": 1.17609,
    "spread": 0.0001,
    "spread_pct": 0.008503,
    "timestamp": 1778451929.3511567
  },
  "NVIDIA": {
    "bid": 214.87,
    "ask": 215.17,
    "spread": 0.3,
    "spread_pct": 0.139522,
    "timestamp": 1778270030.6704366
  },
  "USOIL": {
    "bid": 97.04,
    "ask": 98.9,
    "spread": 1.86,
    "spread_pct": 1.89854,
    "timestamp": 1778451929.1348195
  },
  "TSLA": {
    "bid": 425.48,
    "ask": 425.99,
    "spread": 0.51,
    "spread_pct": 0.119793,
    "timestamp": 1778451930.1796484
  },
  "AMZN": {
    "bid": 272.26,
    "ask": 272.53,
    "spread": 0.27,
    "spread_pct": 0.099121,
    "timestamp": 1778451929.19906
  },
  "GBPUSD": {
    "bid": 1.35793,
    "ask": 1.35803,
    "spread": 0.0001,
    "spread_pct": 0.007364,
    "timestamp": 1778451923.6562517
  },
  "AUDUSD": {
    "bid": 0.72297,
    "ask": 0.72306,
    "spread": 9e-05,
    "spread_pct": 0.012448,
    "timestamp": 1778451927.2738845
  },
  "TSM": {
    "bid": 410.05,
    "ask": 410.46,
    "spread": 0.41,
    "spread_pct": 0.099938,
    "timestamp": 1778451929.2339175
  },
  "MSTR": {
    "bid": 190.71,
    "ask": 190.9,
    "spread": 0.19,
    "spread_pct": 0.099578,
    "timestamp": 1778451930.092664
  },
  "XPTUSD": {
    "bid": 2029.72,
    "ask": 2039.57,
    "spread": 9.85,
    "spread_pct": 0.484114,
    "timestamp": 1778451929.3512828
  },
  "COST": {
    "bid": 1011.12,
    "ask": 1012.15,
    "spread": 1.03,
    "spread_pct": 0.101815,
    "timestamp": 1778451929.2360344
  },
  "XALUSD": {
    "bid": 3495.06,
    "ask": 3510.34,
    "spread": 15.28,
    "spread_pct": 0.436235,
    "timestamp": 1778260227.2062135
  },
  "XPDUSD": {
    "bid": 1471.98,
    "ask": 1479.32,
    "spread": 7.34,
    "spread_pct": 0.497408,
    "timestamp": 1778451929.1140718
  }
}