{
  "AAPL": {
    "bid": 300.26,
    "ask": 300.56,
    "spread": 0.3,
    "spread_pct": 0.099864,
    "timestamp": 1778760929.2459369
  },
  "COPPER": {
    "bid": 658.63,
    "ask": 659.03,
    "spread": 0.4,
    "spread_pct": 0.060714,
    "timestamp": 1778745929.310647
  },
  "META": {
    "bid": 617.71,
    "ask": 618.33,
    "spread": 0.62,
    "spread_pct": 0.10032,
    "timestamp": 1778760929.389765
  },
  "MSFT": {
    "bid": 406.65,
    "ask": 407.06,
    "spread": 0.41,
    "spread_pct": 0.100773,
    "timestamp": 1778760929.246121
  },
  "ORCL": {
    "bid": 190.51,
    "ask": 190.71,
    "spread": 0.2,
    "spread_pct": 0.104926,
    "timestamp": 1778760929.3670664
  },
  "DJ30": {
    "bid": 50174.98,
    "ask": 50176.24,
    "spread": 1.26,
    "spread_pct": 0.002511,
    "timestamp": 1778760929.3450437
  },
  "TECH100": {
    "bid": 29560.65,
    "ask": 29561.11,
    "spread": 0.46,
    "spread_pct": 0.001556,
    "timestamp": 1778760929.2496636
  },
  "XAUUSD": {
    "bid": 4701.79,
    "ask": 4701.99,
    "spread": 0.2,
    "spread_pct": 0.004254,
    "timestamp": 1778760929.3117857
  },
  "UK100": {
    "bid": 10373.15,
    "ask": 10373.87,
    "spread": 0.72,
    "spread_pct": 0.006941,
    "timestamp": 1778760928.454313
  },
  "UKOIL": {
    "bid": 106.651,
    "ask": 106.689,
    "spread": 0.038,
    "spread_pct": 0.035624,
    "timestamp": 1778745928.2738826
  },
  "INTEL": {
    "bid": 121.1,
    "ask": 121.24,
    "spread": 0.14,
    "spread_pct": 0.11554,
    "timestamp": 1778700391.9036784
  },
  "JPN225": {
    "bid": 63028.74,
    "ask": 63035.76,
    "spread": 7.02,
    "spread_pct": 0.011137,
    "timestamp": 1778760929.1725533
  },
  "NZDUSD": {
    "bid": 0.59315,
    "ask": 0.59325,
    "spread": 0.0001,
    "spread_pct": 0.016858,
    "timestamp": 1778760927.7686718
  },
  "NFLX": {
    "bid": 87.81,
    "ask": 87.94,
    "spread": 0.13,
    "spread_pct": 0.147937,
    "timestamp": 1778760929.215678
  },
  "AMD": {
    "bid": 440.12,
    "ask": 440.56,
    "spread": 0.44,
    "spread_pct": 0.099923,
    "timestamp": 1778760929.1496065
  },
  "GER30": {
    "bid": 24513.01,
    "ask": 24514.11,
    "spread": 1.1,
    "spread_pct": 0.004487,
    "timestamp": 1778760929.5873375
  },
  "XAGUSD": {
    "bid": 86.841,
    "ask": 86.942,
    "spread": 0.101,
    "spread_pct": 0.116237,
    "timestamp": 1778760929.3116808
  },
  "PLTR": {
    "bid": 130.26,
    "ask": 130.39,
    "spread": 0.13,
    "spread_pct": 0.099751,
    "timestamp": 1778760929.279268
  },
  "GOOG": {
    "bid": 402.22,
    "ask": 402.62,
    "spread": 0.4,
    "spread_pct": 0.099399,
    "timestamp": 1778700392.2463646
  },
  "NGAS": {
    "bid": 2.8313,
    "ask": 2.8437,
    "spread": 0.0124,
    "spread_pct": 0.437004,
    "timestamp": 1778760928.8054411
  },
  "SP500": {
    "bid": 7491.07,
    "ask": 7491.39,
    "spread": 0.32,
    "spread_pct": 0.004272,
    "timestamp": 1778760922.7964973
  },
  "EURUSD": {
    "bid": 1.17044,
    "ask": 1.17055,
    "spread": 0.00011,
    "spread_pct": 0.009398,
    "timestamp": 1778760928.9446867
  },
  "NVIDIA": {
    "bid": 226.33,
    "ask": 226.63,
    "spread": 0.3,
    "spread_pct": 0.132462,
    "timestamp": 1778700392.3255315
  },
  "USOIL": {
    "bid": 95.3,
    "ask": 95.332,
    "spread": 0.032,
    "spread_pct": 0.033573,
    "timestamp": 1778760928.2723074
  },
  "TSLA": {
    "bid": 450.1,
    "ask": 450.64,
    "spread": 0.54,
    "spread_pct": 0.119901,
    "timestamp": 1778760929.2489557
  },
  "AMZN": {
    "bid": 269.9,
    "ask": 270.17,
    "spread": 0.27,
    "spread_pct": 0.099987,
    "timestamp": 1778760929.149477
  },
  "GBPUSD": {
    "bid": 1.35155,
    "ask": 1.35166,
    "spread": 0.00011,
    "spread_pct": 0.008138,
    "timestamp": 1778760929.2461834
  },
  "AUDUSD": {
    "bid": 0.72409,
    "ask": 0.7242,
    "spread": 0.00011,
    "spread_pct": 0.01519,
    "timestamp": 1778760929.1726606
  },
  "TSM": {
    "bid": 405.69,
    "ask": 406.1,
    "spread": 0.41,
    "spread_pct": 0.101011,
    "timestamp": 1778760929.1927428
  },
  "MSTR": {
    "bid": 177.63,
    "ask": 177.81,
    "spread": 0.18,
    "spread_pct": 0.101283,
    "timestamp": 1778760929.2460482
  },
  "XPTUSD": {
    "bid": 2098.42,
    "ask": 2108.66,
    "spread": 10.24,
    "spread_pct": 0.486798,
    "timestamp": 1778760928.9538386
  },
  "COST": {
    "bid": 1029.27,
    "ask": 1030.31,
    "spread": 1.04,
    "spread_pct": 0.100991,
    "timestamp": 1778760929.3671691
  },
  "XALUSD": {
    "bid": 3658.64,
    "ask": 3674.06,
    "spread": 15.42,
    "spread_pct": 0.420582,
    "timestamp": 1778760920.0351884
  },
  "XPDUSD": {
    "bid": 1466.23,
    "ask": 1473.47,
    "spread": 7.24,
    "spread_pct": 0.492567,
    "timestamp": 1778760929.0542383
  }
}