{
  "AAPL": {
    "bid": 272.37,
    "ask": 272.64,
    "spread": 0.27,
    "spread_pct": 0.099081,
    "timestamp": 1777565299.2782838
  },
  "COPPER": {
    "bid": 597.55,
    "ask": 597.95,
    "spread": 0.4,
    "spread_pct": 0.066918,
    "timestamp": 1777565299.1904144
  },
  "META": {
    "bid": 608.41,
    "ask": 609.02,
    "spread": 0.61,
    "spread_pct": 0.100211,
    "timestamp": 1777565299.2783659
  },
  "MSFT": {
    "bid": 403.1,
    "ask": 403.22,
    "spread": 0.12,
    "spread_pct": 0.029765,
    "timestamp": 1777565299.3741639
  },
  "ORCL": {
    "bid": 162.87,
    "ask": 163.03,
    "spread": 0.16,
    "spread_pct": 0.09819,
    "timestamp": 1777565299.3310971
  },
  "DJ30": {
    "bid": 49750.96,
    "ask": 49752.04,
    "spread": 1.08,
    "spread_pct": 0.002171,
    "timestamp": 1777565298.300787
  },
  "TECH100": {
    "bid": 27406.27,
    "ask": 27406.73,
    "spread": 0.46,
    "spread_pct": 0.001678,
    "timestamp": 1777565299.1906555
  },
  "XAUUSD": {
    "bid": 4617.1,
    "ask": 4617.3,
    "spread": 0.2,
    "spread_pct": 0.004332,
    "timestamp": 1777565299.3754334
  },
  "UK100": {
    "bid": 10366.0,
    "ask": 10370.0,
    "spread": 4.0,
    "spread_pct": 0.03858,
    "timestamp": 1777565299.311611
  },
  "UKOIL": {
    "bid": 109.717,
    "ask": 109.753,
    "spread": 0.036,
    "spread_pct": 0.032806,
    "timestamp": 1777565299.294393
  },
  "INTEL": {
    "bid": 93.53,
    "ask": 93.65,
    "spread": 0.12,
    "spread_pct": 0.128219,
    "timestamp": 1777565298.482182
  },
  "JPN225": {
    "bid": 59513.58,
    "ask": 59521.42,
    "spread": 7.84,
    "spread_pct": 0.013173,
    "timestamp": 1777565299.0046647
  },
  "NZDUSD": {
    "bid": 0.58946,
    "ask": 0.58956,
    "spread": 0.0001,
    "spread_pct": 0.016963,
    "timestamp": 1777565299.3118725
  },
  "NFLX": {
    "bid": 93.17,
    "ask": 93.31,
    "spread": 0.14,
    "spread_pct": 0.15015,
    "timestamp": 1777565299.3740668
  },
  "AMD": {
    "bid": 347.6,
    "ask": 347.78,
    "spread": 0.18,
    "spread_pct": 0.05177,
    "timestamp": 1777565299.190738
  },
  "GER30": {
    "bid": 24389.36,
    "ask": 24390.64,
    "spread": 1.28,
    "spread_pct": 0.005248,
    "timestamp": 1777565299.3117347
  },
  "XAGUSD": {
    "bid": 73.179,
    "ask": 73.284,
    "spread": 0.105,
    "spread_pct": 0.143381,
    "timestamp": 1777565298.1693413
  },
  "PLTR": {
    "bid": 139.22,
    "ask": 139.36,
    "spread": 0.14,
    "spread_pct": 0.10051,
    "timestamp": 1777565299.1853423
  },
  "GOOG": {
    "bid": 374.82,
    "ask": 375.24,
    "spread": 0.42,
    "spread_pct": 0.111991,
    "timestamp": 1777565299.185528
  },
  "NGAS": {
    "bid": 2.6885,
    "ask": 2.7005,
    "spread": 0.012,
    "spread_pct": 0.445352,
    "timestamp": 1777565298.744649
  },
  "SP500": {
    "bid": 7201.95,
    "ask": 7202.3,
    "spread": 0.35,
    "spread_pct": 0.00486,
    "timestamp": 1777565298.4821005
  },
  "EURUSD": {
    "bid": 1.17348,
    "ask": 1.17356,
    "spread": 8e-05,
    "spread_pct": 0.006817,
    "timestamp": 1777565298.2350338
  },
  "NVIDIA": {
    "bid": 200.47,
    "ask": 200.83,
    "spread": 0.36,
    "spread_pct": 0.179417,
    "timestamp": 1777565299.3118143
  },
  "USOIL": {
    "bid": 104.343,
    "ask": 104.377,
    "spread": 0.034,
    "spread_pct": 0.03258,
    "timestamp": 1777565299.3116965
  },
  "TSLA": {
    "bid": 379.38,
    "ask": 379.84,
    "spread": 0.46,
    "spread_pct": 0.121177,
    "timestamp": 1777565299.3409414
  },
  "AMZN": {
    "bid": 258.27,
    "ask": 258.53,
    "spread": 0.26,
    "spread_pct": 0.100619,
    "timestamp": 1777565299.1250508
  },
  "GBPUSD": {
    "bid": 1.35875,
    "ask": 1.35883,
    "spread": 8e-05,
    "spread_pct": 0.005888,
    "timestamp": 1777565298.7369394
  },
  "AUDUSD": {
    "bid": 0.71896,
    "ask": 0.71907,
    "spread": 0.00011,
    "spread_pct": 0.015299,
    "timestamp": 1777565298.2914271
  },
  "TSM": {
    "bid": 393.08,
    "ask": 393.47,
    "spread": 0.39,
    "spread_pct": 0.099167,
    "timestamp": 1777565299.1269026
  },
  "MSTR": {
    "bid": 165.7,
    "ask": 165.87,
    "spread": 0.17,
    "spread_pct": 0.102542,
    "timestamp": 1777565299.3739824
  },
  "XPTUSD": {
    "bid": 1961.85,
    "ask": 1971.91,
    "spread": 10.06,
    "spread_pct": 0.51147,
    "timestamp": 1777565298.179465
  },
  "COST": {
    "bid": 1010.21,
    "ask": 1011.22,
    "spread": 1.01,
    "spread_pct": 0.099929,
    "timestamp": 1777565299.1854205
  },
  "XALUSD": {
    "bid": 3472.28,
    "ask": 3487.52,
    "spread": 15.24,
    "spread_pct": 0.437944,
    "timestamp": 1777565299.190803
  },
  "XPDUSD": {
    "bid": 1488.94,
    "ask": 1496.32,
    "spread": 7.38,
    "spread_pct": 0.494429,
    "timestamp": 1777565298.4211495
  }
}