{
  "AAPL": {
    "bid": 296.58,
    "ask": 296.88,
    "spread": 0.3,
    "spread_pct": 0.101102,
    "timestamp": 1779170061.2513127
  },
  "COPPER": {
    "bid": 658.63,
    "ask": 659.03,
    "spread": 0.4,
    "spread_pct": 0.060714,
    "timestamp": 1778745929.310647
  },
  "META": {
    "bid": 609.29,
    "ask": 609.9,
    "spread": 0.61,
    "spread_pct": 0.100066,
    "timestamp": 1779170061.322238
  },
  "MSFT": {
    "bid": 422.48,
    "ask": 422.9,
    "spread": 0.42,
    "spread_pct": 0.099364,
    "timestamp": 1779170061.1429677
  },
  "ORCL": {
    "bid": 185.44,
    "ask": 185.63,
    "spread": 0.19,
    "spread_pct": 0.102407,
    "timestamp": 1779170061.3578587
  },
  "DJ30": {
    "bid": 49656.24,
    "ask": 49657.52,
    "spread": 1.28,
    "spread_pct": 0.002578,
    "timestamp": 1779170061.2779317
  },
  "TECH100": {
    "bid": 28943.55,
    "ask": 28943.99,
    "spread": 0.44,
    "spread_pct": 0.00152,
    "timestamp": 1779170061.6494396
  },
  "XAUUSD": {
    "bid": 4538.79,
    "ask": 4538.99,
    "spread": 0.2,
    "spread_pct": 0.004406,
    "timestamp": 1779170061.2079132
  },
  "UK100": {
    "bid": 10327.36,
    "ask": 10328.14,
    "spread": 0.78,
    "spread_pct": 0.007552,
    "timestamp": 1779170059.9275963
  },
  "UKOIL": {
    "bid": 110.24,
    "ask": 110.272,
    "spread": 0.032,
    "spread_pct": 0.029023,
    "timestamp": 1779170059.462986
  },
  "INTEL": {
    "bid": 106.14,
    "ask": 106.3,
    "spread": 0.16,
    "spread_pct": 0.150631,
    "timestamp": 1779128030.307583
  },
  "JPN225": {
    "bid": 60557.58,
    "ask": 60564.92,
    "spread": 7.34,
    "spread_pct": 0.01212,
    "timestamp": 1779170061.6495998
  },
  "NZDUSD": {
    "bid": 0.58565,
    "ask": 0.58574,
    "spread": 9e-05,
    "spread_pct": 0.015366,
    "timestamp": 1779170061.5040967
  },
  "NFLX": {
    "bid": 89.44,
    "ask": 89.57,
    "spread": 0.13,
    "spread_pct": 0.145243,
    "timestamp": 1779170061.2848537
  },
  "AMD": {
    "bid": 416.79,
    "ask": 417.21,
    "spread": 0.42,
    "spread_pct": 0.100719,
    "timestamp": 1779170061.2417269
  },
  "GER30": {
    "bid": 24338.2,
    "ask": 24339.2,
    "spread": 1.0,
    "spread_pct": 0.004109,
    "timestamp": 1779170060.6664624
  },
  "XAGUSD": {
    "bid": 75.924,
    "ask": 76.027,
    "spread": 0.103,
    "spread_pct": 0.13557,
    "timestamp": 1779170061.3896236
  },
  "PLTR": {
    "bid": 133.66,
    "ask": 133.79,
    "spread": 0.13,
    "spread_pct": 0.097214,
    "timestamp": 1779170061.1016064
  },
  "GOOG": {
    "bid": 399.9,
    "ask": 400.3,
    "spread": 0.4,
    "spread_pct": 0.099975,
    "timestamp": 1779128032.8518436
  },
  "NGAS": {
    "bid": 3.0194,
    "ask": 3.0318,
    "spread": 0.0124,
    "spread_pct": 0.409836,
    "timestamp": 1779147708.8849235
  },
  "SP500": {
    "bid": 7399.64,
    "ask": 7399.98,
    "spread": 0.34,
    "spread_pct": 0.004595,
    "timestamp": 1779170060.277222
  },
  "EURUSD": {
    "bid": 1.16423,
    "ask": 1.16434,
    "spread": 0.00011,
    "spread_pct": 0.009448,
    "timestamp": 1779170061.2770674
  },
  "NVIDIA": {
    "bid": 220.09,
    "ask": 220.42,
    "spread": 0.33,
    "spread_pct": 0.149826,
    "timestamp": 1779128032.1756685
  },
  "USOIL": {
    "bid": 103.153,
    "ask": 103.193,
    "spread": 0.04,
    "spread_pct": 0.03877,
    "timestamp": 1779170059.1190908
  },
  "TSLA": {
    "bid": 406.26,
    "ask": 406.75,
    "spread": 0.49,
    "spread_pct": 0.12054,
    "timestamp": 1779170061.297247
  },
  "AMZN": {
    "bid": 263.37,
    "ask": 263.63,
    "spread": 0.26,
    "spread_pct": 0.098672,
    "timestamp": 1779170061.1783063
  },
  "GBPUSD": {
    "bid": 1.34144,
    "ask": 1.34155,
    "spread": 0.00011,
    "spread_pct": 0.0082,
    "timestamp": 1779170061.693508
  },
  "AUDUSD": {
    "bid": 0.71332,
    "ask": 0.71343,
    "spread": 0.00011,
    "spread_pct": 0.01542,
    "timestamp": 1779170061.2780569
  },
  "TSM": {
    "bid": 393.0,
    "ask": 393.39,
    "spread": 0.39,
    "spread_pct": 0.099187,
    "timestamp": 1779170061.2775373
  },
  "MSTR": {
    "bid": 166.68,
    "ask": 166.85,
    "spread": 0.17,
    "spread_pct": 0.10194,
    "timestamp": 1779170061.2216334
  },
  "XPTUSD": {
    "bid": 1968.7,
    "ask": 1978.54,
    "spread": 9.84,
    "spread_pct": 0.498576,
    "timestamp": 1779170061.7906444
  },
  "COST": {
    "bid": 1068.33,
    "ask": 1077.16,
    "spread": 8.83,
    "spread_pct": 0.823122,
    "timestamp": 1779170061.309443
  },
  "XALUSD": {
    "bid": 3568.25,
    "ask": 3583.7,
    "spread": 15.45,
    "spread_pct": 0.43205,
    "timestamp": 1779170053.2963967
  },
  "XPDUSD": {
    "bid": 1397.5,
    "ask": 1404.96,
    "spread": 7.46,
    "spread_pct": 0.532389,
    "timestamp": 1779170061.4640727
  }
}