{
  "AAPL": {
    "bid": 286.17,
    "ask": 286.35,
    "spread": 0.18,
    "spread_pct": 0.06288,
    "timestamp": 1778181256.6125941
  },
  "COPPER": {
    "bid": 616.09,
    "ask": 616.47,
    "spread": 0.38,
    "spread_pct": 0.06166,
    "timestamp": 1778181253.349472
  },
  "META": {
    "bid": 616.93,
    "ask": 617.55,
    "spread": 0.62,
    "spread_pct": 0.100447,
    "timestamp": 1778181256.2897875
  },
  "MSFT": {
    "bid": 422.76,
    "ask": 423.18,
    "spread": 0.42,
    "spread_pct": 0.099298,
    "timestamp": 1778181256.3313038
  },
  "ORCL": {
    "bid": 193.67,
    "ask": 193.98,
    "spread": 0.31,
    "spread_pct": 0.159938,
    "timestamp": 1778181256.3292208
  },
  "DJ30": {
    "bid": 49706.42,
    "ask": 49707.58,
    "spread": 1.16,
    "spread_pct": 0.002334,
    "timestamp": 1778181256.1616795
  },
  "TECH100": {
    "bid": 28657.79,
    "ask": 28658.21,
    "spread": 0.42,
    "spread_pct": 0.001466,
    "timestamp": 1778181256.4833581
  },
  "XAUUSD": {
    "bid": 4710.87,
    "ask": 4711.07,
    "spread": 0.2,
    "spread_pct": 0.004245,
    "timestamp": 1778181255.583945
  },
  "UK100": {
    "bid": 10232.75,
    "ask": 10236.75,
    "spread": 4.0,
    "spread_pct": 0.039083,
    "timestamp": 1778181255.228766
  },
  "UKOIL": {
    "bid": 101.158,
    "ask": 101.192,
    "spread": 0.034,
    "spread_pct": 0.033605,
    "timestamp": 1778181254.7264583
  },
  "INTEL": {
    "bid": 109.85,
    "ask": 110.01,
    "spread": 0.16,
    "spread_pct": 0.145547,
    "timestamp": 1778181256.3747072
  },
  "JPN225": {
    "bid": 62317.8,
    "ask": 62327.2,
    "spread": 9.4,
    "spread_pct": 0.015083,
    "timestamp": 1778181253.2659407
  },
  "NZDUSD": {
    "bid": 0.59531,
    "ask": 0.59541,
    "spread": 0.0001,
    "spread_pct": 0.016797,
    "timestamp": 1778181256.4834266
  },
  "NFLX": {
    "bid": 88.57,
    "ask": 88.7,
    "spread": 0.13,
    "spread_pct": 0.146669,
    "timestamp": 1778181256.2037473
  },
  "AMD": {
    "bid": 407.86,
    "ask": 408.27,
    "spread": 0.41,
    "spread_pct": 0.100474,
    "timestamp": 1778181256.223845
  },
  "GER30": {
    "bid": 24574.87,
    "ask": 24576.13,
    "spread": 1.26,
    "spread_pct": 0.005127,
    "timestamp": 1778181255.7407374
  },
  "XAGUSD": {
    "bid": 79.262,
    "ask": 79.365,
    "spread": 0.103,
    "spread_pct": 0.129864,
    "timestamp": 1778181256.3748236
  },
  "PLTR": {
    "bid": 136.7,
    "ask": 136.88,
    "spread": 0.18,
    "spread_pct": 0.131589,
    "timestamp": 1778181256.3436286
  },
  "GOOG": {
    "bid": 395.86,
    "ask": 396.26,
    "spread": 0.4,
    "spread_pct": 0.100995,
    "timestamp": 1778181255.3544738
  },
  "NGAS": {
    "bid": 2.7642,
    "ask": 2.7768,
    "spread": 0.0126,
    "spread_pct": 0.454792,
    "timestamp": 1778181255.5840106
  },
  "SP500": {
    "bid": 7361.72,
    "ask": 7362.03,
    "spread": 0.31,
    "spread_pct": 0.004211,
    "timestamp": 1778181256.2897096
  },
  "EURUSD": {
    "bid": 1.17475,
    "ask": 1.17484,
    "spread": 9e-05,
    "spread_pct": 0.007661,
    "timestamp": 1778181255.2284565
  },
  "NVIDIA": {
    "bid": 212.53,
    "ask": 212.85,
    "spread": 0.32,
    "spread_pct": 0.150454,
    "timestamp": 1778181256.3437207
  },
  "USOIL": {
    "bid": 95.601,
    "ask": 95.639,
    "spread": 0.038,
    "spread_pct": 0.039741,
    "timestamp": 1778181256.2894492
  },
  "TSLA": {
    "bid": 405.23,
    "ask": 405.72,
    "spread": 0.49,
    "spread_pct": 0.120846,
    "timestamp": 1778181256.2671018
  },
  "AMZN": {
    "bid": 271.77,
    "ask": 272.07,
    "spread": 0.3,
    "spread_pct": 0.110327,
    "timestamp": 1778181256.5466373
  },
  "GBPUSD": {
    "bid": 1.35805,
    "ask": 1.35816,
    "spread": 0.00011,
    "spread_pct": 0.0081,
    "timestamp": 1778181256.6312017
  },
  "AUDUSD": {
    "bid": 0.72291,
    "ask": 0.72301,
    "spread": 0.0001,
    "spread_pct": 0.013832,
    "timestamp": 1778181256.5007322
  },
  "TSM": {
    "bid": 413.38,
    "ask": 413.79,
    "spread": 0.41,
    "spread_pct": 0.099133,
    "timestamp": 1778181256.2044733
  },
  "MSTR": {
    "bid": 177.8,
    "ask": 178.48,
    "spread": 0.68,
    "spread_pct": 0.381722,
    "timestamp": 1778181256.5006046
  },
  "XPTUSD": {
    "bid": 2033.93,
    "ask": 2044.19,
    "spread": 10.26,
    "spread_pct": 0.503173,
    "timestamp": 1778181252.5863342
  },
  "COST": {
    "bid": 1008.05,
    "ask": 1009.06,
    "spread": 1.01,
    "spread_pct": 0.100143,
    "timestamp": 1778181256.256335
  },
  "XALUSD": {
    "bid": 3480.61,
    "ask": 3495.99,
    "spread": 15.38,
    "spread_pct": 0.440902,
    "timestamp": 1778174703.0287178
  },
  "XPDUSD": {
    "bid": 1491.54,
    "ask": 1499.06,
    "spread": 7.52,
    "spread_pct": 0.502909,
    "timestamp": 1778181245.3058734
  }
}