{
  "AAPL": {
    "bid": 269.17,
    "ask": 269.37,
    "spread": 0.2,
    "spread_pct": 0.074275,
    "timestamp": 1777475548.3424625
  },
  "COPPER": {
    "bid": 594.49,
    "ask": 594.91,
    "spread": 0.42,
    "spread_pct": 0.070624,
    "timestamp": 1777475547.1928775
  },
  "META": {
    "bid": 668.83,
    "ask": 669.71,
    "spread": 0.88,
    "spread_pct": 0.131487,
    "timestamp": 1777475547.499239
  },
  "MSFT": {
    "bid": 424.49,
    "ask": 424.65,
    "spread": 0.16,
    "spread_pct": 0.037685,
    "timestamp": 1777475547.4991212
  },
  "ORCL": {
    "bid": 163.34,
    "ask": 163.5,
    "spread": 0.16,
    "spread_pct": 0.097907,
    "timestamp": 1777475548.251303
  },
  "DJ30": {
    "bid": 48998.48,
    "ask": 48999.52,
    "spread": 1.04,
    "spread_pct": 0.002122,
    "timestamp": 1777475547.2927415
  },
  "TECH100": {
    "bid": 27229.03,
    "ask": 27229.47,
    "spread": 0.44,
    "spread_pct": 0.001616,
    "timestamp": 1777475548.1185095
  },
  "XAUUSD": {
    "bid": 4538.19,
    "ask": 4538.39,
    "spread": 0.2,
    "spread_pct": 0.004407,
    "timestamp": 1777475548.2971427
  },
  "UK100": {
    "bid": 10195.09,
    "ask": 10195.91,
    "spread": 0.82,
    "spread_pct": 0.008043,
    "timestamp": 1777475548.3423812
  },
  "UKOIL": {
    "bid": 109.774,
    "ask": 109.806,
    "spread": 0.032,
    "spread_pct": 0.029147,
    "timestamp": 1777475548.3423288
  },
  "INTEL": {
    "bid": 92.16,
    "ask": 92.26,
    "spread": 0.1,
    "spread_pct": 0.108448,
    "timestamp": 1777475548.3897333
  },
  "JPN225": {
    "bid": 59028.38,
    "ask": 59036.62,
    "spread": 8.24,
    "spread_pct": 0.013958,
    "timestamp": 1777475547.73228
  },
  "NZDUSD": {
    "bid": 0.58389,
    "ask": 0.58398,
    "spread": 9e-05,
    "spread_pct": 0.015413,
    "timestamp": 1777475548.297053
  },
  "NFLX": {
    "bid": 92.6,
    "ask": 92.74,
    "spread": 0.14,
    "spread_pct": 0.151074,
    "timestamp": 1777475548.218104
  },
  "AMD": {
    "bid": 328.87,
    "ask": 329.2,
    "spread": 0.33,
    "spread_pct": 0.100293,
    "timestamp": 1777475548.1735268
  },
  "GER30": {
    "bid": 24036.44,
    "ask": 24037.56,
    "spread": 1.12,
    "spread_pct": 0.004659,
    "timestamp": 1777475548.230095
  },
  "XAGUSD": {
    "bid": 71.533,
    "ask": 71.638,
    "spread": 0.105,
    "spread_pct": 0.146678,
    "timestamp": 1777475547.1930103
  },
  "PLTR": {
    "bid": 136.05,
    "ask": 136.19,
    "spread": 0.14,
    "spread_pct": 0.10285,
    "timestamp": 1777475548.2299845
  },
  "GOOG": {
    "bid": 351.53,
    "ask": 351.99,
    "spread": 0.46,
    "spread_pct": 0.130771,
    "timestamp": 1777475547.6103914
  },
  "NGAS": {
    "bid": 2.6393,
    "ask": 2.6517,
    "spread": 0.0124,
    "spread_pct": 0.46872,
    "timestamp": 1777475546.6556299
  },
  "SP500": {
    "bid": 7155.71,
    "ask": 7156.04,
    "spread": 0.33,
    "spread_pct": 0.004612,
    "timestamp": 1777475548.1156359
  },
  "EURUSD": {
    "bid": 1.16945,
    "ask": 1.16954,
    "spread": 9e-05,
    "spread_pct": 0.007696,
    "timestamp": 1777475547.2926245
  },
  "NVIDIA": {
    "bid": 210.34,
    "ask": 210.7,
    "spread": 0.36,
    "spread_pct": 0.171005,
    "timestamp": 1777475547.4090662
  },
  "USOIL": {
    "bid": 105.289,
    "ask": 105.321,
    "spread": 0.032,
    "spread_pct": 0.030388,
    "timestamp": 1777475548.3422713
  },
  "TSLA": {
    "bid": 370.72,
    "ask": 371.26,
    "spread": 0.54,
    "spread_pct": 0.145556,
    "timestamp": 1777475547.1687415
  },
  "AMZN": {
    "bid": 263.67,
    "ask": 263.99,
    "spread": 0.32,
    "spread_pct": 0.12129,
    "timestamp": 1777475548.2973504
  },
  "GBPUSD": {
    "bid": 1.34889,
    "ask": 1.34898,
    "spread": 9e-05,
    "spread_pct": 0.006672,
    "timestamp": 1777475548.2972949
  },
  "AUDUSD": {
    "bid": 0.71321,
    "ask": 0.71333,
    "spread": 0.00012,
    "spread_pct": 0.016824,
    "timestamp": 1777475548.2972338
  },
  "TSM": {
    "bid": 392.22,
    "ask": 392.67,
    "spread": 0.45,
    "spread_pct": 0.114666,
    "timestamp": 1777475547.6107807
  },
  "MSTR": {
    "bid": 158.4,
    "ask": 158.56,
    "spread": 0.16,
    "spread_pct": 0.100959,
    "timestamp": 1777475548.1978772
  },
  "XPTUSD": {
    "bid": 1884.52,
    "ask": 1894.7,
    "spread": 10.18,
    "spread_pct": 0.538736,
    "timestamp": 1777475547.1931195
  },
  "COST": {
    "bid": 988.41,
    "ask": 989.4,
    "spread": 0.99,
    "spread_pct": 0.100111,
    "timestamp": 1777475548.251414
  },
  "XALUSD": {
    "bid": 3500.37,
    "ask": 3515.63,
    "spread": 15.26,
    "spread_pct": 0.435006,
    "timestamp": 1777475548.2499206
  },
  "XPDUSD": {
    "bid": 1454.2,
    "ask": 1461.51,
    "spread": 7.31,
    "spread_pct": 0.501422,
    "timestamp": 1777475547.4979162
  }
}