{
  "AAPL": {
    "bid": 298.19,
    "ask": 298.49,
    "spread": 0.3,
    "spread_pct": 0.100556,
    "timestamp": 1779249833.2511678
  },
  "COPPER": {
    "bid": 658.63,
    "ask": 659.03,
    "spread": 0.4,
    "spread_pct": 0.060714,
    "timestamp": 1778745929.310647
  },
  "META": {
    "bid": 602.89,
    "ask": 603.49,
    "spread": 0.6,
    "spread_pct": 0.099471,
    "timestamp": 1779249834.2738853
  },
  "MSFT": {
    "bid": 417.62,
    "ask": 418.04,
    "spread": 0.42,
    "spread_pct": 0.100519,
    "timestamp": 1779249834.2945461
  },
  "ORCL": {
    "bid": 181.23,
    "ask": 181.43,
    "spread": 0.2,
    "spread_pct": 0.110296,
    "timestamp": 1779249833.1880736
  },
  "DJ30": {
    "bid": 49373.71,
    "ask": 49374.79,
    "spread": 1.08,
    "spread_pct": 0.002187,
    "timestamp": 1779249833.6631086
  },
  "TECH100": {
    "bid": 28914.7,
    "ask": 28915.14,
    "spread": 0.44,
    "spread_pct": 0.001522,
    "timestamp": 1779249833.188171
  },
  "XAUUSD": {
    "bid": 4465.94,
    "ask": 4466.12,
    "spread": 0.18,
    "spread_pct": 0.00403,
    "timestamp": 1779249833.5593057
  },
  "UK100": {
    "bid": 10267.14,
    "ask": 10267.86,
    "spread": 0.72,
    "spread_pct": 0.007012,
    "timestamp": 1779249833.9893243
  },
  "UKOIL": {
    "bid": 110.388,
    "ask": 110.424,
    "spread": 0.036,
    "spread_pct": 0.032607,
    "timestamp": 1779249833.5595107
  },
  "INTEL": {
    "bid": 112.4,
    "ask": 112.52,
    "spread": 0.12,
    "spread_pct": 0.106705,
    "timestamp": 1779214080.197513
  },
  "JPN225": {
    "bid": 59780.57,
    "ask": 59789.43,
    "spread": 8.86,
    "spread_pct": 0.01482,
    "timestamp": 1779249833.4427307
  },
  "NZDUSD": {
    "bid": 0.5836,
    "ask": 0.58369,
    "spread": 9e-05,
    "spread_pct": 0.01542,
    "timestamp": 1779249833.2879395
  },
  "NFLX": {
    "bid": 89.05,
    "ask": 89.18,
    "spread": 0.13,
    "spread_pct": 0.145879,
    "timestamp": 1779249834.2621005
  },
  "AMD": {
    "bid": 413.99,
    "ask": 414.4,
    "spread": 0.41,
    "spread_pct": 0.098987,
    "timestamp": 1779249833.2512598
  },
  "GER30": {
    "bid": 24285.42,
    "ask": 24286.72,
    "spread": 1.3,
    "spread_pct": 0.005353,
    "timestamp": 1779249833.7047198
  },
  "XAGUSD": {
    "bid": 73.653,
    "ask": 73.756,
    "spread": 0.103,
    "spread_pct": 0.139747,
    "timestamp": 1779249834.1873333
  },
  "PLTR": {
    "bid": 134.84,
    "ask": 134.97,
    "spread": 0.13,
    "spread_pct": 0.096364,
    "timestamp": 1779249833.2302845
  },
  "GOOG": {
    "bid": 391.44,
    "ask": 391.9,
    "spread": 0.46,
    "spread_pct": 0.117446,
    "timestamp": 1779214082.4227853
  },
  "NGAS": {
    "bid": 3.0981,
    "ask": 3.1109,
    "spread": 0.0128,
    "spread_pct": 0.412305,
    "timestamp": 1779214079.4942377
  },
  "SP500": {
    "bid": 7365.81,
    "ask": 7366.15,
    "spread": 0.34,
    "spread_pct": 0.004616,
    "timestamp": 1779249833.1147068
  },
  "EURUSD": {
    "bid": 1.16047,
    "ask": 1.16057,
    "spread": 0.0001,
    "spread_pct": 0.008617,
    "timestamp": 1779249833.1882403
  },
  "NVIDIA": {
    "bid": 223.36,
    "ask": 223.7,
    "spread": 0.34,
    "spread_pct": 0.152105,
    "timestamp": 1779214080.6571395
  },
  "USOIL": {
    "bid": 102.52,
    "ask": 104.38,
    "spread": 1.86,
    "spread_pct": 1.79797,
    "timestamp": 1779249834.294472
  },
  "TSLA": {
    "bid": 403.21,
    "ask": 403.69,
    "spread": 0.48,
    "spread_pct": 0.118974,
    "timestamp": 1779249834.1875343
  },
  "AMZN": {
    "bid": 258.95,
    "ask": 259.21,
    "spread": 0.26,
    "spread_pct": 0.100355,
    "timestamp": 1779249834.2449431
  },
  "GBPUSD": {
    "bid": 1.34038,
    "ask": 1.34048,
    "spread": 0.0001,
    "spread_pct": 0.00746,
    "timestamp": 1779249833.3769987
  },
  "AUDUSD": {
    "bid": 0.71062,
    "ask": 0.7107,
    "spread": 8e-05,
    "spread_pct": 0.011257,
    "timestamp": 1779249833.2532403
  },
  "TSM": {
    "bid": 393.12,
    "ask": 393.51,
    "spread": 0.39,
    "spread_pct": 0.099157,
    "timestamp": 1779249833.2081525
  },
  "MSTR": {
    "bid": 165.3,
    "ask": 165.47,
    "spread": 0.17,
    "spread_pct": 0.10279,
    "timestamp": 1779249834.194214
  },
  "XPTUSD": {
    "bid": 1919.46,
    "ask": 1929.56,
    "spread": 10.1,
    "spread_pct": 0.524809,
    "timestamp": 1779249833.663178
  },
  "COST": {
    "bid": 1092.5,
    "ask": 1093.59,
    "spread": 1.09,
    "spread_pct": 0.099721,
    "timestamp": 1779249833.2211678
  },
  "XALUSD": {
    "bid": 3586.4,
    "ask": 3601.7,
    "spread": 15.3,
    "spread_pct": 0.425704,
    "timestamp": 1779206308.4995682
  },
  "XPDUSD": {
    "bid": 1367.62,
    "ask": 1374.88,
    "spread": 7.26,
    "spread_pct": 0.529444,
    "timestamp": 1779249833.6168478
  }
}