{
  "AAPL": {
    "bid": 295.07,
    "ask": 295.37,
    "spread": 0.3,
    "spread_pct": 0.101619,
    "timestamp": 1778833696.3214915
  },
  "COPPER": {
    "bid": 658.63,
    "ask": 659.03,
    "spread": 0.4,
    "spread_pct": 0.060714,
    "timestamp": 1778745929.310647
  },
  "META": {
    "bid": 608.6,
    "ask": 609.21,
    "spread": 0.61,
    "spread_pct": 0.10018,
    "timestamp": 1778833696.1703355
  },
  "MSFT": {
    "bid": 405.99,
    "ask": 406.4,
    "spread": 0.41,
    "spread_pct": 0.100937,
    "timestamp": 1778833696.3433633
  },
  "ORCL": {
    "bid": 191.16,
    "ask": 191.41,
    "spread": 0.25,
    "spread_pct": 0.130695,
    "timestamp": 1778833696.1230357
  },
  "DJ30": {
    "bid": 49803.15,
    "ask": 49804.35,
    "spread": 1.2,
    "spread_pct": 0.002409,
    "timestamp": 1778833696.358221
  },
  "TECH100": {
    "bid": 29239.17,
    "ask": 29239.59,
    "spread": 0.42,
    "spread_pct": 0.001436,
    "timestamp": 1778833696.3432744
  },
  "XAUUSD": {
    "bid": 4558.23,
    "ask": 4558.41,
    "spread": 0.18,
    "spread_pct": 0.003949,
    "timestamp": 1778833695.5309627
  },
  "UK100": {
    "bid": 10260.64,
    "ask": 10261.44,
    "spread": 0.8,
    "spread_pct": 0.007796,
    "timestamp": 1778833696.605176
  },
  "UKOIL": {
    "bid": 109.041,
    "ask": 109.075,
    "spread": 0.034,
    "spread_pct": 0.031176,
    "timestamp": 1778833696.124506
  },
  "INTEL": {
    "bid": 116.42,
    "ask": 116.52,
    "spread": 0.1,
    "spread_pct": 0.085859,
    "timestamp": 1778784741.5946746
  },
  "JPN225": {
    "bid": 61517.86,
    "ask": 61527.14,
    "spread": 9.28,
    "spread_pct": 0.015084,
    "timestamp": 1778833696.4501352
  },
  "NZDUSD": {
    "bid": 0.5853,
    "ask": 0.58541,
    "spread": 0.00011,
    "spread_pct": 0.018792,
    "timestamp": 1778833696.060381
  },
  "NFLX": {
    "bid": 86.67,
    "ask": 86.8,
    "spread": 0.13,
    "spread_pct": 0.149882,
    "timestamp": 1778833696.2433836
  },
  "AMD": {
    "bid": 435.02,
    "ask": 435.46,
    "spread": 0.44,
    "spread_pct": 0.101094,
    "timestamp": 1778833696.2017787
  },
  "GER30": {
    "bid": 24085.65,
    "ask": 24086.95,
    "spread": 1.3,
    "spread_pct": 0.005397,
    "timestamp": 1778833696.6049812
  },
  "XAGUSD": {
    "bid": 78.12,
    "ask": 78.223,
    "spread": 0.103,
    "spread_pct": 0.131762,
    "timestamp": 1778833696.6891427
  },
  "PLTR": {
    "bid": 131.15,
    "ask": 131.28,
    "spread": 0.13,
    "spread_pct": 0.099074,
    "timestamp": 1778833696.3427482
  },
  "GOOG": {
    "bid": 399.93,
    "ask": 400.37,
    "spread": 0.44,
    "spread_pct": 0.109959,
    "timestamp": 1778784739.2200098
  },
  "NGAS": {
    "bid": 2.9443,
    "ask": 2.9567,
    "spread": 0.0124,
    "spread_pct": 0.420268,
    "timestamp": 1778833696.343181
  },
  "SP500": {
    "bid": 7442.77,
    "ask": 7443.11,
    "spread": 0.34,
    "spread_pct": 0.004568,
    "timestamp": 1778833696.2010274
  },
  "EURUSD": {
    "bid": 1.1632,
    "ask": 1.16329,
    "spread": 9e-05,
    "spread_pct": 0.007737,
    "timestamp": 1778833696.443367
  },
  "NVIDIA": {
    "bid": 235.8,
    "ask": 236.12,
    "spread": 0.32,
    "spread_pct": 0.135616,
    "timestamp": 1778784740.8841429
  },
  "USOIL": {
    "bid": 99.5,
    "ask": 101.37,
    "spread": 1.87,
    "spread_pct": 1.861901,
    "timestamp": 1778833696.2009559
  },
  "TSLA": {
    "bid": 432.02,
    "ask": 432.54,
    "spread": 0.52,
    "spread_pct": 0.120292,
    "timestamp": 1778833696.3215935
  },
  "AMZN": {
    "bid": 262.81,
    "ask": 263.07,
    "spread": 0.26,
    "spread_pct": 0.098882,
    "timestamp": 1778833696.2753925
  },
  "GBPUSD": {
    "bid": 1.335,
    "ask": 1.33509,
    "spread": 9e-05,
    "spread_pct": 0.006741,
    "timestamp": 1778833696.2674716
  },
  "AUDUSD": {
    "bid": 0.71603,
    "ask": 0.71612,
    "spread": 9e-05,
    "spread_pct": 0.012569,
    "timestamp": 1778833696.3582895
  },
  "TSM": {
    "bid": 406.65,
    "ask": 407.06,
    "spread": 0.41,
    "spread_pct": 0.100773,
    "timestamp": 1778833696.3434222
  },
  "MSTR": {
    "bid": 181.86,
    "ask": 182.04,
    "spread": 0.18,
    "spread_pct": 0.098928,
    "timestamp": 1778833696.122933
  },
  "XPTUSD": {
    "bid": 2004.97,
    "ask": 2014.89,
    "spread": 9.92,
    "spread_pct": 0.49355,
    "timestamp": 1778833694.7577598
  },
  "COST": {
    "bid": 1045.39,
    "ask": 1046.44,
    "spread": 1.05,
    "spread_pct": 0.100391,
    "timestamp": 1778833696.3235757
  },
  "XALUSD": {
    "bid": 3583.16,
    "ask": 3598.44,
    "spread": 15.28,
    "spread_pct": 0.425532,
    "timestamp": 1778833682.2426794
  },
  "XPDUSD": {
    "bid": 1422.5,
    "ask": 1429.74,
    "spread": 7.24,
    "spread_pct": 0.507671,
    "timestamp": 1778833695.5308566
  }
}