{
  "AAPL": {
    "bid": 299.62,
    "ask": 299.92,
    "spread": 0.3,
    "spread_pct": 0.100077,
    "timestamp": 1779027278.3488019
  },
  "COPPER": {
    "bid": 658.63,
    "ask": 659.03,
    "spread": 0.4,
    "spread_pct": 0.060714,
    "timestamp": 1778745929.310647
  },
  "META": {
    "bid": 611.91,
    "ask": 612.52,
    "spread": 0.61,
    "spread_pct": 0.099638,
    "timestamp": 1779027278.3190053
  },
  "MSFT": {
    "bid": 420.59,
    "ask": 421.01,
    "spread": 0.42,
    "spread_pct": 0.09981,
    "timestamp": 1779027278.3398123
  },
  "ORCL": {
    "bid": 191.83,
    "ask": 192.02,
    "spread": 0.19,
    "spread_pct": 0.098997,
    "timestamp": 1779027278.3708813
  },
  "DJ30": {
    "bid": 49509.31,
    "ask": 49510.35,
    "spread": 1.04,
    "spread_pct": 0.002101,
    "timestamp": 1778875760.4438627
  },
  "TECH100": {
    "bid": 29136.36,
    "ask": 29136.84,
    "spread": 0.48,
    "spread_pct": 0.001647,
    "timestamp": 1778875760.1900651
  },
  "XAUUSD": {
    "bid": 4538.24,
    "ask": 4538.42,
    "spread": 0.18,
    "spread_pct": 0.003966,
    "timestamp": 1778875760.038756
  },
  "UK100": {
    "bid": 10205.21,
    "ask": 10205.99,
    "spread": 0.78,
    "spread_pct": 0.007643,
    "timestamp": 1778870975.7984908
  },
  "UKOIL": {
    "bid": 109.526,
    "ask": 109.564,
    "spread": 0.038,
    "spread_pct": 0.034689,
    "timestamp": 1778875760.0279932
  },
  "INTEL": {
    "bid": 109.49,
    "ask": 109.65,
    "spread": 0.16,
    "spread_pct": 0.146025,
    "timestamp": 1778870975.797753
  },
  "JPN225": {
    "bid": 61643.1,
    "ask": 61651.9,
    "spread": 8.8,
    "spread_pct": 0.014275,
    "timestamp": 1778875760.4440248
  },
  "NZDUSD": {
    "bid": 0.58379,
    "ask": 0.58388,
    "spread": 9e-05,
    "spread_pct": 0.015415,
    "timestamp": 1778875759.150051
  },
  "NFLX": {
    "bid": 86.76,
    "ask": 86.89,
    "spread": 0.13,
    "spread_pct": 0.149726,
    "timestamp": 1779027278.1868079
  },
  "AMD": {
    "bid": 421.42,
    "ask": 421.84,
    "spread": 0.42,
    "spread_pct": 0.099613,
    "timestamp": 1779027278.2521923
  },
  "GER30": {
    "bid": 23954.91,
    "ask": 23956.15,
    "spread": 1.24,
    "spread_pct": 0.005176,
    "timestamp": 1778870975.3529613
  },
  "XAGUSD": {
    "bid": 75.95,
    "ask": 76.055,
    "spread": 0.105,
    "spread_pct": 0.138153,
    "timestamp": 1778875760.1377494
  },
  "PLTR": {
    "bid": 133.4,
    "ask": 133.53,
    "spread": 0.13,
    "spread_pct": 0.097404,
    "timestamp": 1779027278.3709476
  },
  "GOOG": {
    "bid": 395.93,
    "ask": 396.35,
    "spread": 0.42,
    "spread_pct": 0.106023,
    "timestamp": 1778870974.7875192
  },
  "NGAS": {
    "bid": 2.9598,
    "ask": 2.973,
    "spread": 0.0132,
    "spread_pct": 0.444984,
    "timestamp": 1778870968.1866627
  },
  "SP500": {
    "bid": 7412.76,
    "ask": 7413.1,
    "spread": 0.34,
    "spread_pct": 0.004587,
    "timestamp": 1778875759.1867886
  },
  "EURUSD": {
    "bid": 1.1621,
    "ask": 1.1622,
    "spread": 0.0001,
    "spread_pct": 0.008605,
    "timestamp": 1778875760.7251797
  },
  "NVIDIA": {
    "bid": 228.32,
    "ask": 228.66,
    "spread": 0.34,
    "spread_pct": 0.148803,
    "timestamp": 1778870975.3524938
  },
  "USOIL": {
    "bid": 101.493,
    "ask": 101.527,
    "spread": 0.034,
    "spread_pct": 0.033494,
    "timestamp": 1778875760.8867152
  },
  "TSLA": {
    "bid": 421.08,
    "ask": 421.59,
    "spread": 0.51,
    "spread_pct": 0.121044,
    "timestamp": 1779027278.1754553
  },
  "AMZN": {
    "bid": 262.75,
    "ask": 263.01,
    "spread": 0.26,
    "spread_pct": 0.098904,
    "timestamp": 1779027278.2772713
  },
  "GBPUSD": {
    "bid": 1.33155,
    "ask": 1.33164,
    "spread": 9e-05,
    "spread_pct": 0.006759,
    "timestamp": 1778875760.3244696
  },
  "AUDUSD": {
    "bid": 0.71474,
    "ask": 0.71485,
    "spread": 0.00011,
    "spread_pct": 0.015389,
    "timestamp": 1778875760.9616334
  },
  "TSM": {
    "bid": 401.58,
    "ask": 401.98,
    "spread": 0.4,
    "spread_pct": 0.099557,
    "timestamp": 1779027278.165974
  },
  "MSTR": {
    "bid": 173.51,
    "ask": 173.68,
    "spread": 0.17,
    "spread_pct": 0.097929,
    "timestamp": 1779027278.3707616
  },
  "XPTUSD": {
    "bid": 1969.03,
    "ask": 1978.97,
    "spread": 9.94,
    "spread_pct": 0.503546,
    "timestamp": 1778875759.8128088
  },
  "COST": {
    "bid": 1050.47,
    "ask": 1051.52,
    "spread": 1.05,
    "spread_pct": 0.099905,
    "timestamp": 1779027278.3396237
  },
  "XALUSD": {
    "bid": 3559.49,
    "ask": 3574.91,
    "spread": 15.42,
    "spread_pct": 0.432272,
    "timestamp": 1778864538.7208347
  },
  "XPDUSD": {
    "bid": 1412.92,
    "ask": 1420.38,
    "spread": 7.46,
    "spread_pct": 0.526594,
    "timestamp": 1778875758.7747607
  }
}