{
  "AAPL": {
    "bid": 268.29,
    "ask": 268.56,
    "spread": 0.27,
    "spread_pct": 0.100587,
    "timestamp": 1777467446.106379
  },
  "COPPER": {
    "bid": 597.19,
    "ask": 597.61,
    "spread": 0.42,
    "spread_pct": 0.070305,
    "timestamp": 1777467446.3060687
  },
  "META": {
    "bid": 671.41,
    "ask": 672.21,
    "spread": 0.8,
    "spread_pct": 0.119081,
    "timestamp": 1777402555.141898
  },
  "MSFT": {
    "bid": 427.11,
    "ask": 427.23,
    "spread": 0.12,
    "spread_pct": 0.028092,
    "timestamp": 1777402555.4344442
  },
  "ORCL": {
    "bid": 164.92,
    "ask": 165.09,
    "spread": 0.17,
    "spread_pct": 0.103027,
    "timestamp": 1777467446.1863017
  },
  "DJ30": {
    "bid": 49268.97,
    "ask": 49270.03,
    "spread": 1.06,
    "spread_pct": 0.002151,
    "timestamp": 1777467445.8003461
  },
  "TECH100": {
    "bid": 27221.65,
    "ask": 27222.1,
    "spread": 0.45,
    "spread_pct": 0.001653,
    "timestamp": 1777467446.2316086
  },
  "XAUUSD": {
    "bid": 4546.19,
    "ask": 4546.37,
    "spread": 0.18,
    "spread_pct": 0.003959,
    "timestamp": 1777467446.2311676
  },
  "UK100": {
    "bid": 10262.14,
    "ask": 10262.86,
    "spread": 0.72,
    "spread_pct": 0.007016,
    "timestamp": 1777467445.6605518
  },
  "UKOIL": {
    "bid": 108.352,
    "ask": 108.388,
    "spread": 0.036,
    "spread_pct": 0.03322,
    "timestamp": 1777467446.231278
  },
  "INTEL": {
    "bid": 84.04,
    "ask": 84.14,
    "spread": 0.1,
    "spread_pct": 0.11892,
    "timestamp": 1777402555.5210788
  },
  "JPN225": {
    "bid": 59190.0,
    "ask": 59230.0,
    "spread": 40.0,
    "spread_pct": 0.067556,
    "timestamp": 1777467442.3523169
  },
  "NZDUSD": {
    "bid": 0.58522,
    "ask": 0.58533,
    "spread": 0.00011,
    "spread_pct": 0.018795,
    "timestamp": 1777467444.6068473
  },
  "NFLX": {
    "bid": 91.82,
    "ask": 91.96,
    "spread": 0.14,
    "spread_pct": 0.152356,
    "timestamp": 1777467446.334733
  },
  "AMD": {
    "bid": 328.21,
    "ask": 328.54,
    "spread": 0.33,
    "spread_pct": 0.100495,
    "timestamp": 1777467446.2057755
  },
  "GER30": {
    "bid": 24112.0,
    "ask": 24122.0,
    "spread": 10.0,
    "spread_pct": 0.041465,
    "timestamp": 1777467445.3070521
  },
  "XAGUSD": {
    "bid": 72.022,
    "ask": 72.124,
    "spread": 0.102,
    "spread_pct": 0.141523,
    "timestamp": 1777467446.2315316
  },
  "PLTR": {
    "bid": 140.44,
    "ask": 140.58,
    "spread": 0.14,
    "spread_pct": 0.099637,
    "timestamp": 1777467446.1065483
  },
  "GOOG": {
    "bid": 349.47,
    "ask": 349.89,
    "spread": 0.42,
    "spread_pct": 0.12011,
    "timestamp": 1777402555.5450108
  },
  "NGAS": {
    "bid": 2.6288,
    "ask": 2.6412,
    "spread": 0.0124,
    "spread_pct": 0.470588,
    "timestamp": 1777467446.15124
  },
  "SP500": {
    "bid": 7167.45,
    "ask": 7167.8,
    "spread": 0.35,
    "spread_pct": 0.004883,
    "timestamp": 1777467445.3661768
  },
  "EURUSD": {
    "bid": 1.1696,
    "ask": 1.16972,
    "spread": 0.00012,
    "spread_pct": 0.010259,
    "timestamp": 1777467445.1447232
  },
  "NVIDIA": {
    "bid": 213.5,
    "ask": 213.85,
    "spread": 0.35,
    "spread_pct": 0.1638,
    "timestamp": 1777402555.6406739
  },
  "USOIL": {
    "bid": 103.847,
    "ask": 103.883,
    "spread": 0.036,
    "spread_pct": 0.03466,
    "timestamp": 1777467446.2314286
  },
  "TSLA": {
    "bid": 377.41,
    "ask": 377.95,
    "spread": 0.54,
    "spread_pct": 0.142978,
    "timestamp": 1777402555.4564366
  },
  "AMZN": {
    "bid": 258.82,
    "ask": 259.08,
    "spread": 0.26,
    "spread_pct": 0.100405,
    "timestamp": 1777467446.1160817
  },
  "GBPUSD": {
    "bid": 1.34998,
    "ask": 1.35006,
    "spread": 8e-05,
    "spread_pct": 0.005926,
    "timestamp": 1777467445.118515
  },
  "AUDUSD": {
    "bid": 0.71551,
    "ask": 0.71559,
    "spread": 8e-05,
    "spread_pct": 0.01118,
    "timestamp": 1777467446.3059468
  },
  "TSM": {
    "bid": 392.43,
    "ask": 392.9,
    "spread": 0.47,
    "spread_pct": 0.119695,
    "timestamp": 1777402555.1968126
  },
  "MSTR": {
    "bid": 166.97,
    "ask": 167.14,
    "spread": 0.17,
    "spread_pct": 0.101763,
    "timestamp": 1777467446.231018
  },
  "XPTUSD": {
    "bid": 1901.66,
    "ask": 1911.87,
    "spread": 10.21,
    "spread_pct": 0.535462,
    "timestamp": 1777467446.4541066
  },
  "COST": {
    "bid": 987.89,
    "ask": 988.88,
    "spread": 0.99,
    "spread_pct": 0.100163,
    "timestamp": 1777467446.3066304
  },
  "XALUSD": {
    "bid": 3541.6,
    "ask": 3556.85,
    "spread": 15.25,
    "spread_pct": 0.429671,
    "timestamp": 1777467444.6648352
  },
  "XPDUSD": {
    "bid": 1435.71,
    "ask": 1443.09,
    "spread": 7.38,
    "spread_pct": 0.512714,
    "timestamp": 1777467446.1301792
  }
}