{
  "AAPL": {
    "bid": 287.25,
    "ask": 287.54,
    "spread": 0.29,
    "spread_pct": 0.100906,
    "timestamp": 1778126924.3058083
  },
  "COPPER": {
    "bid": 619.03,
    "ask": 619.41,
    "spread": 0.38,
    "spread_pct": 0.061368,
    "timestamp": 1778126921.0659878
  },
  "META": {
    "bid": 612.85,
    "ask": 613.46,
    "spread": 0.61,
    "spread_pct": 0.099485,
    "timestamp": 1778126924.3075573
  },
  "MSFT": {
    "bid": 413.66,
    "ask": 414.07,
    "spread": 0.41,
    "spread_pct": 0.099066,
    "timestamp": 1778126924.2009382
  },
  "ORCL": {
    "bid": 192.86,
    "ask": 193.14,
    "spread": 0.28,
    "spread_pct": 0.145078,
    "timestamp": 1778126924.104158
  },
  "DJ30": {
    "bid": 50094.45,
    "ask": 50095.55,
    "spread": 1.1,
    "spread_pct": 0.002196,
    "timestamp": 1778126924.4890137
  },
  "TECH100": {
    "bid": 28691.65,
    "ask": 28692.1,
    "spread": 0.45,
    "spread_pct": 0.001568,
    "timestamp": 1778126924.488889
  },
  "XAUUSD": {
    "bid": 4700.0,
    "ask": 4700.2,
    "spread": 0.2,
    "spread_pct": 0.004255,
    "timestamp": 1778126924.2968104
  },
  "UK100": {
    "bid": 10454.0,
    "ask": 10458.0,
    "spread": 4.0,
    "spread_pct": 0.038256,
    "timestamp": 1778126905.81817
  },
  "UKOIL": {
    "bid": 101.974,
    "ask": 102.006,
    "spread": 0.032,
    "spread_pct": 0.031376,
    "timestamp": 1778126905.488838
  },
  "INTEL": {
    "bid": 112.21,
    "ask": 112.35,
    "spread": 0.14,
    "spread_pct": 0.124688,
    "timestamp": 1778093843.2089787
  },
  "JPN225": {
    "bid": 62898.18,
    "ask": 62906.82,
    "spread": 8.64,
    "spread_pct": 0.013736,
    "timestamp": 1778126924.243915
  },
  "NZDUSD": {
    "bid": 0.59588,
    "ask": 0.59599,
    "spread": 0.00011,
    "spread_pct": 0.018458,
    "timestamp": 1778126921.4032347
  },
  "NFLX": {
    "bid": 88.27,
    "ask": 88.46,
    "spread": 0.19,
    "spread_pct": 0.215017,
    "timestamp": 1778126924.3492005
  },
  "AMD": {
    "bid": 418.64,
    "ask": 419.06,
    "spread": 0.42,
    "spread_pct": 0.100275,
    "timestamp": 1778126924.284291
  },
  "GER30": {
    "bid": 25048.86,
    "ask": 25050.14,
    "spread": 1.28,
    "spread_pct": 0.00511,
    "timestamp": 1778126917.9563842
  },
  "XAGUSD": {
    "bid": 77.531,
    "ask": 77.636,
    "spread": 0.105,
    "spread_pct": 0.135338,
    "timestamp": 1778126924.3601098
  },
  "PLTR": {
    "bid": 134.42,
    "ask": 134.55,
    "spread": 0.13,
    "spread_pct": 0.096665,
    "timestamp": 1778126924.2844372
  },
  "GOOG": {
    "bid": 396.65,
    "ask": 397.09,
    "spread": 0.44,
    "spread_pct": 0.110868,
    "timestamp": 1778093843.2086306
  },
  "NGAS": {
    "bid": 2.7112,
    "ask": 2.7238,
    "spread": 0.0126,
    "spread_pct": 0.463661,
    "timestamp": 1778112808.9005594
  },
  "SP500": {
    "bid": 7390.7,
    "ask": 7391.05,
    "spread": 0.35,
    "spread_pct": 0.004736,
    "timestamp": 1778126924.5650966
  },
  "EURUSD": {
    "bid": 1.17496,
    "ask": 1.17507,
    "spread": 0.00011,
    "spread_pct": 0.009362,
    "timestamp": 1778126922.3789008
  },
  "NVIDIA": {
    "bid": 206.89,
    "ask": 207.21,
    "spread": 0.32,
    "spread_pct": 0.154552,
    "timestamp": 1778093843.5791183
  },
  "USOIL": {
    "bid": 94.84,
    "ask": 96.64,
    "spread": 1.8,
    "spread_pct": 1.880092,
    "timestamp": 1778126916.3678682
  },
  "TSLA": {
    "bid": 397.94,
    "ask": 398.42,
    "spread": 0.48,
    "spread_pct": 0.120548,
    "timestamp": 1778126924.1682804
  },
  "AMZN": {
    "bid": 274.99,
    "ask": 275.27,
    "spread": 0.28,
    "spread_pct": 0.10177,
    "timestamp": 1778126924.2872577
  },
  "GBPUSD": {
    "bid": 1.35947,
    "ask": 1.35957,
    "spread": 0.0001,
    "spread_pct": 0.007356,
    "timestamp": 1778126922.9872918
  },
  "AUDUSD": {
    "bid": 0.72429,
    "ask": 0.72439,
    "spread": 0.0001,
    "spread_pct": 0.013806,
    "timestamp": 1778126924.3602479
  },
  "TSM": {
    "bid": 418.96,
    "ask": 419.38,
    "spread": 0.42,
    "spread_pct": 0.100198,
    "timestamp": 1778126924.1168604
  },
  "MSTR": {
    "bid": 183.88,
    "ask": 184.06,
    "spread": 0.18,
    "spread_pct": 0.097842,
    "timestamp": 1778126924.1487186
  },
  "XPTUSD": {
    "bid": 2054.02,
    "ask": 2064.2,
    "spread": 10.18,
    "spread_pct": 0.494388,
    "timestamp": 1778126924.7368536
  },
  "COST": {
    "bid": 998.64,
    "ask": 999.64,
    "spread": 1.0,
    "spread_pct": 0.100086,
    "timestamp": 1778126924.3073454
  },
  "XALUSD": {
    "bid": 3527.97,
    "ask": 3543.18,
    "spread": 15.21,
    "spread_pct": 0.430199,
    "timestamp": 1778112790.5891235
  },
  "XPDUSD": {
    "bid": 1539.61,
    "ask": 1547.04,
    "spread": 7.43,
    "spread_pct": 0.481428,
    "timestamp": 1778112809.1471493
  }
}