{
  "AAPL": {
    "bid": 282.04,
    "ask": 282.32,
    "spread": 0.28,
    "spread_pct": 0.099227,
    "timestamp": 1778039803.2509646
  },
  "COPPER": {
    "bid": 608.16,
    "ask": 608.54,
    "spread": 0.38,
    "spread_pct": 0.062464,
    "timestamp": 1778039803.3292382
  },
  "META": {
    "bid": 599.55,
    "ask": 600.15,
    "spread": 0.6,
    "spread_pct": 0.100025,
    "timestamp": 1778039803.1580637
  },
  "MSFT": {
    "bid": 408.65,
    "ask": 409.06,
    "spread": 0.41,
    "spread_pct": 0.10028,
    "timestamp": 1778039803.2410576
  },
  "ORCL": {
    "bid": 184.62,
    "ask": 184.83,
    "spread": 0.21,
    "spread_pct": 0.113683,
    "timestamp": 1778039803.3624282
  },
  "DJ30": {
    "bid": 49522.98,
    "ask": 49524.02,
    "spread": 1.04,
    "spread_pct": 0.0021,
    "timestamp": 1778039803.6437366
  },
  "TECH100": {
    "bid": 28312.3,
    "ask": 28312.7,
    "spread": 0.4,
    "spread_pct": 0.001413,
    "timestamp": 1778039803.6437955
  },
  "XAUUSD": {
    "bid": 4643.98,
    "ask": 4644.2,
    "spread": 0.22,
    "spread_pct": 0.004737,
    "timestamp": 1778039802.2633955
  },
  "UK100": {
    "bid": 10322.37,
    "ask": 10323.13,
    "spread": 0.76,
    "spread_pct": 0.007362,
    "timestamp": 1778039802.6397145
  },
  "UKOIL": {
    "bid": 108.033,
    "ask": 108.067,
    "spread": 0.034,
    "spread_pct": 0.031467,
    "timestamp": 1778039800.6242867
  },
  "INTEL": {
    "bid": 107.71,
    "ask": 107.87,
    "spread": 0.16,
    "spread_pct": 0.148437,
    "timestamp": 1778010945.2909675
  },
  "JPN225": {
    "bid": 61200.25,
    "ask": 61209.75,
    "spread": 9.5,
    "spread_pct": 0.015522,
    "timestamp": 1778039803.131171
  },
  "NZDUSD": {
    "bid": 0.59302,
    "ask": 0.59313,
    "spread": 0.00011,
    "spread_pct": 0.018547,
    "timestamp": 1778039802.3994195
  },
  "NFLX": {
    "bid": 87.86,
    "ask": 88.02,
    "spread": 0.16,
    "spread_pct": 0.181942,
    "timestamp": 1778039803.3602867
  },
  "AMD": {
    "bid": 419.5,
    "ask": 419.92,
    "spread": 0.42,
    "spread_pct": 0.100069,
    "timestamp": 1778039803.3061786
  },
  "GER30": {
    "bid": 24621.88,
    "ask": 24623.12,
    "spread": 1.24,
    "spread_pct": 0.005036,
    "timestamp": 1778039802.449751
  },
  "XAGUSD": {
    "bid": 75.517,
    "ask": 75.622,
    "spread": 0.105,
    "spread_pct": 0.138945,
    "timestamp": 1778039803.1227393
  },
  "PLTR": {
    "bid": 134.46,
    "ask": 134.59,
    "spread": 0.13,
    "spread_pct": 0.096636,
    "timestamp": 1778039803.3293302
  },
  "GOOG": {
    "bid": 387.82,
    "ask": 388.24,
    "spread": 0.42,
    "spread_pct": 0.108239,
    "timestamp": 1778010945.2905567
  },
  "NGAS": {
    "bid": 2.7674,
    "ask": 2.7796,
    "spread": 0.0122,
    "spread_pct": 0.439877,
    "timestamp": 1778039799.6852424
  },
  "SP500": {
    "bid": 7307.45,
    "ask": 7307.8,
    "spread": 0.35,
    "spread_pct": 0.00479,
    "timestamp": 1778039803.2622876
  },
  "EURUSD": {
    "bid": 1.17173,
    "ask": 1.17183,
    "spread": 0.0001,
    "spread_pct": 0.008534,
    "timestamp": 1778039802.6397724
  },
  "NVIDIA": {
    "bid": 196.06,
    "ask": 196.37,
    "spread": 0.31,
    "spread_pct": 0.15799,
    "timestamp": 1778010945.290079
  },
  "USOIL": {
    "bid": 100.467,
    "ask": 100.503,
    "spread": 0.036,
    "spread_pct": 0.035826,
    "timestamp": 1778039802.8172812
  },
  "TSLA": {
    "bid": 386.58,
    "ask": 387.04,
    "spread": 0.46,
    "spread_pct": 0.118921,
    "timestamp": 1778039803.297606
  },
  "AMZN": {
    "bid": 272.06,
    "ask": 272.33,
    "spread": 0.27,
    "spread_pct": 0.099194,
    "timestamp": 1778039803.1973963
  },
  "GBPUSD": {
    "bid": 1.35643,
    "ask": 1.35654,
    "spread": 0.00011,
    "spread_pct": 0.008109,
    "timestamp": 1778039803.5063233
  },
  "AUDUSD": {
    "bid": 0.72321,
    "ask": 0.7233,
    "spread": 9e-05,
    "spread_pct": 0.012444,
    "timestamp": 1778039803.3327856
  },
  "TSM": {
    "bid": 398.19,
    "ask": 398.59,
    "spread": 0.4,
    "spread_pct": 0.100404,
    "timestamp": 1778039803.1896977
  },
  "MSTR": {
    "bid": 183.5,
    "ask": 183.68,
    "spread": 0.18,
    "spread_pct": 0.098045,
    "timestamp": 1778039803.2001302
  },
  "XPTUSD": {
    "bid": 1998.2,
    "ask": 2008.4,
    "spread": 10.2,
    "spread_pct": 0.50916,
    "timestamp": 1778039803.189798
  },
  "COST": {
    "bid": 1013.18,
    "ask": 1014.7,
    "spread": 1.52,
    "spread_pct": 0.14991,
    "timestamp": 1778039803.1222193
  },
  "XALUSD": {
    "bid": 3579.81,
    "ask": 3595.09,
    "spread": 15.28,
    "spread_pct": 0.425929,
    "timestamp": 1778039800.8394876
  },
  "XPDUSD": {
    "bid": 1521.82,
    "ask": 1529.08,
    "spread": 7.26,
    "spread_pct": 0.475925,
    "timestamp": 1778039801.9323902
  }
}