{
  "AAPL": {
    "bid": 298.38,
    "ask": 298.68,
    "spread": 0.3,
    "spread_pct": 0.100492,
    "timestamp": 1778802078.2344935
  },
  "COPPER": {
    "bid": 658.63,
    "ask": 659.03,
    "spread": 0.4,
    "spread_pct": 0.060714,
    "timestamp": 1778745929.310647
  },
  "META": {
    "bid": 618.07,
    "ask": 618.69,
    "spread": 0.62,
    "spread_pct": 0.100262,
    "timestamp": 1778802078.1158557
  },
  "MSFT": {
    "bid": 408.67,
    "ask": 409.08,
    "spread": 0.41,
    "spread_pct": 0.100275,
    "timestamp": 1778802078.1718762
  },
  "ORCL": {
    "bid": 196.55,
    "ask": 196.94,
    "spread": 0.39,
    "spread_pct": 0.198226,
    "timestamp": 1778802078.306314
  },
  "DJ30": {
    "bid": 50146.47,
    "ask": 50147.73,
    "spread": 1.26,
    "spread_pct": 0.002513,
    "timestamp": 1778802078.5596535
  },
  "TECH100": {
    "bid": 29722.71,
    "ask": 29723.13,
    "spread": 0.42,
    "spread_pct": 0.001413,
    "timestamp": 1778802078.360174
  },
  "XAUUSD": {
    "bid": 4653.19,
    "ask": 4653.39,
    "spread": 0.2,
    "spread_pct": 0.004298,
    "timestamp": 1778802078.0847087
  },
  "UK100": {
    "bid": 10392.15,
    "ask": 10392.87,
    "spread": 0.72,
    "spread_pct": 0.006928,
    "timestamp": 1778784739.8225543
  },
  "UKOIL": {
    "bid": 106.488,
    "ask": 106.526,
    "spread": 0.038,
    "spread_pct": 0.035678,
    "timestamp": 1778790392.8310153
  },
  "INTEL": {
    "bid": 116.42,
    "ask": 116.52,
    "spread": 0.1,
    "spread_pct": 0.085859,
    "timestamp": 1778784741.5946746
  },
  "JPN225": {
    "bid": 63090.35,
    "ask": 63100.15,
    "spread": 9.8,
    "spread_pct": 0.015532,
    "timestamp": 1778802078.4468467
  },
  "NZDUSD": {
    "bid": 0.59059,
    "ask": 0.59068,
    "spread": 9e-05,
    "spread_pct": 0.015238,
    "timestamp": 1778802073.133433
  },
  "NFLX": {
    "bid": 86.9,
    "ask": 87.03,
    "spread": 0.13,
    "spread_pct": 0.149485,
    "timestamp": 1778802078.2343652
  },
  "AMD": {
    "bid": 449.11,
    "ask": 449.56,
    "spread": 0.45,
    "spread_pct": 0.100148,
    "timestamp": 1778802078.295961
  },
  "GER30": {
    "bid": 24411.98,
    "ask": 24413.24,
    "spread": 1.26,
    "spread_pct": 0.005161,
    "timestamp": 1778784741.0223985
  },
  "XAGUSD": {
    "bid": 83.384,
    "ask": 83.486,
    "spread": 0.102,
    "spread_pct": 0.122251,
    "timestamp": 1778802078.0849159
  },
  "PLTR": {
    "bid": 133.63,
    "ask": 133.76,
    "spread": 0.13,
    "spread_pct": 0.097236,
    "timestamp": 1778802078.2691143
  },
  "GOOG": {
    "bid": 399.93,
    "ask": 400.37,
    "spread": 0.44,
    "spread_pct": 0.109959,
    "timestamp": 1778784739.2200098
  },
  "NGAS": {
    "bid": 2.9175,
    "ask": 2.9303,
    "spread": 0.0128,
    "spread_pct": 0.437771,
    "timestamp": 1778802074.6978016
  },
  "SP500": {
    "bid": 7524.28,
    "ask": 7524.62,
    "spread": 0.34,
    "spread_pct": 0.004519,
    "timestamp": 1778802078.3594124
  },
  "EURUSD": {
    "bid": 1.16624,
    "ask": 1.16635,
    "spread": 0.00011,
    "spread_pct": 0.009432,
    "timestamp": 1778802074.8875518
  },
  "NVIDIA": {
    "bid": 235.8,
    "ask": 236.12,
    "spread": 0.32,
    "spread_pct": 0.135616,
    "timestamp": 1778784740.8841429
  },
  "USOIL": {
    "bid": 96.46,
    "ask": 98.3,
    "spread": 1.84,
    "spread_pct": 1.889505,
    "timestamp": 1778798631.221954
  },
  "TSLA": {
    "bid": 442.8,
    "ask": 443.33,
    "spread": 0.53,
    "spread_pct": 0.119621,
    "timestamp": 1778802078.2231395
  },
  "AMZN": {
    "bid": 267.26,
    "ask": 267.53,
    "spread": 0.27,
    "spread_pct": 0.100974,
    "timestamp": 1778802078.1251564
  },
  "GBPUSD": {
    "bid": 1.3393,
    "ask": 1.33941,
    "spread": 0.00011,
    "spread_pct": 0.008213,
    "timestamp": 1778802078.0848281
  },
  "AUDUSD": {
    "bid": 0.72203,
    "ask": 0.72215,
    "spread": 0.00012,
    "spread_pct": 0.016618,
    "timestamp": 1778802074.5268147
  },
  "TSM": {
    "bid": 418.9,
    "ask": 419.32,
    "spread": 0.42,
    "spread_pct": 0.100212,
    "timestamp": 1778802078.1268659
  },
  "MSTR": {
    "bid": 186.37,
    "ask": 186.56,
    "spread": 0.19,
    "spread_pct": 0.101896,
    "timestamp": 1778802078.269004
  },
  "XPTUSD": {
    "bid": 2056.62,
    "ask": 2066.73,
    "spread": 10.11,
    "spread_pct": 0.490378,
    "timestamp": 1778802078.1719606
  },
  "COST": {
    "bid": 1040.36,
    "ask": 1041.79,
    "spread": 1.43,
    "spread_pct": 0.137358,
    "timestamp": 1778802078.189739
  },
  "XALUSD": {
    "bid": 3638.33,
    "ask": 3653.57,
    "spread": 15.24,
    "spread_pct": 0.417998,
    "timestamp": 1778777570.373426
  },
  "XPDUSD": {
    "bid": 1439.76,
    "ask": 1447.16,
    "spread": 7.4,
    "spread_pct": 0.512657,
    "timestamp": 1778802078.1717668
  }
}