{
  "AAPL": {
    "bid": 279.38,
    "ask": 279.66,
    "spread": 0.28,
    "spread_pct": 0.100172,
    "timestamp": 1777899528.1738799
  },
  "COPPER": {
    "bid": 593.14,
    "ask": 593.56,
    "spread": 0.42,
    "spread_pct": 0.070785,
    "timestamp": 1777899527.409308
  },
  "META": {
    "bid": 608.36,
    "ask": 608.97,
    "spread": 0.61,
    "spread_pct": 0.100219,
    "timestamp": 1777899528.1659164
  },
  "MSFT": {
    "bid": 413.21,
    "ask": 413.62,
    "spread": 0.41,
    "spread_pct": 0.099174,
    "timestamp": 1777899528.330087
  },
  "ORCL": {
    "bid": 177.23,
    "ask": 177.41,
    "spread": 0.18,
    "spread_pct": 0.101511,
    "timestamp": 1777899528.195398
  },
  "DJ30": {
    "bid": 49515.49,
    "ask": 49516.51,
    "spread": 1.02,
    "spread_pct": 0.00206,
    "timestamp": 1777899527.1642044
  },
  "TECH100": {
    "bid": 27861.53,
    "ask": 27861.97,
    "spread": 0.44,
    "spread_pct": 0.001579,
    "timestamp": 1777899528.4678025
  },
  "XAUUSD": {
    "bid": 4571.06,
    "ask": 4571.26,
    "spread": 0.2,
    "spread_pct": 0.004375,
    "timestamp": 1777899528.166534
  },
  "UK100": {
    "bid": 10381.58,
    "ask": 10382.42,
    "spread": 0.84,
    "spread_pct": 0.008091,
    "timestamp": 1777662373.31854
  },
  "UKOIL": {
    "bid": 110.005,
    "ask": 110.035,
    "spread": 0.03,
    "spread_pct": 0.027268,
    "timestamp": 1777899528.5306315
  },
  "INTEL": {
    "bid": 99.18,
    "ask": 99.28,
    "spread": 0.1,
    "spread_pct": 0.100776,
    "timestamp": 1777662375.1315198
  },
  "JPN225": {
    "bid": 59846.04,
    "ask": 59853.96,
    "spread": 7.92,
    "spread_pct": 0.013233,
    "timestamp": 1777899526.3450499
  },
  "NZDUSD": {
    "bid": 0.5893,
    "ask": 0.58939,
    "spread": 9e-05,
    "spread_pct": 0.015271,
    "timestamp": 1777899528.6582904
  },
  "NFLX": {
    "bid": 92.05,
    "ask": 92.31,
    "spread": 0.26,
    "spread_pct": 0.282057,
    "timestamp": 1777899528.2267418
  },
  "AMD": {
    "bid": 358.11,
    "ask": 358.47,
    "spread": 0.36,
    "spread_pct": 0.100477,
    "timestamp": 1777899528.2372694
  },
  "GER30": {
    "bid": 24373.4,
    "ask": 24374.6,
    "spread": 1.2,
    "spread_pct": 0.004923,
    "timestamp": 1777899528.3297842
  },
  "XAGUSD": {
    "bid": 73.887,
    "ask": 73.99,
    "spread": 0.103,
    "spread_pct": 0.139305,
    "timestamp": 1777899528.5307615
  },
  "PLTR": {
    "bid": 147.29,
    "ask": 147.44,
    "spread": 0.15,
    "spread_pct": 0.101788,
    "timestamp": 1777899528.1203585
  },
  "GOOG": {
    "bid": 384.41,
    "ask": 384.81,
    "spread": 0.4,
    "spread_pct": 0.104001,
    "timestamp": 1777662374.3601058
  },
  "NGAS": {
    "bid": 2.7952,
    "ask": 2.8078,
    "spread": 0.0126,
    "spread_pct": 0.449759,
    "timestamp": 1777899528.381761
  },
  "SP500": {
    "bid": 7253.2,
    "ask": 7253.55,
    "spread": 0.35,
    "spread_pct": 0.004825,
    "timestamp": 1777899528.8063445
  },
  "EURUSD": {
    "bid": 1.17104,
    "ask": 1.17113,
    "spread": 9e-05,
    "spread_pct": 0.007685,
    "timestamp": 1777899528.0669355
  },
  "NVIDIA": {
    "bid": 198.35,
    "ask": 198.71,
    "spread": 0.36,
    "spread_pct": 0.181333,
    "timestamp": 1777662374.2304685
  },
  "USOIL": {
    "bid": 102.255,
    "ask": 102.295,
    "spread": 0.04,
    "spread_pct": 0.03911,
    "timestamp": 1777899528.6583736
  },
  "TSLA": {
    "bid": 390.27,
    "ask": 390.74,
    "spread": 0.47,
    "spread_pct": 0.120357,
    "timestamp": 1777899528.260361
  },
  "AMZN": {
    "bid": 269.38,
    "ask": 269.65,
    "spread": 0.27,
    "spread_pct": 0.10018,
    "timestamp": 1777899528.1643047
  },
  "GBPUSD": {
    "bid": 1.35582,
    "ask": 1.35594,
    "spread": 0.00012,
    "spread_pct": 0.00885,
    "timestamp": 1777899527.409143
  },
  "AUDUSD": {
    "bid": 0.71897,
    "ask": 0.71906,
    "spread": 9e-05,
    "spread_pct": 0.012517,
    "timestamp": 1777899526.0231056
  },
  "TSM": {
    "bid": 403.78,
    "ask": 404.18,
    "spread": 0.4,
    "spread_pct": 0.099015,
    "timestamp": 1777899528.3300033
  },
  "MSTR": {
    "bid": 181.56,
    "ask": 181.74,
    "spread": 0.18,
    "spread_pct": 0.099092,
    "timestamp": 1777899528.2090366
  },
  "XPTUSD": {
    "bid": 1968.67,
    "ask": 1978.95,
    "spread": 10.28,
    "spread_pct": 0.52082,
    "timestamp": 1777899528.8482769
  },
  "COST": {
    "bid": 1008.63,
    "ask": 1010.86,
    "spread": 2.23,
    "spread_pct": 0.220848,
    "timestamp": 1777899528.290103
  },
  "XALUSD": {
    "bid": 3502.44,
    "ask": 3517.91,
    "spread": 15.47,
    "spread_pct": 0.440719,
    "timestamp": 1777658171.7225325
  },
  "XPDUSD": {
    "bid": 1488.39,
    "ask": 1495.66,
    "spread": 7.27,
    "spread_pct": 0.487257,
    "timestamp": 1777899522.330624
  }
}