{
  "AAPL": {
    "bid": 294.44,
    "ask": 294.73,
    "spread": 0.29,
    "spread_pct": 0.098444,
    "timestamp": 1778631368.2589643
  },
  "COPPER": {
    "bid": 665.93,
    "ask": 666.33,
    "spread": 0.4,
    "spread_pct": 0.060048,
    "timestamp": 1778631366.943428
  },
  "META": {
    "bid": 602.01,
    "ask": 602.61,
    "spread": 0.6,
    "spread_pct": 0.099616,
    "timestamp": 1778631368.1561244
  },
  "MSFT": {
    "bid": 407.9,
    "ask": 408.31,
    "spread": 0.41,
    "spread_pct": 0.100464,
    "timestamp": 1778631368.1785557
  },
  "ORCL": {
    "bid": 185.88,
    "ask": 186.25,
    "spread": 0.37,
    "spread_pct": 0.198855,
    "timestamp": 1778631368.1216652
  },
  "DJ30": {
    "bid": 49824.43,
    "ask": 49825.57,
    "spread": 1.14,
    "spread_pct": 0.002288,
    "timestamp": 1778631368.283935
  },
  "TECH100": {
    "bid": 29094.44,
    "ask": 29094.9,
    "spread": 0.46,
    "spread_pct": 0.001581,
    "timestamp": 1778631368.2495892
  },
  "XAUUSD": {
    "bid": 4721.8,
    "ask": 4722.0,
    "spread": 0.2,
    "spread_pct": 0.004236,
    "timestamp": 1778631367.4266055
  },
  "UK100": {
    "bid": 10272.15,
    "ask": 10272.85,
    "spread": 0.7,
    "spread_pct": 0.006814,
    "timestamp": 1778631367.7169552
  },
  "UKOIL": {
    "bid": 107.416,
    "ask": 107.454,
    "spread": 0.038,
    "spread_pct": 0.03537,
    "timestamp": 1778631365.5641763
  },
  "INTEL": {
    "bid": 119.22,
    "ask": 119.34,
    "spread": 0.12,
    "spread_pct": 0.100604,
    "timestamp": 1778613498.5928645
  },
  "JPN225": {
    "bid": 62465.57,
    "ask": 62474.43,
    "spread": 8.86,
    "spread_pct": 0.014183,
    "timestamp": 1778631368.0761375
  },
  "NZDUSD": {
    "bid": 0.59509,
    "ask": 0.59521,
    "spread": 0.00012,
    "spread_pct": 0.020163,
    "timestamp": 1778631367.8257515
  },
  "NFLX": {
    "bid": 87.6,
    "ask": 87.73,
    "spread": 0.13,
    "spread_pct": 0.148292,
    "timestamp": 1778631368.3181982
  },
  "AMD": {
    "bid": 444.85,
    "ask": 445.3,
    "spread": 0.45,
    "spread_pct": 0.101107,
    "timestamp": 1778631368.2080548
  },
  "GER30": {
    "bid": 24063.48,
    "ask": 24064.72,
    "spread": 1.24,
    "spread_pct": 0.005153,
    "timestamp": 1778631367.7171078
  },
  "XAGUSD": {
    "bid": 87.257,
    "ask": 87.36,
    "spread": 0.103,
    "spread_pct": 0.117972,
    "timestamp": 1778631368.2493703
  },
  "PLTR": {
    "bid": 136.3,
    "ask": 136.44,
    "spread": 0.14,
    "spread_pct": 0.102662,
    "timestamp": 1778631368.0846953
  },
  "GOOG": {
    "bid": 385.32,
    "ask": 385.72,
    "spread": 0.4,
    "spread_pct": 0.103756,
    "timestamp": 1778613498.329054
  },
  "NGAS": {
    "bid": 2.8187,
    "ask": 2.8313,
    "spread": 0.0126,
    "spread_pct": 0.446018,
    "timestamp": 1778631364.5113263
  },
  "SP500": {
    "bid": 7413.7,
    "ask": 7414.05,
    "spread": 0.35,
    "spread_pct": 0.004721,
    "timestamp": 1778631367.523694
  },
  "EURUSD": {
    "bid": 1.17336,
    "ask": 1.17345,
    "spread": 9e-05,
    "spread_pct": 0.00767,
    "timestamp": 1778631367.2626128
  },
  "NVIDIA": {
    "bid": 220.74,
    "ask": 221.07,
    "spread": 0.33,
    "spread_pct": 0.149385,
    "timestamp": 1778613498.4447348
  },
  "USOIL": {
    "bid": 98.084,
    "ask": 98.122,
    "spread": 0.038,
    "spread_pct": 0.038735,
    "timestamp": 1778631367.8717535
  },
  "TSLA": {
    "bid": 429.21,
    "ask": 429.73,
    "spread": 0.52,
    "spread_pct": 0.121079,
    "timestamp": 1778631368.1781354
  },
  "AMZN": {
    "bid": 266.91,
    "ask": 267.18,
    "spread": 0.27,
    "spread_pct": 0.101107,
    "timestamp": 1778631368.2384274
  },
  "GBPUSD": {
    "bid": 1.35315,
    "ask": 1.35325,
    "spread": 0.0001,
    "spread_pct": 0.00739,
    "timestamp": 1778631367.8718498
  },
  "AUDUSD": {
    "bid": 0.72353,
    "ask": 0.72363,
    "spread": 0.0001,
    "spread_pct": 0.01382,
    "timestamp": 1778631368.2494733
  },
  "TSM": {
    "bid": 395.72,
    "ask": 396.12,
    "spread": 0.4,
    "spread_pct": 0.101031,
    "timestamp": 1778631368.0866578
  },
  "MSTR": {
    "bid": 183.91,
    "ask": 184.09,
    "spread": 0.18,
    "spread_pct": 0.097826,
    "timestamp": 1778631368.178676
  },
  "XPTUSD": {
    "bid": 2119.42,
    "ask": 2129.38,
    "spread": 9.96,
    "spread_pct": 0.468838,
    "timestamp": 1778631367.6322317
  },
  "COST": {
    "bid": 1016.45,
    "ask": 1018.9,
    "spread": 2.45,
    "spread_pct": 0.240745,
    "timestamp": 1778631368.1163704
  },
  "XALUSD": {
    "bid": 3575.69,
    "ask": 3591.11,
    "spread": 15.42,
    "spread_pct": 0.430318,
    "timestamp": 1778631350.205662
  },
  "XPDUSD": {
    "bid": 1492.6,
    "ask": 1499.9,
    "spread": 7.3,
    "spread_pct": 0.487886,
    "timestamp": 1778631367.124179
  }
}