{
  "AAPL": {
    "bid": 293.8,
    "ask": 294.09,
    "spread": 0.29,
    "spread_pct": 0.098658,
    "timestamp": 1778645764.2598698
  },
  "COPPER": {
    "bid": 663.91,
    "ask": 664.29,
    "spread": 0.38,
    "spread_pct": 0.05722,
    "timestamp": 1778645764.2515743
  },
  "META": {
    "bid": 603.75,
    "ask": 604.35,
    "spread": 0.6,
    "spread_pct": 0.09933,
    "timestamp": 1778645764.1548176
  },
  "MSFT": {
    "bid": 408.25,
    "ask": 408.66,
    "spread": 0.41,
    "spread_pct": 0.100378,
    "timestamp": 1778645764.1407454
  },
  "ORCL": {
    "bid": 188.22,
    "ask": 188.41,
    "spread": 0.19,
    "spread_pct": 0.100895,
    "timestamp": 1778645764.1549006
  },
  "DJ30": {
    "bid": 49860.4,
    "ask": 49861.6,
    "spread": 1.2,
    "spread_pct": 0.002407,
    "timestamp": 1778645759.635155
  },
  "TECH100": {
    "bid": 29264.61,
    "ask": 29265.05,
    "spread": 0.44,
    "spread_pct": 0.001504,
    "timestamp": 1778645764.1691325
  },
  "XAUUSD": {
    "bid": 4698.64,
    "ask": 4698.84,
    "spread": 0.2,
    "spread_pct": 0.004256,
    "timestamp": 1778645764.0856497
  },
  "UK100": {
    "bid": 10310.64,
    "ask": 10311.36,
    "spread": 0.72,
    "spread_pct": 0.006983,
    "timestamp": 1778645763.5685055
  },
  "UKOIL": {
    "bid": 106.49,
    "ask": 106.52,
    "spread": 0.03,
    "spread_pct": 0.028168,
    "timestamp": 1778645760.382796
  },
  "INTEL": {
    "bid": 119.22,
    "ask": 119.34,
    "spread": 0.12,
    "spread_pct": 0.100604,
    "timestamp": 1778613498.5928645
  },
  "JPN225": {
    "bid": 63157.84,
    "ask": 63167.16,
    "spread": 9.32,
    "spread_pct": 0.014756,
    "timestamp": 1778645763.6888838
  },
  "NZDUSD": {
    "bid": 0.5941,
    "ask": 0.59422,
    "spread": 0.00012,
    "spread_pct": 0.020197,
    "timestamp": 1778645762.9988647
  },
  "NFLX": {
    "bid": 87.66,
    "ask": 87.79,
    "spread": 0.13,
    "spread_pct": 0.14819,
    "timestamp": 1778645764.3234818
  },
  "AMD": {
    "bid": 453.73,
    "ask": 454.18,
    "spread": 0.45,
    "spread_pct": 0.099129,
    "timestamp": 1778645764.271734
  },
  "GER30": {
    "bid": 24142.26,
    "ask": 24143.54,
    "spread": 1.28,
    "spread_pct": 0.005302,
    "timestamp": 1778645762.9986823
  },
  "XAGUSD": {
    "bid": 86.635,
    "ask": 86.736,
    "spread": 0.101,
    "spread_pct": 0.116513,
    "timestamp": 1778645764.1690311
  },
  "PLTR": {
    "bid": 136.88,
    "ask": 137.02,
    "spread": 0.14,
    "spread_pct": 0.102227,
    "timestamp": 1778645764.3720694
  },
  "GOOG": {
    "bid": 385.32,
    "ask": 385.72,
    "spread": 0.4,
    "spread_pct": 0.103756,
    "timestamp": 1778613498.329054
  },
  "NGAS": {
    "bid": 2.8199,
    "ask": 2.8331,
    "spread": 0.0132,
    "spread_pct": 0.467009,
    "timestamp": 1778645753.4905205
  },
  "SP500": {
    "bid": 7434.71,
    "ask": 7435.04,
    "spread": 0.33,
    "spread_pct": 0.004439,
    "timestamp": 1778645763.3835928
  },
  "EURUSD": {
    "bid": 1.17345,
    "ask": 1.17357,
    "spread": 0.00012,
    "spread_pct": 0.010226,
    "timestamp": 1778645764.2516756
  },
  "NVIDIA": {
    "bid": 220.74,
    "ask": 221.07,
    "spread": 0.33,
    "spread_pct": 0.149385,
    "timestamp": 1778613498.4447348
  },
  "USOIL": {
    "bid": 96.21,
    "ask": 98.09,
    "spread": 1.88,
    "spread_pct": 1.935152,
    "timestamp": 1778645761.1324182
  },
  "TSLA": {
    "bid": 435.05,
    "ask": 435.57,
    "spread": 0.52,
    "spread_pct": 0.119455,
    "timestamp": 1778645764.3379972
  },
  "AMZN": {
    "bid": 267.17,
    "ask": 267.44,
    "spread": 0.27,
    "spread_pct": 0.101008,
    "timestamp": 1778645764.1855326
  },
  "GBPUSD": {
    "bid": 1.3535,
    "ask": 1.35361,
    "spread": 0.00011,
    "spread_pct": 0.008127,
    "timestamp": 1778645764.3721974
  },
  "AUDUSD": {
    "bid": 0.72335,
    "ask": 0.72344,
    "spread": 9e-05,
    "spread_pct": 0.012441,
    "timestamp": 1778645763.6889544
  },
  "TSM": {
    "bid": 396.96,
    "ask": 397.36,
    "spread": 0.4,
    "spread_pct": 0.100715,
    "timestamp": 1778645764.2718236
  },
  "MSTR": {
    "bid": 186.62,
    "ask": 186.81,
    "spread": 0.19,
    "spread_pct": 0.101759,
    "timestamp": 1778645764.1692605
  },
  "XPTUSD": {
    "bid": 2103.07,
    "ask": 2113.13,
    "spread": 10.06,
    "spread_pct": 0.477207,
    "timestamp": 1778645738.835089
  },
  "COST": {
    "bid": 1016.29,
    "ask": 1017.31,
    "spread": 1.02,
    "spread_pct": 0.100315,
    "timestamp": 1778645764.169202
  },
  "XALUSD": {
    "bid": 3575.69,
    "ask": 3591.11,
    "spread": 15.42,
    "spread_pct": 0.430318,
    "timestamp": 1778631350.205662
  },
  "XPDUSD": {
    "bid": 1488.41,
    "ask": 1495.69,
    "spread": 7.28,
    "spread_pct": 0.487919,
    "timestamp": 1778645764.154038
  }
}