{
  "AAPL": {
    "bid": 282.86,
    "ask": 283.14,
    "spread": 0.28,
    "spread_pct": 0.09894,
    "timestamp": 1778066244.1276531
  },
  "COPPER": {
    "bid": 619.65,
    "ask": 620.05,
    "spread": 0.4,
    "spread_pct": 0.064532,
    "timestamp": 1778066240.8996391
  },
  "META": {
    "bid": 608.73,
    "ask": 609.34,
    "spread": 0.61,
    "spread_pct": 0.100158,
    "timestamp": 1778066244.099669
  },
  "MSFT": {
    "bid": 412.64,
    "ask": 413.05,
    "spread": 0.41,
    "spread_pct": 0.099311,
    "timestamp": 1778066244.265449
  },
  "ORCL": {
    "bid": 189.25,
    "ask": 189.44,
    "spread": 0.19,
    "spread_pct": 0.100346,
    "timestamp": 1778066244.1343162
  },
  "DJ30": {
    "bid": 50020.42,
    "ask": 50021.58,
    "spread": 1.16,
    "spread_pct": 0.002319,
    "timestamp": 1778066244.190647
  },
  "TECH100": {
    "bid": 28622.89,
    "ask": 28623.36,
    "spread": 0.47,
    "spread_pct": 0.001642,
    "timestamp": 1778066244.1345973
  },
  "XAUUSD": {
    "bid": 4711.14,
    "ask": 4711.36,
    "spread": 0.22,
    "spread_pct": 0.00467,
    "timestamp": 1778066236.8842337
  },
  "UK100": {
    "bid": 10470.63,
    "ask": 10471.37,
    "spread": 0.74,
    "spread_pct": 0.007067,
    "timestamp": 1778066244.439734
  },
  "UKOIL": {
    "bid": 97.957,
    "ask": 97.993,
    "spread": 0.036,
    "spread_pct": 0.036744,
    "timestamp": 1778066244.3729193
  },
  "INTEL": {
    "bid": 107.71,
    "ask": 107.87,
    "spread": 0.16,
    "spread_pct": 0.148437,
    "timestamp": 1778010945.2909675
  },
  "JPN225": {
    "bid": 62322.73,
    "ask": 62332.27,
    "spread": 9.54,
    "spread_pct": 0.015306,
    "timestamp": 1778066244.4398313
  },
  "NZDUSD": {
    "bid": 0.59769,
    "ask": 0.59779,
    "spread": 0.0001,
    "spread_pct": 0.01673,
    "timestamp": 1778066243.454873
  },
  "NFLX": {
    "bid": 87.72,
    "ask": 87.85,
    "spread": 0.13,
    "spread_pct": 0.148089,
    "timestamp": 1778066244.1281939
  },
  "AMD": {
    "bid": 429.09,
    "ask": 429.52,
    "spread": 0.43,
    "spread_pct": 0.100162,
    "timestamp": 1778066244.2650611
  },
  "GER30": {
    "bid": 25212.9,
    "ask": 25214.1,
    "spread": 1.2,
    "spread_pct": 0.004759,
    "timestamp": 1778066244.2591271
  },
  "XAGUSD": {
    "bid": 77.495,
    "ask": 77.598,
    "spread": 0.103,
    "spread_pct": 0.132824,
    "timestamp": 1778066244.1345448
  },
  "PLTR": {
    "bid": 135.48,
    "ask": 135.62,
    "spread": 0.14,
    "spread_pct": 0.103283,
    "timestamp": 1778066244.3203614
  },
  "GOOG": {
    "bid": 387.82,
    "ask": 388.24,
    "spread": 0.42,
    "spread_pct": 0.108239,
    "timestamp": 1778010945.2905567
  },
  "NGAS": {
    "bid": 2.7049,
    "ask": 2.7181,
    "spread": 0.0132,
    "spread_pct": 0.486815,
    "timestamp": 1778066244.3737123
  },
  "SP500": {
    "bid": 7362.21,
    "ask": 7362.54,
    "spread": 0.33,
    "spread_pct": 0.004482,
    "timestamp": 1778066243.5310633
  },
  "EURUSD": {
    "bid": 1.17856,
    "ask": 1.17865,
    "spread": 9e-05,
    "spread_pct": 0.007636,
    "timestamp": 1778066243.8585477
  },
  "NVIDIA": {
    "bid": 196.06,
    "ask": 196.37,
    "spread": 0.31,
    "spread_pct": 0.15799,
    "timestamp": 1778010945.290079
  },
  "USOIL": {
    "bid": 89.55,
    "ask": 91.41,
    "spread": 1.86,
    "spread_pct": 2.055703,
    "timestamp": 1778066244.1344874
  },
  "TSLA": {
    "bid": 392.11,
    "ask": 392.58,
    "spread": 0.47,
    "spread_pct": 0.119793,
    "timestamp": 1778066244.3019426
  },
  "AMZN": {
    "bid": 276.79,
    "ask": 277.07,
    "spread": 0.28,
    "spread_pct": 0.101109,
    "timestamp": 1778066244.3294778
  },
  "GBPUSD": {
    "bid": 1.36332,
    "ask": 1.36341,
    "spread": 9e-05,
    "spread_pct": 0.006601,
    "timestamp": 1778066243.7090883
  },
  "AUDUSD": {
    "bid": 0.72606,
    "ask": 0.72614,
    "spread": 8e-05,
    "spread_pct": 0.011018,
    "timestamp": 1778066244.1344237
  },
  "TSM": {
    "bid": 404.97,
    "ask": 405.38,
    "spread": 0.41,
    "spread_pct": 0.101191,
    "timestamp": 1778066244.1805835
  },
  "MSTR": {
    "bid": 190.56,
    "ask": 190.75,
    "spread": 0.19,
    "spread_pct": 0.099656,
    "timestamp": 1778066244.2022414
  },
  "XPTUSD": {
    "bid": 2036.19,
    "ask": 2046.03,
    "spread": 9.84,
    "spread_pct": 0.482091,
    "timestamp": 1778066243.53123
  },
  "COST": {
    "bid": 1008.38,
    "ask": 1009.92,
    "spread": 1.54,
    "spread_pct": 0.152604,
    "timestamp": 1778066244.3204544
  },
  "XALUSD": {
    "bid": 3533.52,
    "ask": 3548.78,
    "spread": 15.26,
    "spread_pct": 0.430933,
    "timestamp": 1778066233.619496
  },
  "XPDUSD": {
    "bid": 1543.99,
    "ask": 1551.31,
    "spread": 7.32,
    "spread_pct": 0.472975,
    "timestamp": 1778066233.8108938
  }
}