{
  "AAPL": {
    "bid": 272.25,
    "ask": 272.52,
    "spread": 0.27,
    "spread_pct": 0.099124,
    "timestamp": 1777559550.0987568
  },
  "COPPER": {
    "bid": 596.1,
    "ask": 596.5,
    "spread": 0.4,
    "spread_pct": 0.06708,
    "timestamp": 1777559550.594495
  },
  "META": {
    "bid": 603.77,
    "ask": 604.59,
    "spread": 0.82,
    "spread_pct": 0.135721,
    "timestamp": 1777559550.35026
  },
  "MSFT": {
    "bid": 402.36,
    "ask": 402.5,
    "spread": 0.14,
    "spread_pct": 0.034789,
    "timestamp": 1777559550.7999916
  },
  "ORCL": {
    "bid": 161.82,
    "ask": 161.98,
    "spread": 0.16,
    "spread_pct": 0.098826,
    "timestamp": 1777559550.2414415
  },
  "DJ30": {
    "bid": 49603.86,
    "ask": 49605.14,
    "spread": 1.28,
    "spread_pct": 0.00258,
    "timestamp": 1777559550.2998421
  },
  "TECH100": {
    "bid": 27269.67,
    "ask": 27270.08,
    "spread": 0.41,
    "spread_pct": 0.001503,
    "timestamp": 1777559550.350038
  },
  "XAUUSD": {
    "bid": 4617.69,
    "ask": 4617.89,
    "spread": 0.2,
    "spread_pct": 0.004331,
    "timestamp": 1777559550.228075
  },
  "UK100": {
    "bid": 10390.65,
    "ask": 10391.35,
    "spread": 0.7,
    "spread_pct": 0.006737,
    "timestamp": 1777559550.59469
  },
  "UKOIL": {
    "bid": 109.836,
    "ask": 109.874,
    "spread": 0.038,
    "spread_pct": 0.034591,
    "timestamp": 1777559550.2997472
  },
  "INTEL": {
    "bid": 92.6,
    "ask": 92.72,
    "spread": 0.12,
    "spread_pct": 0.129506,
    "timestamp": 1777559550.2284362
  },
  "JPN225": {
    "bid": 59518.44,
    "ask": 59526.56,
    "spread": 8.12,
    "spread_pct": 0.013642,
    "timestamp": 1777559549.4282858
  },
  "NZDUSD": {
    "bid": 0.58849,
    "ask": 0.58858,
    "spread": 9e-05,
    "spread_pct": 0.015292,
    "timestamp": 1777559550.717569
  },
  "NFLX": {
    "bid": 92.04,
    "ask": 93.1,
    "spread": 1.06,
    "spread_pct": 1.145079,
    "timestamp": 1777559550.358838
  },
  "AMD": {
    "bid": 343.42,
    "ask": 343.58,
    "spread": 0.16,
    "spread_pct": 0.046579,
    "timestamp": 1777559550.5374546
  },
  "GER30": {
    "bid": 24326.41,
    "ask": 24327.59,
    "spread": 1.18,
    "spread_pct": 0.004851,
    "timestamp": 1777559550.3501124
  },
  "XAGUSD": {
    "bid": 73.234,
    "ask": 73.334,
    "spread": 0.1,
    "spread_pct": 0.136455,
    "timestamp": 1777559550.2278404
  },
  "PLTR": {
    "bid": 138.51,
    "ask": 138.65,
    "spread": 0.14,
    "spread_pct": 0.101025,
    "timestamp": 1777559550.359396
  },
  "GOOG": {
    "bid": 368.84,
    "ask": 369.24,
    "spread": 0.4,
    "spread_pct": 0.108389,
    "timestamp": 1777559550.1004112
  },
  "NGAS": {
    "bid": 2.6891,
    "ask": 2.7019,
    "spread": 0.0128,
    "spread_pct": 0.474866,
    "timestamp": 1777559550.3488817
  },
  "SP500": {
    "bid": 7179.96,
    "ask": 7180.29,
    "spread": 0.33,
    "spread_pct": 0.004596,
    "timestamp": 1777559550.3499303
  },
  "EURUSD": {
    "bid": 1.17132,
    "ask": 1.17143,
    "spread": 0.00011,
    "spread_pct": 0.009391,
    "timestamp": 1777559550.2281806
  },
  "NVIDIA": {
    "bid": 200.73,
    "ask": 201.08,
    "spread": 0.35,
    "spread_pct": 0.174212,
    "timestamp": 1777559550.1002886
  },
  "USOIL": {
    "bid": 104.2,
    "ask": 106.02,
    "spread": 1.82,
    "spread_pct": 1.731519,
    "timestamp": 1777559550.3497994
  },
  "TSLA": {
    "bid": 372.2,
    "ask": 372.65,
    "spread": 0.45,
    "spread_pct": 0.12083,
    "timestamp": 1777559550.3370607
  },
  "AMZN": {
    "bid": 259.43,
    "ask": 259.69,
    "spread": 0.26,
    "spread_pct": 0.10017,
    "timestamp": 1777559550.2413256
  },
  "GBPUSD": {
    "bid": 1.35584,
    "ask": 1.35594,
    "spread": 0.0001,
    "spread_pct": 0.007375,
    "timestamp": 1777559550.2282882
  },
  "AUDUSD": {
    "bid": 0.71821,
    "ask": 0.7183,
    "spread": 9e-05,
    "spread_pct": 0.01253,
    "timestamp": 1777559550.717435
  },
  "TSM": {
    "bid": 388.76,
    "ask": 389.21,
    "spread": 0.45,
    "spread_pct": 0.115686,
    "timestamp": 1777559550.3591888
  },
  "MSTR": {
    "bid": 162.43,
    "ask": 162.59,
    "spread": 0.16,
    "spread_pct": 0.098455,
    "timestamp": 1777559550.2070308
  },
  "XPTUSD": {
    "bid": 1963.54,
    "ask": 1973.4,
    "spread": 9.86,
    "spread_pct": 0.500897,
    "timestamp": 1777559550.4301672
  },
  "COST": {
    "bid": 1015.26,
    "ask": 1015.82,
    "spread": 0.56,
    "spread_pct": 0.055143,
    "timestamp": 1777559550.430294
  },
  "XALUSD": {
    "bid": 3455.08,
    "ask": 3470.57,
    "spread": 15.49,
    "spread_pct": 0.447323,
    "timestamp": 1777559550.359316
  },
  "XPDUSD": {
    "bid": 1491.16,
    "ask": 1498.7,
    "spread": 7.54,
    "spread_pct": 0.504371,
    "timestamp": 1777559548.983151
  }
}