{
  "AAPL": {
    "bid": 285.03,
    "ask": 285.32,
    "spread": 0.29,
    "spread_pct": 0.101692,
    "timestamp": 1777650823.1939964
  },
  "COPPER": {
    "bid": 598.45,
    "ask": 598.85,
    "spread": 0.4,
    "spread_pct": 0.066817,
    "timestamp": 1777650822.4173706
  },
  "META": {
    "bid": 611.18,
    "ask": 611.79,
    "spread": 0.61,
    "spread_pct": 0.099757,
    "timestamp": 1777650823.2860227
  },
  "MSFT": {
    "bid": 415.88,
    "ask": 416.02,
    "spread": 0.14,
    "spread_pct": 0.033658,
    "timestamp": 1777650823.4451156
  },
  "ORCL": {
    "bid": 173.12,
    "ask": 173.29,
    "spread": 0.17,
    "spread_pct": 0.09815,
    "timestamp": 1777650823.3503664
  },
  "DJ30": {
    "bid": 49831.86,
    "ask": 49833.14,
    "spread": 1.28,
    "spread_pct": 0.002569,
    "timestamp": 1777650823.4450145
  },
  "TECH100": {
    "bid": 27867.16,
    "ask": 27867.59,
    "spread": 0.43,
    "spread_pct": 0.001543,
    "timestamp": 1777650823.2316034
  },
  "XAUUSD": {
    "bid": 4644.31,
    "ask": 4644.51,
    "spread": 0.2,
    "spread_pct": 0.004306,
    "timestamp": 1777650823.115622
  },
  "UK100": {
    "bid": 10381.5,
    "ask": 10385.5,
    "spread": 4.0,
    "spread_pct": 0.038523,
    "timestamp": 1777650823.4815388
  },
  "UKOIL": {
    "bid": 107.747,
    "ask": 107.783,
    "spread": 0.036,
    "spread_pct": 0.033406,
    "timestamp": 1777650823.3096383
  },
  "INTEL": {
    "bid": 98.93,
    "ask": 99.11,
    "spread": 0.18,
    "spread_pct": 0.181781,
    "timestamp": 1777650823.114254
  },
  "JPN225": {
    "bid": 59525.0,
    "ask": 59565.0,
    "spread": 40.0,
    "spread_pct": 0.067176,
    "timestamp": 1777650822.6146312
  },
  "NZDUSD": {
    "bid": 0.59192,
    "ask": 0.59203,
    "spread": 0.00011,
    "spread_pct": 0.018582,
    "timestamp": 1777650823.1856186
  },
  "NFLX": {
    "bid": 93.25,
    "ask": 94.29,
    "spread": 1.04,
    "spread_pct": 1.109097,
    "timestamp": 1777650823.5668485
  },
  "AMD": {
    "bid": 353.53,
    "ask": 353.71,
    "spread": 0.18,
    "spread_pct": 0.050902,
    "timestamp": 1777650823.5669792
  },
  "GER30": {
    "bid": 24426.99,
    "ask": 24428.01,
    "spread": 1.02,
    "spread_pct": 0.004176,
    "timestamp": 1777575685.1484106
  },
  "XAGUSD": {
    "bid": 76.037,
    "ask": 76.139,
    "spread": 0.102,
    "spread_pct": 0.134055,
    "timestamp": 1777650823.444917
  },
  "PLTR": {
    "bid": 143.93,
    "ask": 144.07,
    "spread": 0.14,
    "spread_pct": 0.097222,
    "timestamp": 1777650823.1557302
  },
  "GOOG": {
    "bid": 383.7,
    "ask": 384.1,
    "spread": 0.4,
    "spread_pct": 0.104194,
    "timestamp": 1777650822.6148152
  },
  "NGAS": {
    "bid": 2.7631,
    "ask": 2.7759,
    "spread": 0.0128,
    "spread_pct": 0.462177,
    "timestamp": 1777650823.1045394
  },
  "SP500": {
    "bid": 7284.7,
    "ask": 7285.05,
    "spread": 0.35,
    "spread_pct": 0.004804,
    "timestamp": 1777650822.5380976
  },
  "EURUSD": {
    "bid": 1.17599,
    "ask": 1.17609,
    "spread": 0.0001,
    "spread_pct": 0.008503,
    "timestamp": 1777650823.3614492
  },
  "NVIDIA": {
    "bid": 198.96,
    "ask": 199.26,
    "spread": 0.3,
    "spread_pct": 0.15067,
    "timestamp": 1777650823.3512135
  },
  "USOIL": {
    "bid": 101.172,
    "ask": 101.208,
    "spread": 0.036,
    "spread_pct": 0.035577,
    "timestamp": 1777650822.4325962
  },
  "TSLA": {
    "bid": 393.09,
    "ask": 393.63,
    "spread": 0.54,
    "spread_pct": 0.137279,
    "timestamp": 1777650823.3618975
  },
  "AMZN": {
    "bid": 269.88,
    "ask": 270.2,
    "spread": 0.32,
    "spread_pct": 0.118501,
    "timestamp": 1777650823.6871176
  },
  "GBPUSD": {
    "bid": 1.36241,
    "ask": 1.3625,
    "spread": 9e-05,
    "spread_pct": 0.006606,
    "timestamp": 1777650823.6872168
  },
  "AUDUSD": {
    "bid": 0.72205,
    "ask": 0.72217,
    "spread": 0.00012,
    "spread_pct": 0.016618,
    "timestamp": 1777650823.3097336
  },
  "TSM": {
    "bid": 397.41,
    "ask": 397.81,
    "spread": 0.4,
    "spread_pct": 0.100601,
    "timestamp": 1777650823.115542
  },
  "MSTR": {
    "bid": 175.85,
    "ask": 176.03,
    "spread": 0.18,
    "spread_pct": 0.102308,
    "timestamp": 1777650823.230477
  },
  "XPTUSD": {
    "bid": 1997.9,
    "ask": 2007.8,
    "spread": 9.9,
    "spread_pct": 0.494296,
    "timestamp": 1777650823.567061
  },
  "COST": {
    "bid": 1021.01,
    "ask": 1022.82,
    "spread": 1.81,
    "spread_pct": 0.177118,
    "timestamp": 1777650823.137052
  },
  "XALUSD": {
    "bid": 3513.53,
    "ask": 3529.03,
    "spread": 15.5,
    "spread_pct": 0.440181,
    "timestamp": 1777650816.9115746
  },
  "XPDUSD": {
    "bid": 1535.92,
    "ask": 1543.16,
    "spread": 7.24,
    "spread_pct": 0.47027,
    "timestamp": 1777650823.2308633
  }
}