{
  "AAPL": {
    "bid": 269.82,
    "ask": 270.0,
    "spread": 0.18,
    "spread_pct": 0.066689,
    "timestamp": 1777402555.240041
  },
  "COPPER": {
    "bid": 597.35,
    "ask": 597.75,
    "spread": 0.4,
    "spread_pct": 0.06694,
    "timestamp": 1777402555.5211864
  },
  "META": {
    "bid": 671.41,
    "ask": 672.21,
    "spread": 0.8,
    "spread_pct": 0.119081,
    "timestamp": 1777402555.141898
  },
  "MSFT": {
    "bid": 427.11,
    "ask": 427.23,
    "spread": 0.12,
    "spread_pct": 0.028092,
    "timestamp": 1777402555.4344442
  },
  "ORCL": {
    "bid": 166.46,
    "ask": 166.62,
    "spread": 0.16,
    "spread_pct": 0.096073,
    "timestamp": 1777402554.1626806
  },
  "DJ30": {
    "bid": 49288.35,
    "ask": 49289.65,
    "spread": 1.3,
    "spread_pct": 0.002638,
    "timestamp": 1777402555.4563274
  },
  "TECH100": {
    "bid": 27175.41,
    "ask": 27175.84,
    "spread": 0.43,
    "spread_pct": 0.001582,
    "timestamp": 1777402555.433597
  },
  "XAUUSD": {
    "bid": 4593.42,
    "ask": 4593.62,
    "spread": 0.2,
    "spread_pct": 0.004354,
    "timestamp": 1777402555.434243
  },
  "UK100": {
    "bid": 10311.5,
    "ask": 10315.5,
    "spread": 4.0,
    "spread_pct": 0.038784,
    "timestamp": 1777402554.1142027
  },
  "UKOIL": {
    "bid": 104.541,
    "ask": 104.579,
    "spread": 0.038,
    "spread_pct": 0.036343,
    "timestamp": 1777402555.455674
  },
  "INTEL": {
    "bid": 84.04,
    "ask": 84.14,
    "spread": 0.1,
    "spread_pct": 0.11892,
    "timestamp": 1777402555.5210788
  },
  "JPN225": {
    "bid": 59190.94,
    "ask": 59199.06,
    "spread": 8.12,
    "spread_pct": 0.013717,
    "timestamp": 1777402553.1396441
  },
  "NZDUSD": {
    "bid": 0.58844,
    "ask": 0.58855,
    "spread": 0.00011,
    "spread_pct": 0.018692,
    "timestamp": 1777402555.1969094
  },
  "NFLX": {
    "bid": 91.44,
    "ask": 92.52,
    "spread": 1.08,
    "spread_pct": 1.174168,
    "timestamp": 1777402554.2028255
  },
  "AMD": {
    "bid": 324.37,
    "ask": 324.51,
    "spread": 0.14,
    "spread_pct": 0.043151,
    "timestamp": 1777402555.682999
  },
  "GER30": {
    "bid": 24114.98,
    "ask": 24116.02,
    "spread": 1.04,
    "spread_pct": 0.004313,
    "timestamp": 1777402553.3227198
  },
  "XAGUSD": {
    "bid": 73.143,
    "ask": 73.247,
    "spread": 0.104,
    "spread_pct": 0.142086,
    "timestamp": 1777402555.520973
  },
  "PLTR": {
    "bid": 141.52,
    "ask": 141.7,
    "spread": 0.18,
    "spread_pct": 0.12711,
    "timestamp": 1777402555.5207434
  },
  "GOOG": {
    "bid": 349.47,
    "ask": 349.89,
    "spread": 0.42,
    "spread_pct": 0.12011,
    "timestamp": 1777402555.5450108
  },
  "NGAS": {
    "bid": 2.6763,
    "ask": 2.6887,
    "spread": 0.0124,
    "spread_pct": 0.462255,
    "timestamp": 1777402554.7709455
  },
  "SP500": {
    "bid": 7166.7,
    "ask": 7167.05,
    "spread": 0.35,
    "spread_pct": 0.004884,
    "timestamp": 1777402555.640512
  },
  "EURUSD": {
    "bid": 1.17112,
    "ask": 1.17123,
    "spread": 0.00011,
    "spread_pct": 0.009392,
    "timestamp": 1777402555.434363
  },
  "NVIDIA": {
    "bid": 213.5,
    "ask": 213.85,
    "spread": 0.35,
    "spread_pct": 0.1638,
    "timestamp": 1777402555.6406739
  },
  "USOIL": {
    "bid": 100.153,
    "ask": 100.187,
    "spread": 0.034,
    "spread_pct": 0.033942,
    "timestamp": 1777402554.2024474
  },
  "TSLA": {
    "bid": 377.41,
    "ask": 377.95,
    "spread": 0.54,
    "spread_pct": 0.142978,
    "timestamp": 1777402555.4564366
  },
  "AMZN": {
    "bid": 258.75,
    "ask": 259.07,
    "spread": 0.32,
    "spread_pct": 0.123595,
    "timestamp": 1777402555.3799934
  },
  "GBPUSD": {
    "bid": 1.35157,
    "ask": 1.35165,
    "spread": 8e-05,
    "spread_pct": 0.005919,
    "timestamp": 1777402555.5208654
  },
  "AUDUSD": {
    "bid": 0.7183,
    "ask": 0.71839,
    "spread": 9e-05,
    "spread_pct": 0.012529,
    "timestamp": 1777402555.2491007
  },
  "TSM": {
    "bid": 392.43,
    "ask": 392.9,
    "spread": 0.47,
    "spread_pct": 0.119695,
    "timestamp": 1777402555.1968126
  },
  "MSTR": {
    "bid": 166.07,
    "ask": 166.75,
    "spread": 0.68,
    "spread_pct": 0.408629,
    "timestamp": 1777402555.7611969
  },
  "XPTUSD": {
    "bid": 1945.85,
    "ask": 1955.97,
    "spread": 10.12,
    "spread_pct": 0.518732,
    "timestamp": 1777402555.6397266
  },
  "COST": {
    "bid": 988.45,
    "ask": 988.97,
    "spread": 0.52,
    "spread_pct": 0.052594,
    "timestamp": 1777402554.3323452
  },
  "XALUSD": {
    "bid": 3541.2,
    "ask": 3556.5,
    "spread": 15.3,
    "spread_pct": 0.431126,
    "timestamp": 1777390648.1311426
  },
  "XPDUSD": {
    "bid": 1462.58,
    "ask": 1469.82,
    "spread": 7.24,
    "spread_pct": 0.493793,
    "timestamp": 1777402546.676997
  }
}