{
  "AAPL": {
    "bid": 294.53,
    "ask": 294.82,
    "spread": 0.29,
    "spread_pct": 0.098414,
    "timestamp": 1778623754.1345909
  },
  "COPPER": {
    "bid": 663.94,
    "ask": 664.36,
    "spread": 0.42,
    "spread_pct": 0.063239,
    "timestamp": 1778623752.5383976
  },
  "META": {
    "bid": 602.33,
    "ask": 602.93,
    "spread": 0.6,
    "spread_pct": 0.099564,
    "timestamp": 1778623753.1655953
  },
  "MSFT": {
    "bid": 408.04,
    "ask": 408.45,
    "spread": 0.41,
    "spread_pct": 0.10043,
    "timestamp": 1778623754.134368
  },
  "ORCL": {
    "bid": 187.04,
    "ask": 187.38,
    "spread": 0.34,
    "spread_pct": 0.181614,
    "timestamp": 1778623753.1336105
  },
  "DJ30": {
    "bid": 49859.37,
    "ask": 49860.63,
    "spread": 1.26,
    "spread_pct": 0.002527,
    "timestamp": 1778623753.2655962
  },
  "TECH100": {
    "bid": 29163.53,
    "ask": 29163.93,
    "spread": 0.4,
    "spread_pct": 0.001372,
    "timestamp": 1778623753.3467093
  },
  "XAUUSD": {
    "bid": 4713.4,
    "ask": 4713.6,
    "spread": 0.2,
    "spread_pct": 0.004243,
    "timestamp": 1778623754.1555946
  },
  "UK100": {
    "bid": 10286.58,
    "ask": 10287.42,
    "spread": 0.84,
    "spread_pct": 0.008166,
    "timestamp": 1778613498.3962438
  },
  "UKOIL": {
    "bid": 107.402,
    "ask": 107.438,
    "spread": 0.036,
    "spread_pct": 0.033513,
    "timestamp": 1778619214.680406
  },
  "INTEL": {
    "bid": 119.22,
    "ask": 119.34,
    "spread": 0.12,
    "spread_pct": 0.100604,
    "timestamp": 1778613498.5928645
  },
  "JPN225": {
    "bid": 62488.21,
    "ask": 62496.79,
    "spread": 8.58,
    "spread_pct": 0.01373,
    "timestamp": 1778619216.8631847
  },
  "NZDUSD": {
    "bid": 0.59511,
    "ask": 0.5952,
    "spread": 9e-05,
    "spread_pct": 0.015122,
    "timestamp": 1778623753.729224
  },
  "NFLX": {
    "bid": 87.27,
    "ask": 87.4,
    "spread": 0.13,
    "spread_pct": 0.148852,
    "timestamp": 1778623754.203088
  },
  "AMD": {
    "bid": 450.12,
    "ask": 450.57,
    "spread": 0.45,
    "spread_pct": 0.099923,
    "timestamp": 1778623753.1651459
  },
  "GER30": {
    "bid": 24107.99,
    "ask": 24109.07,
    "spread": 1.08,
    "spread_pct": 0.00448,
    "timestamp": 1778613498.7007039
  },
  "XAGUSD": {
    "bid": 86.607,
    "ask": 86.709,
    "spread": 0.102,
    "spread_pct": 0.117704,
    "timestamp": 1778623753.1215987
  },
  "PLTR": {
    "bid": 137.74,
    "ask": 137.88,
    "spread": 0.14,
    "spread_pct": 0.101589,
    "timestamp": 1778623754.1344943
  },
  "GOOG": {
    "bid": 385.32,
    "ask": 385.72,
    "spread": 0.4,
    "spread_pct": 0.103756,
    "timestamp": 1778613498.329054
  },
  "NGAS": {
    "bid": 2.8208,
    "ask": 2.8332,
    "spread": 0.0124,
    "spread_pct": 0.438628,
    "timestamp": 1778623745.1289783
  },
  "SP500": {
    "bid": 7423.22,
    "ask": 7423.53,
    "spread": 0.31,
    "spread_pct": 0.004176,
    "timestamp": 1778623753.3369515
  },
  "EURUSD": {
    "bid": 1.1738,
    "ask": 1.17389,
    "spread": 9e-05,
    "spread_pct": 0.007667,
    "timestamp": 1778623750.4279578
  },
  "NVIDIA": {
    "bid": 220.74,
    "ask": 221.07,
    "spread": 0.33,
    "spread_pct": 0.149385,
    "timestamp": 1778613498.4447348
  },
  "USOIL": {
    "bid": 98.276,
    "ask": 98.31,
    "spread": 0.034,
    "spread_pct": 0.03459,
    "timestamp": 1778623753.1880152
  },
  "TSLA": {
    "bid": 432.84,
    "ask": 433.36,
    "spread": 0.52,
    "spread_pct": 0.120065,
    "timestamp": 1778623753.2097828
  },
  "AMZN": {
    "bid": 266.45,
    "ask": 266.72,
    "spread": 0.27,
    "spread_pct": 0.101281,
    "timestamp": 1778623753.3467996
  },
  "GBPUSD": {
    "bid": 1.35383,
    "ask": 1.35394,
    "spread": 0.00011,
    "spread_pct": 0.008125,
    "timestamp": 1778623754.1562994
  },
  "AUDUSD": {
    "bid": 0.72403,
    "ask": 0.72414,
    "spread": 0.00011,
    "spread_pct": 0.015192,
    "timestamp": 1778623754.1561596
  },
  "TSM": {
    "bid": 396.7,
    "ask": 397.1,
    "spread": 0.4,
    "spread_pct": 0.100781,
    "timestamp": 1778623753.2096655
  },
  "MSTR": {
    "bid": 184.67,
    "ask": 184.85,
    "spread": 0.18,
    "spread_pct": 0.097424,
    "timestamp": 1778623754.1800404
  },
  "XPTUSD": {
    "bid": 2128.06,
    "ask": 2138.24,
    "spread": 10.18,
    "spread_pct": 0.477229,
    "timestamp": 1778623743.733096
  },
  "COST": {
    "bid": 1018.18,
    "ask": 1021.15,
    "spread": 2.97,
    "spread_pct": 0.291272,
    "timestamp": 1778623754.1437232
  },
  "XALUSD": {
    "bid": 3557.03,
    "ask": 3572.27,
    "spread": 15.24,
    "spread_pct": 0.427531,
    "timestamp": 1778599401.8112879
  },
  "XPDUSD": {
    "bid": 1491.34,
    "ask": 1498.86,
    "spread": 7.52,
    "spread_pct": 0.502976,
    "timestamp": 1778623744.1790633
  }
}