{
  "AAPL": {
    "bid": 301.33,
    "ask": 301.49,
    "spread": 0.16,
    "spread_pct": 0.053084,
    "timestamp": 1778870975.2556634
  },
  "COPPER": {
    "bid": 658.63,
    "ask": 659.03,
    "spread": 0.4,
    "spread_pct": 0.060714,
    "timestamp": 1778745929.310647
  },
  "META": {
    "bid": 618.66,
    "ask": 619.28,
    "spread": 0.62,
    "spread_pct": 0.100166,
    "timestamp": 1778870976.1036136
  },
  "MSFT": {
    "bid": 425.95,
    "ask": 426.11,
    "spread": 0.16,
    "spread_pct": 0.037556,
    "timestamp": 1778870975.1888545
  },
  "ORCL": {
    "bid": 195.67,
    "ask": 195.87,
    "spread": 0.2,
    "spread_pct": 0.102161,
    "timestamp": 1778870975.3175235
  },
  "DJ30": {
    "bid": 49660.21,
    "ask": 49661.29,
    "spread": 1.08,
    "spread_pct": 0.002175,
    "timestamp": 1778870976.0942962
  },
  "TECH100": {
    "bid": 29368.54,
    "ask": 29373.97,
    "spread": 5.43,
    "spread_pct": 0.018487,
    "timestamp": 1778870975.3509524
  },
  "XAUUSD": {
    "bid": 4559.94,
    "ask": 4560.14,
    "spread": 0.2,
    "spread_pct": 0.004386,
    "timestamp": 1778870975.3531532
  },
  "UK100": {
    "bid": 10205.21,
    "ask": 10205.99,
    "spread": 0.78,
    "spread_pct": 0.007643,
    "timestamp": 1778870975.7984908
  },
  "UKOIL": {
    "bid": 109.338,
    "ask": 109.376,
    "spread": 0.038,
    "spread_pct": 0.034749,
    "timestamp": 1778870974.417592
  },
  "INTEL": {
    "bid": 109.49,
    "ask": 109.65,
    "spread": 0.16,
    "spread_pct": 0.146025,
    "timestamp": 1778870975.797753
  },
  "JPN225": {
    "bid": 61885.75,
    "ask": 61925.75,
    "spread": 40.0,
    "spread_pct": 0.064614,
    "timestamp": 1778870975.2550364
  },
  "NZDUSD": {
    "bid": 0.58409,
    "ask": 0.58421,
    "spread": 0.00012,
    "spread_pct": 0.020543,
    "timestamp": 1778870973.2984834
  },
  "NFLX": {
    "bid": 86.58,
    "ask": 87.62,
    "spread": 1.04,
    "spread_pct": 1.19403,
    "timestamp": 1778870976.0632095
  },
  "AMD": {
    "bid": 432.48,
    "ask": 432.91,
    "spread": 0.43,
    "spread_pct": 0.099377,
    "timestamp": 1778870975.3045702
  },
  "GER30": {
    "bid": 23954.91,
    "ask": 23956.15,
    "spread": 1.24,
    "spread_pct": 0.005176,
    "timestamp": 1778870975.3529613
  },
  "XAGUSD": {
    "bid": 76.898,
    "ask": 77.001,
    "spread": 0.103,
    "spread_pct": 0.133854,
    "timestamp": 1778870973.5233278
  },
  "PLTR": {
    "bid": 135.21,
    "ask": 135.35,
    "spread": 0.14,
    "spread_pct": 0.103489,
    "timestamp": 1778870975.2647002
  },
  "GOOG": {
    "bid": 395.93,
    "ask": 396.35,
    "spread": 0.42,
    "spread_pct": 0.106023,
    "timestamp": 1778870974.7875192
  },
  "NGAS": {
    "bid": 2.9598,
    "ask": 2.973,
    "spread": 0.0132,
    "spread_pct": 0.444984,
    "timestamp": 1778870968.1866627
  },
  "SP500": {
    "bid": 7450.3,
    "ask": 7450.62,
    "spread": 0.32,
    "spread_pct": 0.004295,
    "timestamp": 1778870976.0630984
  },
  "EURUSD": {
    "bid": 1.16209,
    "ask": 1.1622,
    "spread": 0.00011,
    "spread_pct": 0.009465,
    "timestamp": 1778870975.0813675
  },
  "NVIDIA": {
    "bid": 228.32,
    "ask": 228.66,
    "spread": 0.34,
    "spread_pct": 0.148803,
    "timestamp": 1778870975.3524938
  },
  "USOIL": {
    "bid": 100.18,
    "ask": 102.03,
    "spread": 1.85,
    "spread_pct": 1.829781,
    "timestamp": 1778870972.697164
  },
  "TSLA": {
    "bid": 426.13,
    "ask": 426.64,
    "spread": 0.51,
    "spread_pct": 0.11961,
    "timestamp": 1778870975.0973854
  },
  "AMZN": {
    "bid": 263.52,
    "ask": 263.86,
    "spread": 0.34,
    "spread_pct": 0.128939,
    "timestamp": 1778870975.1978028
  },
  "GBPUSD": {
    "bid": 1.3324,
    "ask": 1.33251,
    "spread": 0.00011,
    "spread_pct": 0.008255,
    "timestamp": 1778870975.0814967
  },
  "AUDUSD": {
    "bid": 0.71527,
    "ask": 0.71538,
    "spread": 0.00011,
    "spread_pct": 0.015378,
    "timestamp": 1778870974.1121867
  },
  "TSM": {
    "bid": 407.59,
    "ask": 408.0,
    "spread": 0.41,
    "spread_pct": 0.100541,
    "timestamp": 1778870975.272624
  },
  "MSTR": {
    "bid": 177.93,
    "ask": 178.65,
    "spread": 0.72,
    "spread_pct": 0.403836,
    "timestamp": 1778870975.480891
  },
  "XPTUSD": {
    "bid": 1982.82,
    "ask": 1993.08,
    "spread": 10.26,
    "spread_pct": 0.51611,
    "timestamp": 1778870970.6368935
  },
  "COST": {
    "bid": 1046.16,
    "ask": 1047.21,
    "spread": 1.05,
    "spread_pct": 0.100317,
    "timestamp": 1778870975.2000747
  },
  "XALUSD": {
    "bid": 3559.49,
    "ask": 3574.91,
    "spread": 15.42,
    "spread_pct": 0.432272,
    "timestamp": 1778864538.7208347
  },
  "XPDUSD": {
    "bid": 1416.89,
    "ask": 1424.19,
    "spread": 7.3,
    "spread_pct": 0.513889,
    "timestamp": 1778870974.4802465
  }
}