{
  "AAPL": {
    "bid": 273.61,
    "ask": 273.75,
    "spread": 0.14,
    "spread_pct": 0.051155,
    "timestamp": 1776973150.2095842
  },
  "COPPER": {
    "bid": 606.2,
    "ask": 606.6,
    "spread": 0.4,
    "spread_pct": 0.065963,
    "timestamp": 1777000940.2148077
  },
  "META": {
    "bid": 659.79,
    "ask": 660.61,
    "spread": 0.82,
    "spread_pct": 0.124205,
    "timestamp": 1776973151.2760155
  },
  "MSFT": {
    "bid": 415.82,
    "ask": 415.92,
    "spread": 0.1,
    "spread_pct": 0.024046,
    "timestamp": 1776973150.818721
  },
  "ORCL": {
    "bid": 175.42,
    "ask": 175.6,
    "spread": 0.18,
    "spread_pct": 0.102558,
    "timestamp": 1776973150.209661
  },
  "DJ30": {
    "bid": 49339.91,
    "ask": 49341.09,
    "spread": 1.18,
    "spread_pct": 0.002392,
    "timestamp": 1777000940.2461324
  },
  "TECH100": {
    "bid": 27057.52,
    "ask": 27057.98,
    "spread": 0.46,
    "spread_pct": 0.0017,
    "timestamp": 1777000940.1618743
  },
  "XAUUSD": {
    "bid": 4675.26,
    "ask": 4675.46,
    "spread": 0.2,
    "spread_pct": 0.004278,
    "timestamp": 1777000941.2790265
  },
  "UK100": {
    "bid": 10377.1,
    "ask": 10377.9,
    "spread": 0.8,
    "spread_pct": 0.007709,
    "timestamp": 1777000941.4049473
  },
  "UKOIL": {
    "bid": 99.636,
    "ask": 99.674,
    "spread": 0.038,
    "spread_pct": 0.038132,
    "timestamp": 1777000940.1053064
  },
  "INTEL": {
    "bid": 66.1,
    "ask": 66.22,
    "spread": 0.12,
    "spread_pct": 0.181378,
    "timestamp": 1776973151.209863
  },
  "JPN225": {
    "bid": 59403.19,
    "ask": 59411.81,
    "spread": 8.62,
    "spread_pct": 0.01451,
    "timestamp": 1777000940.1055245
  },
  "NZDUSD": {
    "bid": 0.58434,
    "ask": 0.58444,
    "spread": 0.0001,
    "spread_pct": 0.017112,
    "timestamp": 1777000940.4892452
  },
  "NFLX": {
    "bid": 92.56,
    "ask": 93.58,
    "spread": 1.02,
    "spread_pct": 1.095949,
    "timestamp": 1776973151.2760873
  },
  "AMD": {
    "bid": 303.35,
    "ask": 303.51,
    "spread": 0.16,
    "spread_pct": 0.05273,
    "timestamp": 1776973150.2097318
  },
  "GER30": {
    "bid": 24188.41,
    "ask": 24189.59,
    "spread": 1.18,
    "spread_pct": 0.004878,
    "timestamp": 1777000940.1053855
  },
  "XAGUSD": {
    "bid": 74.829,
    "ask": 74.931,
    "spread": 0.102,
    "spread_pct": 0.136218,
    "timestamp": 1777000941.2788713
  },
  "PLTR": {
    "bid": 141.54,
    "ask": 141.68,
    "spread": 0.14,
    "spread_pct": 0.098863,
    "timestamp": 1776973150.3746104
  },
  "GOOG": {
    "bid": 339.02,
    "ask": 339.46,
    "spread": 0.44,
    "spread_pct": 0.129702,
    "timestamp": 1776973151.204068
  },
  "NGAS": {
    "bid": 2.7213,
    "ask": 2.7337,
    "spread": 0.0124,
    "spread_pct": 0.454629,
    "timestamp": 1776988780.617144
  },
  "SP500": {
    "bid": 7141.21,
    "ask": 7141.54,
    "spread": 0.33,
    "spread_pct": 0.004621,
    "timestamp": 1777000941.4050777
  },
  "EURUSD": {
    "bid": 1.16764,
    "ask": 1.16775,
    "spread": 0.00011,
    "spread_pct": 0.00942,
    "timestamp": 1777000939.4328415
  },
  "NVIDIA": {
    "bid": 198.84,
    "ask": 199.18,
    "spread": 0.34,
    "spread_pct": 0.170846,
    "timestamp": 1776973150.3237202
  },
  "USOIL": {
    "bid": 96.401,
    "ask": 96.439,
    "spread": 0.038,
    "spread_pct": 0.039411,
    "timestamp": 1777000940.9340098
  },
  "TSLA": {
    "bid": 372.76,
    "ask": 373.3,
    "spread": 0.54,
    "spread_pct": 0.14476,
    "timestamp": 1776973151.2041981
  },
  "AMZN": {
    "bid": 255.39,
    "ask": 255.73,
    "spread": 0.34,
    "spread_pct": 0.133041,
    "timestamp": 1776973150.8186264
  },
  "GBPUSD": {
    "bid": 1.34563,
    "ask": 1.34572,
    "spread": 9e-05,
    "spread_pct": 0.006688,
    "timestamp": 1777000941.0983794
  },
  "AUDUSD": {
    "bid": 0.71174,
    "ask": 0.71186,
    "spread": 0.00012,
    "spread_pct": 0.016859,
    "timestamp": 1777000941.405162
  },
  "TSM": {
    "bid": 380.76,
    "ask": 381.21,
    "spread": 0.45,
    "spread_pct": 0.118115,
    "timestamp": 1776973150.2023056
  },
  "MSTR": {
    "bid": 172.76,
    "ask": 173.46,
    "spread": 0.7,
    "spread_pct": 0.404367,
    "timestamp": 1776973150.3239782
  },
  "XPTUSD": {
    "bid": 1992.26,
    "ask": 2002.17,
    "spread": 9.91,
    "spread_pct": 0.496191,
    "timestamp": 1777000940.8506677
  },
  "COST": {
    "bid": 1011.84,
    "ask": 1012.46,
    "spread": 0.62,
    "spread_pct": 0.061256,
    "timestamp": 1776973143.3722465
  },
  "XALUSD": {
    "bid": 3595.76,
    "ask": 3611.24,
    "spread": 15.48,
    "spread_pct": 0.429582,
    "timestamp": 1777000932.9932208
  },
  "XPDUSD": {
    "bid": 1461.69,
    "ask": 1468.95,
    "spread": 7.26,
    "spread_pct": 0.495455,
    "timestamp": 1777000933.2890472
  }
}