{
  "AAPL": {
    "bid": 279.29,
    "ask": 279.57,
    "spread": 0.28,
    "spread_pct": 0.100204,
    "timestamp": 1777624502.3217905
  },
  "COPPER": {
    "bid": 599.35,
    "ask": 599.75,
    "spread": 0.4,
    "spread_pct": 0.066717,
    "timestamp": 1777624502.0490136
  },
  "META": {
    "bid": 615.5,
    "ask": 616.12,
    "spread": 0.62,
    "spread_pct": 0.10068,
    "timestamp": 1777624502.1140738
  },
  "MSFT": {
    "bid": 409.41,
    "ask": 409.82,
    "spread": 0.41,
    "spread_pct": 0.100094,
    "timestamp": 1777624502.1704164
  },
  "ORCL": {
    "bid": 163.42,
    "ask": 163.58,
    "spread": 0.16,
    "spread_pct": 0.097859,
    "timestamp": 1777624502.2267518
  },
  "DJ30": {
    "bid": 49881.43,
    "ask": 49882.57,
    "spread": 1.14,
    "spread_pct": 0.002285,
    "timestamp": 1777624501.9256768
  },
  "TECH100": {
    "bid": 27576.3,
    "ask": 27576.7,
    "spread": 0.4,
    "spread_pct": 0.001451,
    "timestamp": 1777624502.2593288
  },
  "XAUUSD": {
    "bid": 4572.07,
    "ask": 4572.27,
    "spread": 0.2,
    "spread_pct": 0.004374,
    "timestamp": 1777624502.2372396
  },
  "UK100": {
    "bid": 10314.0,
    "ask": 10318.0,
    "spread": 4.0,
    "spread_pct": 0.038775,
    "timestamp": 1777624501.8788116
  },
  "UKOIL": {
    "bid": 111.292,
    "ask": 111.328,
    "spread": 0.036,
    "spread_pct": 0.032342,
    "timestamp": 1777624501.0871603
  },
  "INTEL": {
    "bid": 92.57,
    "ask": 92.75,
    "spread": 0.18,
    "spread_pct": 0.194259,
    "timestamp": 1777575686.2138278
  },
  "JPN225": {
    "bid": 59248.28,
    "ask": 59256.72,
    "spread": 8.44,
    "spread_pct": 0.014244,
    "timestamp": 1777624500.4276247
  },
  "NZDUSD": {
    "bid": 0.58963,
    "ask": 0.58974,
    "spread": 0.00011,
    "spread_pct": 0.018654,
    "timestamp": 1777624501.8785946
  },
  "NFLX": {
    "bid": 93.75,
    "ask": 93.9,
    "spread": 0.15,
    "spread_pct": 0.159872,
    "timestamp": 1777624502.2594345
  },
  "AMD": {
    "bid": 351.19,
    "ask": 351.54,
    "spread": 0.35,
    "spread_pct": 0.099612,
    "timestamp": 1777624502.170307
  },
  "GER30": {
    "bid": 24426.99,
    "ask": 24428.01,
    "spread": 1.02,
    "spread_pct": 0.004176,
    "timestamp": 1777575685.1484106
  },
  "XAGUSD": {
    "bid": 73.144,
    "ask": 73.249,
    "spread": 0.105,
    "spread_pct": 0.143449,
    "timestamp": 1777624502.1821184
  },
  "PLTR": {
    "bid": 141.11,
    "ask": 141.25,
    "spread": 0.14,
    "spread_pct": 0.099164,
    "timestamp": 1777624501.252189
  },
  "GOOG": {
    "bid": 381.5,
    "ask": 381.92,
    "spread": 0.42,
    "spread_pct": 0.110031,
    "timestamp": 1777575686.4626043
  },
  "NGAS": {
    "bid": 2.7855,
    "ask": 2.7985,
    "spread": 0.013,
    "spread_pct": 0.465616,
    "timestamp": 1777624501.6067533
  },
  "SP500": {
    "bid": 7250.97,
    "ask": 7251.28,
    "spread": 0.31,
    "spread_pct": 0.004275,
    "timestamp": 1777624501.9668944
  },
  "EURUSD": {
    "bid": 1.17464,
    "ask": 1.17473,
    "spread": 9e-05,
    "spread_pct": 0.007662,
    "timestamp": 1777624501.4192793
  },
  "NVIDIA": {
    "bid": 201.78,
    "ask": 202.11,
    "spread": 0.33,
    "spread_pct": 0.163411,
    "timestamp": 1777575686.2136922
  },
  "USOIL": {
    "bid": 104.41,
    "ask": 106.26,
    "spread": 1.85,
    "spread_pct": 1.756301,
    "timestamp": 1777624501.802
  },
  "TSLA": {
    "bid": 381.28,
    "ask": 381.74,
    "spread": 0.46,
    "spread_pct": 0.120574,
    "timestamp": 1777624502.113939
  },
  "AMZN": {
    "bid": 264.03,
    "ask": 264.29,
    "spread": 0.26,
    "spread_pct": 0.098425,
    "timestamp": 1777624502.1378536
  },
  "GBPUSD": {
    "bid": 1.36088,
    "ask": 1.36098,
    "spread": 0.0001,
    "spread_pct": 0.007348,
    "timestamp": 1777624502.170527
  },
  "AUDUSD": {
    "bid": 0.71978,
    "ask": 0.7199,
    "spread": 0.00012,
    "spread_pct": 0.01667,
    "timestamp": 1777624501.4852262
  },
  "TSM": {
    "bid": 395.01,
    "ask": 395.41,
    "spread": 0.4,
    "spread_pct": 0.101212,
    "timestamp": 1777624501.211204
  },
  "MSTR": {
    "bid": 168.8,
    "ask": 168.97,
    "spread": 0.17,
    "spread_pct": 0.10066,
    "timestamp": 1777624502.25951
  },
  "XPTUSD": {
    "bid": 1967.04,
    "ask": 1977.02,
    "spread": 9.98,
    "spread_pct": 0.506077,
    "timestamp": 1777624501.6273055
  },
  "COST": {
    "bid": 1008.83,
    "ask": 1016.2,
    "spread": 7.37,
    "spread_pct": 0.72789,
    "timestamp": 1777624501.3077416
  },
  "XALUSD": {
    "bid": 3508.8,
    "ask": 3524.05,
    "spread": 15.25,
    "spread_pct": 0.433679,
    "timestamp": 1777624500.6552138
  },
  "XPDUSD": {
    "bid": 1514.45,
    "ask": 1521.75,
    "spread": 7.3,
    "spread_pct": 0.480864,
    "timestamp": 1777624501.6819494
  }
}