{
  "AAPL": {
    "bid": 289.28,
    "ask": 289.46,
    "spread": 0.18,
    "spread_pct": 0.062204,
    "timestamp": 1778174703.4914584
  },
  "COPPER": {
    "bid": 617.0,
    "ask": 617.4,
    "spread": 0.4,
    "spread_pct": 0.064809,
    "timestamp": 1778174703.2096062
  },
  "META": {
    "bid": 616.18,
    "ask": 616.8,
    "spread": 0.62,
    "spread_pct": 0.100569,
    "timestamp": 1778174703.2147088
  },
  "MSFT": {
    "bid": 421.89,
    "ask": 422.31,
    "spread": 0.42,
    "spread_pct": 0.099502,
    "timestamp": 1778174703.0842507
  },
  "ORCL": {
    "bid": 194.08,
    "ask": 194.33,
    "spread": 0.25,
    "spread_pct": 0.12873,
    "timestamp": 1778174703.2590032
  },
  "DJ30": {
    "bid": 49780.36,
    "ask": 49781.64,
    "spread": 1.28,
    "spread_pct": 0.002571,
    "timestamp": 1778174703.29413
  },
  "TECH100": {
    "bid": 28677.02,
    "ask": 28677.48,
    "spread": 0.46,
    "spread_pct": 0.001604,
    "timestamp": 1778174703.1487193
  },
  "XAUUSD": {
    "bid": 4715.87,
    "ask": 4716.05,
    "spread": 0.18,
    "spread_pct": 0.003817,
    "timestamp": 1778174701.4451883
  },
  "UK100": {
    "bid": 10242.1,
    "ask": 10242.9,
    "spread": 0.8,
    "spread_pct": 0.007811,
    "timestamp": 1778174703.489507
  },
  "UKOIL": {
    "bid": 100.677,
    "ask": 100.713,
    "spread": 0.036,
    "spread_pct": 0.035752,
    "timestamp": 1778174702.4203172
  },
  "INTEL": {
    "bid": 110.4,
    "ask": 110.54,
    "spread": 0.14,
    "spread_pct": 0.126731,
    "timestamp": 1778174702.5968401
  },
  "JPN225": {
    "bid": 62353.23,
    "ask": 62361.77,
    "spread": 8.54,
    "spread_pct": 0.013695,
    "timestamp": 1778174702.9433315
  },
  "NZDUSD": {
    "bid": 0.59599,
    "ask": 0.59609,
    "spread": 0.0001,
    "spread_pct": 0.016777,
    "timestamp": 1778174702.4205434
  },
  "NFLX": {
    "bid": 87.96,
    "ask": 89.02,
    "spread": 1.06,
    "spread_pct": 1.197875,
    "timestamp": 1778174703.2375832
  },
  "AMD": {
    "bid": 404.42,
    "ask": 404.82,
    "spread": 0.4,
    "spread_pct": 0.098858,
    "timestamp": 1778174703.2375069
  },
  "GER30": {
    "bid": 24645.42,
    "ask": 24646.58,
    "spread": 1.16,
    "spread_pct": 0.004707,
    "timestamp": 1778174702.7816672
  },
  "XAGUSD": {
    "bid": 79.627,
    "ask": 79.73,
    "spread": 0.103,
    "spread_pct": 0.12927,
    "timestamp": 1778174703.3367484
  },
  "PLTR": {
    "bid": 137.46,
    "ask": 137.6,
    "spread": 0.14,
    "spread_pct": 0.101796,
    "timestamp": 1778174703.3259795
  },
  "GOOG": {
    "bid": 396.31,
    "ask": 396.71,
    "spread": 0.4,
    "spread_pct": 0.10088,
    "timestamp": 1778174703.3592427
  },
  "NGAS": {
    "bid": 2.7674,
    "ask": 2.7796,
    "spread": 0.0122,
    "spread_pct": 0.439877,
    "timestamp": 1778174703.1057453
  },
  "SP500": {
    "bid": 7369.72,
    "ask": 7370.03,
    "spread": 0.31,
    "spread_pct": 0.004206,
    "timestamp": 1778174703.1692421
  },
  "EURUSD": {
    "bid": 1.17565,
    "ask": 1.17577,
    "spread": 0.00012,
    "spread_pct": 0.010207,
    "timestamp": 1778174702.3496256
  },
  "NVIDIA": {
    "bid": 212.11,
    "ask": 212.46,
    "spread": 0.35,
    "spread_pct": 0.164873,
    "timestamp": 1778174703.171295
  },
  "USOIL": {
    "bid": 95.43,
    "ask": 95.47,
    "spread": 0.04,
    "spread_pct": 0.041907,
    "timestamp": 1778174703.4915354
  },
  "TSLA": {
    "bid": 406.74,
    "ask": 407.23,
    "spread": 0.49,
    "spread_pct": 0.120398,
    "timestamp": 1778174703.2392683
  },
  "AMZN": {
    "bid": 272.53,
    "ask": 272.8,
    "spread": 0.27,
    "spread_pct": 0.099023,
    "timestamp": 1778174703.1680875
  },
  "GBPUSD": {
    "bid": 1.35878,
    "ask": 1.35889,
    "spread": 0.00011,
    "spread_pct": 0.008095,
    "timestamp": 1778174703.2728698
  },
  "AUDUSD": {
    "bid": 0.72383,
    "ask": 0.72394,
    "spread": 0.00011,
    "spread_pct": 0.015196,
    "timestamp": 1778174703.3673682
  },
  "TSM": {
    "bid": 410.32,
    "ask": 410.79,
    "spread": 0.47,
    "spread_pct": 0.114479,
    "timestamp": 1778174703.293989
  },
  "MSTR": {
    "bid": 176.74,
    "ask": 177.42,
    "spread": 0.68,
    "spread_pct": 0.384007,
    "timestamp": 1778174703.2155118
  },
  "XPTUSD": {
    "bid": 2046.12,
    "ask": 2056.28,
    "spread": 10.16,
    "spread_pct": 0.49532,
    "timestamp": 1778174702.7818232
  },
  "COST": {
    "bid": 1004.61,
    "ask": 1005.62,
    "spread": 1.01,
    "spread_pct": 0.100486,
    "timestamp": 1778174703.190654
  },
  "XALUSD": {
    "bid": 3480.61,
    "ask": 3495.99,
    "spread": 15.38,
    "spread_pct": 0.440902,
    "timestamp": 1778174703.0287178
  },
  "XPDUSD": {
    "bid": 1511.25,
    "ask": 1518.45,
    "spread": 7.2,
    "spread_pct": 0.475295,
    "timestamp": 1778174698.5559726
  }
}