{
  "AAPL": {
    "bid": 279.48,
    "ask": 279.76,
    "spread": 0.28,
    "spread_pct": 0.100136,
    "timestamp": 1777630254.324139
  },
  "COPPER": {
    "bid": 598.94,
    "ask": 599.36,
    "spread": 0.42,
    "spread_pct": 0.070099,
    "timestamp": 1777630251.404838
  },
  "META": {
    "bid": 615.0,
    "ask": 615.62,
    "spread": 0.62,
    "spread_pct": 0.100762,
    "timestamp": 1777630254.1242003
  },
  "MSFT": {
    "bid": 409.53,
    "ask": 409.94,
    "spread": 0.41,
    "spread_pct": 0.100065,
    "timestamp": 1777630254.2936525
  },
  "ORCL": {
    "bid": 163.51,
    "ask": 163.67,
    "spread": 0.16,
    "spread_pct": 0.097805,
    "timestamp": 1777630254.2832687
  },
  "DJ30": {
    "bid": 49927.37,
    "ask": 49928.63,
    "spread": 1.26,
    "spread_pct": 0.002524,
    "timestamp": 1777630253.3596652
  },
  "TECH100": {
    "bid": 27561.64,
    "ask": 27562.11,
    "spread": 0.47,
    "spread_pct": 0.001705,
    "timestamp": 1777630254.442413
  },
  "XAUUSD": {
    "bid": 4567.38,
    "ask": 4567.56,
    "spread": 0.18,
    "spread_pct": 0.003941,
    "timestamp": 1777630254.3054574
  },
  "UK100": {
    "bid": 10308.65,
    "ask": 10309.35,
    "spread": 0.7,
    "spread_pct": 0.00679,
    "timestamp": 1777630246.5125544
  },
  "UKOIL": {
    "bid": 111.177,
    "ask": 111.213,
    "spread": 0.036,
    "spread_pct": 0.032376,
    "timestamp": 1777630254.219282
  },
  "INTEL": {
    "bid": 92.57,
    "ask": 92.75,
    "spread": 0.18,
    "spread_pct": 0.194259,
    "timestamp": 1777575686.2138278
  },
  "JPN225": {
    "bid": 59222.5,
    "ask": 59262.5,
    "spread": 40.0,
    "spread_pct": 0.067519,
    "timestamp": 1777630254.1628609
  },
  "NZDUSD": {
    "bid": 0.58912,
    "ask": 0.58923,
    "spread": 0.00011,
    "spread_pct": 0.01867,
    "timestamp": 1777630254.3057547
  },
  "NFLX": {
    "bid": 93.7,
    "ask": 93.84,
    "spread": 0.14,
    "spread_pct": 0.149301,
    "timestamp": 1777630254.2923362
  },
  "AMD": {
    "bid": 351.55,
    "ask": 351.98,
    "spread": 0.43,
    "spread_pct": 0.122241,
    "timestamp": 1777630254.2400842
  },
  "GER30": {
    "bid": 24426.99,
    "ask": 24428.01,
    "spread": 1.02,
    "spread_pct": 0.004176,
    "timestamp": 1777575685.1484106
  },
  "XAGUSD": {
    "bid": 73.24,
    "ask": 73.343,
    "spread": 0.103,
    "spread_pct": 0.140535,
    "timestamp": 1777630254.3056433
  },
  "PLTR": {
    "bid": 141.19,
    "ask": 141.33,
    "spread": 0.14,
    "spread_pct": 0.099108,
    "timestamp": 1777630254.1660652
  },
  "GOOG": {
    "bid": 381.5,
    "ask": 381.92,
    "spread": 0.42,
    "spread_pct": 0.110031,
    "timestamp": 1777575686.4626043
  },
  "NGAS": {
    "bid": 2.7944,
    "ask": 2.8066,
    "spread": 0.0122,
    "spread_pct": 0.435636,
    "timestamp": 1777630254.2194653
  },
  "SP500": {
    "bid": 7251.7,
    "ask": 7252.05,
    "spread": 0.35,
    "spread_pct": 0.004826,
    "timestamp": 1777630254.0916326
  },
  "EURUSD": {
    "bid": 1.17413,
    "ask": 1.17425,
    "spread": 0.00012,
    "spread_pct": 0.01022,
    "timestamp": 1777630254.0280974
  },
  "NVIDIA": {
    "bid": 201.78,
    "ask": 202.11,
    "spread": 0.33,
    "spread_pct": 0.163411,
    "timestamp": 1777575686.2136922
  },
  "USOIL": {
    "bid": 104.37,
    "ask": 106.23,
    "spread": 1.86,
    "spread_pct": 1.766382,
    "timestamp": 1777630254.162725
  },
  "TSLA": {
    "bid": 381.17,
    "ask": 381.63,
    "spread": 0.46,
    "spread_pct": 0.120608,
    "timestamp": 1777630254.1875792
  },
  "AMZN": {
    "bid": 263.31,
    "ask": 263.57,
    "spread": 0.26,
    "spread_pct": 0.098694,
    "timestamp": 1777630254.3242297
  },
  "GBPUSD": {
    "bid": 1.36033,
    "ask": 1.36042,
    "spread": 9e-05,
    "spread_pct": 0.006616,
    "timestamp": 1777630253.3895075
  },
  "AUDUSD": {
    "bid": 0.71885,
    "ask": 0.71894,
    "spread": 9e-05,
    "spread_pct": 0.012519,
    "timestamp": 1777630254.9117944
  },
  "TSM": {
    "bid": 394.3,
    "ask": 394.69,
    "spread": 0.39,
    "spread_pct": 0.098861,
    "timestamp": 1777630254.2938871
  },
  "MSTR": {
    "bid": 168.24,
    "ask": 168.41,
    "spread": 0.17,
    "spread_pct": 0.100995,
    "timestamp": 1777630254.3249433
  },
  "XPTUSD": {
    "bid": 1960.08,
    "ask": 1970.16,
    "spread": 10.08,
    "spread_pct": 0.512946,
    "timestamp": 1777630253.527681
  },
  "COST": {
    "bid": 1009.04,
    "ask": 1017.62,
    "spread": 8.58,
    "spread_pct": 0.846713,
    "timestamp": 1777630254.2931323
  },
  "XALUSD": {
    "bid": 3508.8,
    "ask": 3524.05,
    "spread": 15.25,
    "spread_pct": 0.433679,
    "timestamp": 1777624500.6552138
  },
  "XPDUSD": {
    "bid": 1512.38,
    "ask": 1519.73,
    "spread": 7.35,
    "spread_pct": 0.484811,
    "timestamp": 1777630254.209767
  }
}