{
  "AAPL": {
    "bid": 296.27,
    "ask": 296.57,
    "spread": 0.3,
    "spread_pct": 0.101208,
    "timestamp": 1779120947.2689133
  },
  "COPPER": {
    "bid": 658.63,
    "ask": 659.03,
    "spread": 0.4,
    "spread_pct": 0.060714,
    "timestamp": 1778745929.310647
  },
  "META": {
    "bid": 609.42,
    "ask": 610.3,
    "spread": 0.88,
    "spread_pct": 0.144295,
    "timestamp": 1779120947.5793784
  },
  "MSFT": {
    "bid": 419.54,
    "ask": 419.68,
    "spread": 0.14,
    "spread_pct": 0.033364,
    "timestamp": 1779120947.4586155
  },
  "ORCL": {
    "bid": 185.92,
    "ask": 186.15,
    "spread": 0.23,
    "spread_pct": 0.123633,
    "timestamp": 1779120947.3168101
  },
  "DJ30": {
    "bid": 49620.52,
    "ask": 49621.8,
    "spread": 1.28,
    "spread_pct": 0.00258,
    "timestamp": 1779120947.458956
  },
  "TECH100": {
    "bid": 29032.69,
    "ask": 29033.15,
    "spread": 0.46,
    "spread_pct": 0.001584,
    "timestamp": 1779120947.2227783
  },
  "XAUUSD": {
    "bid": 4548.05,
    "ask": 4548.25,
    "spread": 0.2,
    "spread_pct": 0.004397,
    "timestamp": 1779120947.458455
  },
  "UK100": {
    "bid": 10340.58,
    "ask": 10341.36,
    "spread": 0.78,
    "spread_pct": 0.007543,
    "timestamp": 1779120947.640756
  },
  "UKOIL": {
    "bid": 111.02,
    "ask": 111.056,
    "spread": 0.036,
    "spread_pct": 0.032421,
    "timestamp": 1779120947.5790517
  },
  "INTEL": {
    "bid": 106.03,
    "ask": 106.19,
    "spread": 0.16,
    "spread_pct": 0.150787,
    "timestamp": 1779120947.4590425
  },
  "JPN225": {
    "bid": 61339.94,
    "ask": 61348.56,
    "spread": 8.62,
    "spread_pct": 0.014052,
    "timestamp": 1779120947.3108997
  },
  "NZDUSD": {
    "bid": 0.58704,
    "ask": 0.58714,
    "spread": 0.0001,
    "spread_pct": 0.017033,
    "timestamp": 1779120947.0788715
  },
  "NFLX": {
    "bid": 89.3,
    "ask": 89.43,
    "spread": 0.13,
    "spread_pct": 0.145471,
    "timestamp": 1779120947.310551
  },
  "AMD": {
    "bid": 420.19,
    "ask": 420.38,
    "spread": 0.19,
    "spread_pct": 0.045207,
    "timestamp": 1779120947.4591355
  },
  "GER30": {
    "bid": 24356.55,
    "ask": 24357.55,
    "spread": 1.0,
    "spread_pct": 0.004106,
    "timestamp": 1779120947.4572961
  },
  "XAGUSD": {
    "bid": 76.908,
    "ask": 77.011,
    "spread": 0.103,
    "spread_pct": 0.133837,
    "timestamp": 1779120947.0768337
  },
  "PLTR": {
    "bid": 133.17,
    "ask": 133.33,
    "spread": 0.16,
    "spread_pct": 0.120075,
    "timestamp": 1779120947.6417782
  },
  "GOOG": {
    "bid": 401.4,
    "ask": 401.82,
    "spread": 0.42,
    "spread_pct": 0.104579,
    "timestamp": 1779120944.6252642
  },
  "NGAS": {
    "bid": 3.016,
    "ask": 3.0286,
    "spread": 0.0126,
    "spread_pct": 0.416901,
    "timestamp": 1779120947.6411808
  },
  "SP500": {
    "bid": 7407.03,
    "ask": 7407.35,
    "spread": 0.32,
    "spread_pct": 0.00432,
    "timestamp": 1779120947.1426933
  },
  "EURUSD": {
    "bid": 1.16539,
    "ask": 1.16551,
    "spread": 0.00012,
    "spread_pct": 0.010296,
    "timestamp": 1779120947.4583595
  },
  "NVIDIA": {
    "bid": 222.3,
    "ask": 222.62,
    "spread": 0.32,
    "spread_pct": 0.143846,
    "timestamp": 1779120947.4587607
  },
  "USOIL": {
    "bid": 102.936,
    "ask": 102.97,
    "spread": 0.034,
    "spread_pct": 0.033025,
    "timestamp": 1779120947.577789
  },
  "TSLA": {
    "bid": 413.86,
    "ask": 414.36,
    "spread": 0.5,
    "spread_pct": 0.120741,
    "timestamp": 1779120948.0891032
  },
  "AMZN": {
    "bid": 265.84,
    "ask": 266.11,
    "spread": 0.27,
    "spread_pct": 0.101513,
    "timestamp": 1779120947.204289
  },
  "GBPUSD": {
    "bid": 1.3446,
    "ask": 1.3447,
    "spread": 0.0001,
    "spread_pct": 0.007437,
    "timestamp": 1779120947.6413217
  },
  "AUDUSD": {
    "bid": 0.71628,
    "ask": 0.71637,
    "spread": 9e-05,
    "spread_pct": 0.012564,
    "timestamp": 1779120946.5030978
  },
  "TSM": {
    "bid": 395.52,
    "ask": 395.92,
    "spread": 0.4,
    "spread_pct": 0.101082,
    "timestamp": 1779120947.1608627
  },
  "MSTR": {
    "bid": 164.84,
    "ask": 165.0,
    "spread": 0.16,
    "spread_pct": 0.097017,
    "timestamp": 1779120947.2371018
  },
  "XPTUSD": {
    "bid": 1969.33,
    "ask": 1979.43,
    "spread": 10.1,
    "spread_pct": 0.511553,
    "timestamp": 1779120947.9473672
  },
  "COST": {
    "bid": 1064.45,
    "ask": 1064.99,
    "spread": 0.54,
    "spread_pct": 0.050718,
    "timestamp": 1779120947.222861
  },
  "XALUSD": {
    "bid": 3560.48,
    "ask": 3575.72,
    "spread": 15.24,
    "spread_pct": 0.427118,
    "timestamp": 1779120947.9483714
  },
  "XPDUSD": {
    "bid": 1415.05,
    "ask": 1422.27,
    "spread": 7.22,
    "spread_pct": 0.508931,
    "timestamp": 1779120938.829166
  }
}