{
  "AAPL": {
    "bid": 298.92,
    "ask": 299.22,
    "spread": 0.3,
    "spread_pct": 0.100311,
    "timestamp": 1779235199.3356738
  },
  "COPPER": {
    "bid": 658.63,
    "ask": 659.03,
    "spread": 0.4,
    "spread_pct": 0.060714,
    "timestamp": 1778745929.310647
  },
  "META": {
    "bid": 602.67,
    "ask": 603.27,
    "spread": 0.6,
    "spread_pct": 0.099507,
    "timestamp": 1779235199.292751
  },
  "MSFT": {
    "bid": 417.01,
    "ask": 417.43,
    "spread": 0.42,
    "spread_pct": 0.100666,
    "timestamp": 1779235199.1017349
  },
  "ORCL": {
    "bid": 181.25,
    "ask": 181.43,
    "spread": 0.18,
    "spread_pct": 0.099261,
    "timestamp": 1779235199.2925978
  },
  "DJ30": {
    "bid": 49490.01,
    "ask": 49491.21,
    "spread": 1.2,
    "spread_pct": 0.002425,
    "timestamp": 1779235199.1773036
  },
  "TECH100": {
    "bid": 28952.45,
    "ask": 28952.89,
    "spread": 0.44,
    "spread_pct": 0.00152,
    "timestamp": 1779235199.4638748
  },
  "XAUUSD": {
    "bid": 4489.32,
    "ask": 4489.54,
    "spread": 0.22,
    "spread_pct": 0.0049,
    "timestamp": 1779235199.6657581
  },
  "UK100": {
    "bid": 10329.63,
    "ask": 10333.63,
    "spread": 4.0,
    "spread_pct": 0.038716,
    "timestamp": 1779214082.4999087
  },
  "UKOIL": {
    "bid": 111.406,
    "ask": 111.444,
    "spread": 0.038,
    "spread_pct": 0.034104,
    "timestamp": 1779221010.7252018
  },
  "INTEL": {
    "bid": 112.4,
    "ask": 112.52,
    "spread": 0.12,
    "spread_pct": 0.106705,
    "timestamp": 1779214080.197513
  },
  "JPN225": {
    "bid": 60487.75,
    "ask": 60527.75,
    "spread": 40.0,
    "spread_pct": 0.066107,
    "timestamp": 1779235199.4637165
  },
  "NZDUSD": {
    "bid": 0.5832,
    "ask": 0.58331,
    "spread": 0.00011,
    "spread_pct": 0.01886,
    "timestamp": 1779235198.117468
  },
  "NFLX": {
    "bid": 89.07,
    "ask": 89.2,
    "spread": 0.13,
    "spread_pct": 0.145846,
    "timestamp": 1779235199.3355703
  },
  "AMD": {
    "bid": 417.27,
    "ask": 417.69,
    "spread": 0.42,
    "spread_pct": 0.100604,
    "timestamp": 1779235199.3674712
  },
  "GER30": {
    "bid": 24456.08,
    "ask": 24457.22,
    "spread": 1.14,
    "spread_pct": 0.004661,
    "timestamp": 1779214080.2614303
  },
  "XAGUSD": {
    "bid": 74.177,
    "ask": 74.28,
    "spread": 0.103,
    "spread_pct": 0.138761,
    "timestamp": 1779235199.1018906
  },
  "PLTR": {
    "bid": 134.79,
    "ask": 134.92,
    "spread": 0.13,
    "spread_pct": 0.0964,
    "timestamp": 1779235199.2198696
  },
  "GOOG": {
    "bid": 391.44,
    "ask": 391.9,
    "spread": 0.46,
    "spread_pct": 0.117446,
    "timestamp": 1779214082.4227853
  },
  "NGAS": {
    "bid": 3.0981,
    "ask": 3.1109,
    "spread": 0.0128,
    "spread_pct": 0.412305,
    "timestamp": 1779214079.4942377
  },
  "SP500": {
    "bid": 7379.32,
    "ask": 7379.62,
    "spread": 0.3,
    "spread_pct": 0.004065,
    "timestamp": 1779235199.2519722
  },
  "EURUSD": {
    "bid": 1.16064,
    "ask": 1.16073,
    "spread": 9e-05,
    "spread_pct": 0.007754,
    "timestamp": 1779235199.4008915
  },
  "NVIDIA": {
    "bid": 223.36,
    "ask": 223.7,
    "spread": 0.34,
    "spread_pct": 0.152105,
    "timestamp": 1779214080.6571395
  },
  "USOIL": {
    "bid": 102.98,
    "ask": 104.86,
    "spread": 1.88,
    "spread_pct": 1.809084,
    "timestamp": 1779235191.2012248
  },
  "TSLA": {
    "bid": 404.87,
    "ask": 405.36,
    "spread": 0.49,
    "spread_pct": 0.120953,
    "timestamp": 1779235199.101981
  },
  "AMZN": {
    "bid": 259.31,
    "ask": 259.57,
    "spread": 0.26,
    "spread_pct": 0.100216,
    "timestamp": 1779235199.2923439
  },
  "GBPUSD": {
    "bid": 1.33952,
    "ask": 1.33963,
    "spread": 0.00011,
    "spread_pct": 0.008212,
    "timestamp": 1779235199.3365111
  },
  "AUDUSD": {
    "bid": 0.71038,
    "ask": 0.71046,
    "spread": 8e-05,
    "spread_pct": 0.011261,
    "timestamp": 1779235198.4605155
  },
  "TSM": {
    "bid": 393.62,
    "ask": 394.01,
    "spread": 0.39,
    "spread_pct": 0.099031,
    "timestamp": 1779235199.3007288
  },
  "MSTR": {
    "bid": 164.4,
    "ask": 164.56,
    "spread": 0.16,
    "spread_pct": 0.097276,
    "timestamp": 1779235199.367618
  },
  "XPTUSD": {
    "bid": 1926.65,
    "ask": 1936.71,
    "spread": 10.06,
    "spread_pct": 0.52079,
    "timestamp": 1779235199.0379224
  },
  "COST": {
    "bid": 1093.94,
    "ask": 1095.03,
    "spread": 1.09,
    "spread_pct": 0.09959,
    "timestamp": 1779235199.1437516
  },
  "XALUSD": {
    "bid": 3586.4,
    "ask": 3601.7,
    "spread": 15.3,
    "spread_pct": 0.425704,
    "timestamp": 1779206308.4995682
  },
  "XPDUSD": {
    "bid": 1363.87,
    "ask": 1371.13,
    "spread": 7.26,
    "spread_pct": 0.530896,
    "timestamp": 1779235199.6656492
  }
}