{
  "AAPL": {
    "bid": 273.61,
    "ask": 273.75,
    "spread": 0.14,
    "spread_pct": 0.051155,
    "timestamp": 1776973150.2095842
  },
  "COPPER": {
    "bid": 605.11,
    "ask": 605.49,
    "spread": 0.38,
    "spread_pct": 0.062779,
    "timestamp": 1777022888.8306735
  },
  "META": {
    "bid": 659.79,
    "ask": 660.61,
    "spread": 0.82,
    "spread_pct": 0.124205,
    "timestamp": 1776973151.2760155
  },
  "MSFT": {
    "bid": 415.82,
    "ask": 415.92,
    "spread": 0.1,
    "spread_pct": 0.024046,
    "timestamp": 1776973150.818721
  },
  "ORCL": {
    "bid": 175.42,
    "ask": 175.6,
    "spread": 0.18,
    "spread_pct": 0.102558,
    "timestamp": 1776973150.209661
  },
  "DJ30": {
    "bid": 49304.91,
    "ask": 49306.09,
    "spread": 1.18,
    "spread_pct": 0.002393,
    "timestamp": 1777022888.377343
  },
  "TECH100": {
    "bid": 27092.02,
    "ask": 27092.48,
    "spread": 0.46,
    "spread_pct": 0.001698,
    "timestamp": 1777022888.312802
  },
  "XAUUSD": {
    "bid": 4684.44,
    "ask": 4684.64,
    "spread": 0.2,
    "spread_pct": 0.004269,
    "timestamp": 1777022888.3128734
  },
  "UK100": {
    "bid": 10386.12,
    "ask": 10386.88,
    "spread": 0.76,
    "spread_pct": 0.007317,
    "timestamp": 1777022888.5270238
  },
  "UKOIL": {
    "bid": 101.023,
    "ask": 101.057,
    "spread": 0.034,
    "spread_pct": 0.03365,
    "timestamp": 1777022887.2104166
  },
  "INTEL": {
    "bid": 66.1,
    "ask": 66.22,
    "spread": 0.12,
    "spread_pct": 0.181378,
    "timestamp": 1776973151.209863
  },
  "JPN225": {
    "bid": 59465.79,
    "ask": 59474.21,
    "spread": 8.42,
    "spread_pct": 0.014158,
    "timestamp": 1777022888.5080545
  },
  "NZDUSD": {
    "bid": 0.58562,
    "ask": 0.58573,
    "spread": 0.00011,
    "spread_pct": 0.018782,
    "timestamp": 1777022888.6987627
  },
  "NFLX": {
    "bid": 92.56,
    "ask": 93.58,
    "spread": 1.02,
    "spread_pct": 1.095949,
    "timestamp": 1776973151.2760873
  },
  "AMD": {
    "bid": 303.35,
    "ask": 303.51,
    "spread": 0.16,
    "spread_pct": 0.05273,
    "timestamp": 1776973150.2097318
  },
  "GER30": {
    "bid": 24135.9,
    "ask": 24137.1,
    "spread": 1.2,
    "spread_pct": 0.004972,
    "timestamp": 1777022888.5160599
  },
  "XAGUSD": {
    "bid": 74.783,
    "ask": 74.884,
    "spread": 0.101,
    "spread_pct": 0.134966,
    "timestamp": 1777022888.37743
  },
  "PLTR": {
    "bid": 141.54,
    "ask": 141.68,
    "spread": 0.14,
    "spread_pct": 0.098863,
    "timestamp": 1776973150.3746104
  },
  "GOOG": {
    "bid": 339.02,
    "ask": 339.46,
    "spread": 0.44,
    "spread_pct": 0.129702,
    "timestamp": 1776973151.204068
  },
  "NGAS": {
    "bid": 2.6959,
    "ask": 2.7091,
    "spread": 0.0132,
    "spread_pct": 0.488437,
    "timestamp": 1777022887.2293193
  },
  "SP500": {
    "bid": 7142.32,
    "ask": 7142.68,
    "spread": 0.36,
    "spread_pct": 0.00504,
    "timestamp": 1777022887.5275345
  },
  "EURUSD": {
    "bid": 1.16848,
    "ask": 1.16858,
    "spread": 0.0001,
    "spread_pct": 0.008558,
    "timestamp": 1777022888.8307734
  },
  "NVIDIA": {
    "bid": 198.84,
    "ask": 199.18,
    "spread": 0.34,
    "spread_pct": 0.170846,
    "timestamp": 1776973150.3237202
  },
  "USOIL": {
    "bid": 96.54,
    "ask": 98.34,
    "spread": 1.8,
    "spread_pct": 1.847291,
    "timestamp": 1777022886.3175645
  },
  "TSLA": {
    "bid": 372.76,
    "ask": 373.3,
    "spread": 0.54,
    "spread_pct": 0.14476,
    "timestamp": 1776973151.2041981
  },
  "AMZN": {
    "bid": 255.39,
    "ask": 255.73,
    "spread": 0.34,
    "spread_pct": 0.133041,
    "timestamp": 1776973150.8186264
  },
  "GBPUSD": {
    "bid": 1.34779,
    "ask": 1.34789,
    "spread": 0.0001,
    "spread_pct": 0.007419,
    "timestamp": 1777022889.015481
  },
  "AUDUSD": {
    "bid": 0.71297,
    "ask": 0.71308,
    "spread": 0.00011,
    "spread_pct": 0.015427,
    "timestamp": 1777022888.2114837
  },
  "TSM": {
    "bid": 380.76,
    "ask": 381.21,
    "spread": 0.45,
    "spread_pct": 0.118115,
    "timestamp": 1776973150.2023056
  },
  "MSTR": {
    "bid": 172.76,
    "ask": 173.46,
    "spread": 0.7,
    "spread_pct": 0.404367,
    "timestamp": 1776973150.3239782
  },
  "XPTUSD": {
    "bid": 1976.86,
    "ask": 1987.12,
    "spread": 10.26,
    "spread_pct": 0.517662,
    "timestamp": 1777022886.2796938
  },
  "COST": {
    "bid": 1011.84,
    "ask": 1012.46,
    "spread": 0.62,
    "spread_pct": 0.061256,
    "timestamp": 1776973143.3722465
  },
  "XALUSD": {
    "bid": 3605.25,
    "ask": 3620.7,
    "spread": 15.45,
    "spread_pct": 0.427625,
    "timestamp": 1777017346.8877835
  },
  "XPDUSD": {
    "bid": 1472.49,
    "ask": 1479.75,
    "spread": 7.26,
    "spread_pct": 0.49183,
    "timestamp": 1777022887.0667295
  }
}