{
  "AAPL": {
    "bid": 270.05,
    "ask": 270.19,
    "spread": 0.14,
    "spread_pct": 0.051829,
    "timestamp": 1777390648.947092
  },
  "COPPER": {
    "bid": 596.86,
    "ask": 597.24,
    "spread": 0.38,
    "spread_pct": 0.063646,
    "timestamp": 1777390648.4887974
  },
  "META": {
    "bid": 667.21,
    "ask": 668.09,
    "spread": 0.88,
    "spread_pct": 0.131806,
    "timestamp": 1777390648.610954
  },
  "MSFT": {
    "bid": 425.99,
    "ask": 426.13,
    "spread": 0.14,
    "spread_pct": 0.032859,
    "timestamp": 1777390648.6108708
  },
  "ORCL": {
    "bid": 165.34,
    "ask": 165.52,
    "spread": 0.18,
    "spread_pct": 0.108807,
    "timestamp": 1777390649.3267887
  },
  "DJ30": {
    "bid": 49377.5,
    "ask": 49378.5,
    "spread": 1.0,
    "spread_pct": 0.002025,
    "timestamp": 1777390649.281524
  },
  "TECH100": {
    "bid": 27029.51,
    "ask": 27029.99,
    "spread": 0.48,
    "spread_pct": 0.001776,
    "timestamp": 1777390648.3576548
  },
  "XAUUSD": {
    "bid": 4577.74,
    "ask": 4577.92,
    "spread": 0.18,
    "spread_pct": 0.003932,
    "timestamp": 1777390648.1310527
  },
  "UK100": {
    "bid": 10339.12,
    "ask": 10339.88,
    "spread": 0.76,
    "spread_pct": 0.00735,
    "timestamp": 1777390648.7520247
  },
  "UKOIL": {
    "bid": 104.167,
    "ask": 104.203,
    "spread": 0.036,
    "spread_pct": 0.034554,
    "timestamp": 1777390648.241535
  },
  "INTEL": {
    "bid": 81.85,
    "ask": 81.95,
    "spread": 0.1,
    "spread_pct": 0.1221,
    "timestamp": 1777390648.9858406
  },
  "JPN225": {
    "bid": 59010.0,
    "ask": 59050.0,
    "spread": 40.0,
    "spread_pct": 0.067762,
    "timestamp": 1777390649.0088253
  },
  "NZDUSD": {
    "bid": 0.58846,
    "ask": 0.58857,
    "spread": 0.00011,
    "spread_pct": 0.018691,
    "timestamp": 1777390648.9772017
  },
  "NFLX": {
    "bid": 90.03,
    "ask": 91.09,
    "spread": 1.06,
    "spread_pct": 1.170495,
    "timestamp": 1777390649.0242207
  },
  "AMD": {
    "bid": 318.63,
    "ask": 318.77,
    "spread": 0.14,
    "spread_pct": 0.043928,
    "timestamp": 1777390646.310581
  },
  "GER30": {
    "bid": 24133.87,
    "ask": 24135.13,
    "spread": 1.26,
    "spread_pct": 0.005221,
    "timestamp": 1777390648.2264135
  },
  "XAGUSD": {
    "bid": 72.85,
    "ask": 72.952,
    "spread": 0.102,
    "spread_pct": 0.139916,
    "timestamp": 1777390649.1323407
  },
  "PLTR": {
    "bid": 141.04,
    "ask": 141.18,
    "spread": 0.14,
    "spread_pct": 0.099213,
    "timestamp": 1777390649.326849
  },
  "GOOG": {
    "bid": 349.85,
    "ask": 350.25,
    "spread": 0.4,
    "spread_pct": 0.114269,
    "timestamp": 1777390648.5357482
  },
  "NGAS": {
    "bid": 2.7105,
    "ask": 2.7225,
    "spread": 0.012,
    "spread_pct": 0.441745,
    "timestamp": 1777390648.7526464
  },
  "SP500": {
    "bid": 7150.45,
    "ask": 7150.8,
    "spread": 0.35,
    "spread_pct": 0.004895,
    "timestamp": 1777390648.3106503
  },
  "EURUSD": {
    "bid": 1.17113,
    "ask": 1.17124,
    "spread": 0.00011,
    "spread_pct": 0.009392,
    "timestamp": 1777390648.9141517
  },
  "NVIDIA": {
    "bid": 208.87,
    "ask": 209.17,
    "spread": 0.3,
    "spread_pct": 0.143527,
    "timestamp": 1777390648.2266147
  },
  "USOIL": {
    "bid": 99.584,
    "ask": 99.616,
    "spread": 0.032,
    "spread_pct": 0.032129,
    "timestamp": 1777390648.1081812
  },
  "TSLA": {
    "bid": 374.53,
    "ask": 375.05,
    "spread": 0.52,
    "spread_pct": 0.138744,
    "timestamp": 1777390648.8502786
  },
  "AMZN": {
    "bid": 259.5,
    "ask": 259.84,
    "spread": 0.34,
    "spread_pct": 0.130935,
    "timestamp": 1777390648.35786
  },
  "GBPUSD": {
    "bid": 1.35085,
    "ask": 1.35096,
    "spread": 0.00011,
    "spread_pct": 0.008143,
    "timestamp": 1777390648.3604662
  },
  "AUDUSD": {
    "bid": 0.71756,
    "ask": 0.71767,
    "spread": 0.00011,
    "spread_pct": 0.015329,
    "timestamp": 1777390649.1625628
  },
  "TSM": {
    "bid": 386.96,
    "ask": 387.41,
    "spread": 0.45,
    "spread_pct": 0.116224,
    "timestamp": 1777390648.3829684
  },
  "MSTR": {
    "bid": 162.61,
    "ask": 163.29,
    "spread": 0.68,
    "spread_pct": 0.417306,
    "timestamp": 1777390649.1628275
  },
  "XPTUSD": {
    "bid": 1946.86,
    "ask": 1956.76,
    "spread": 9.9,
    "spread_pct": 0.507222,
    "timestamp": 1777390648.3811843
  },
  "COST": {
    "bid": 996.23,
    "ask": 996.83,
    "spread": 0.6,
    "spread_pct": 0.060209,
    "timestamp": 1777390645.1815069
  },
  "XALUSD": {
    "bid": 3541.2,
    "ask": 3556.5,
    "spread": 15.3,
    "spread_pct": 0.431126,
    "timestamp": 1777390648.1311426
  },
  "XPDUSD": {
    "bid": 1471.3,
    "ask": 1478.51,
    "spread": 7.21,
    "spread_pct": 0.488845,
    "timestamp": 1777390648.9142523
  }
}