{
  "AAPL": {
    "bid": 283.33,
    "ask": 283.61,
    "spread": 0.28,
    "spread_pct": 0.098776,
    "timestamp": 1778014748.1456373
  },
  "COPPER": {
    "bid": 598.76,
    "ask": 599.18,
    "spread": 0.42,
    "spread_pct": 0.07012,
    "timestamp": 1778014745.725948
  },
  "META": {
    "bid": 604.13,
    "ask": 604.73,
    "spread": 0.6,
    "spread_pct": 0.099267,
    "timestamp": 1778014749.1843815
  },
  "MSFT": {
    "bid": 410.7,
    "ask": 411.11,
    "spread": 0.41,
    "spread_pct": 0.09978,
    "timestamp": 1778014749.126418
  },
  "ORCL": {
    "bid": 185.1,
    "ask": 185.51,
    "spread": 0.41,
    "spread_pct": 0.221257,
    "timestamp": 1778014748.2009847
  },
  "DJ30": {
    "bid": 49394.95,
    "ask": 49396.05,
    "spread": 1.1,
    "spread_pct": 0.002227,
    "timestamp": 1778014749.2172377
  },
  "TECH100": {
    "bid": 28211.78,
    "ask": 28212.22,
    "spread": 0.44,
    "spread_pct": 0.00156,
    "timestamp": 1778014748.5526783
  },
  "XAUUSD": {
    "bid": 4557.32,
    "ask": 4557.52,
    "spread": 0.2,
    "spread_pct": 0.004388,
    "timestamp": 1778014748.1738327
  },
  "UK100": {
    "bid": 10264.0,
    "ask": 10268.0,
    "spread": 4.0,
    "spread_pct": 0.038964,
    "timestamp": 1778010945.155102
  },
  "UKOIL": {
    "bid": 110.404,
    "ask": 110.436,
    "spread": 0.032,
    "spread_pct": 0.02898,
    "timestamp": 1778014748.2963648
  },
  "INTEL": {
    "bid": 107.71,
    "ask": 107.87,
    "spread": 0.16,
    "spread_pct": 0.148437,
    "timestamp": 1778010945.2909675
  },
  "JPN225": {
    "bid": 60738.24,
    "ask": 60746.76,
    "spread": 8.52,
    "spread_pct": 0.014026,
    "timestamp": 1778014734.9619184
  },
  "NZDUSD": {
    "bid": 0.58856,
    "ask": 0.58866,
    "spread": 0.0001,
    "spread_pct": 0.016989,
    "timestamp": 1778014749.1032379
  },
  "NFLX": {
    "bid": 87.98,
    "ask": 88.11,
    "spread": 0.13,
    "spread_pct": 0.147652,
    "timestamp": 1778014748.1795254
  },
  "AMD": {
    "bid": 371.6,
    "ask": 371.97,
    "spread": 0.37,
    "spread_pct": 0.09952,
    "timestamp": 1778014749.2502792
  },
  "GER30": {
    "bid": 24493.94,
    "ask": 24495.06,
    "spread": 1.12,
    "spread_pct": 0.004572,
    "timestamp": 1778010944.2983327
  },
  "XAGUSD": {
    "bid": 72.769,
    "ask": 72.872,
    "spread": 0.103,
    "spread_pct": 0.141444,
    "timestamp": 1778014748.8467774
  },
  "PLTR": {
    "bid": 135.13,
    "ask": 135.27,
    "spread": 0.14,
    "spread_pct": 0.10355,
    "timestamp": 1778014749.2635005
  },
  "GOOG": {
    "bid": 387.82,
    "ask": 388.24,
    "spread": 0.42,
    "spread_pct": 0.108239,
    "timestamp": 1778010945.2905567
  },
  "NGAS": {
    "bid": 2.7731,
    "ask": 2.7859,
    "spread": 0.0128,
    "spread_pct": 0.460514,
    "timestamp": 1778014748.8215227
  },
  "SP500": {
    "bid": 7295.95,
    "ask": 7296.3,
    "spread": 0.35,
    "spread_pct": 0.004797,
    "timestamp": 1778014749.1844792
  },
  "EURUSD": {
    "bid": 1.16926,
    "ask": 1.16935,
    "spread": 9e-05,
    "spread_pct": 0.007697,
    "timestamp": 1778014747.5877326
  },
  "NVIDIA": {
    "bid": 196.06,
    "ask": 196.37,
    "spread": 0.31,
    "spread_pct": 0.15799,
    "timestamp": 1778010945.290079
  },
  "USOIL": {
    "bid": 101.64,
    "ask": 103.47,
    "spread": 1.83,
    "spread_pct": 1.784408,
    "timestamp": 1778014749.1406305
  },
  "TSLA": {
    "bid": 387.91,
    "ask": 388.38,
    "spread": 0.47,
    "spread_pct": 0.121089,
    "timestamp": 1778014749.205993
  },
  "AMZN": {
    "bid": 272.74,
    "ask": 273.01,
    "spread": 0.27,
    "spread_pct": 0.098946,
    "timestamp": 1778014749.2276657
  },
  "GBPUSD": {
    "bid": 1.3538,
    "ask": 1.3539,
    "spread": 0.0001,
    "spread_pct": 0.007386,
    "timestamp": 1778014746.450655
  },
  "AUDUSD": {
    "bid": 0.71826,
    "ask": 0.71835,
    "spread": 9e-05,
    "spread_pct": 0.012529,
    "timestamp": 1778014745.1970406
  },
  "TSM": {
    "bid": 396.22,
    "ask": 396.62,
    "spread": 0.4,
    "spread_pct": 0.100903,
    "timestamp": 1778014749.230174
  },
  "MSTR": {
    "bid": 184.74,
    "ask": 184.92,
    "spread": 0.18,
    "spread_pct": 0.097387,
    "timestamp": 1778014749.1262708
  },
  "XPTUSD": {
    "bid": 1955.04,
    "ask": 1965.1,
    "spread": 10.06,
    "spread_pct": 0.513247,
    "timestamp": 1778014748.5531447
  },
  "COST": {
    "bid": 1015.12,
    "ask": 1016.53,
    "spread": 1.41,
    "spread_pct": 0.138803,
    "timestamp": 1778014749.1967454
  },
  "XALUSD": {
    "bid": 3554.89,
    "ask": 3570.36,
    "spread": 15.47,
    "spread_pct": 0.43423,
    "timestamp": 1777985953.4549065
  },
  "XPDUSD": {
    "bid": 1487.89,
    "ask": 1495.45,
    "spread": 7.56,
    "spread_pct": 0.506815,
    "timestamp": 1778014738.081893
  }
}