{
  "AAPL": {
    "bid": 298.32,
    "ask": 298.62,
    "spread": 0.3,
    "spread_pct": 0.100513,
    "timestamp": 1779231094.2234979
  },
  "COPPER": {
    "bid": 658.63,
    "ask": 659.03,
    "spread": 0.4,
    "spread_pct": 0.060714,
    "timestamp": 1778745929.310647
  },
  "META": {
    "bid": 602.33,
    "ask": 602.93,
    "spread": 0.6,
    "spread_pct": 0.099564,
    "timestamp": 1779231094.2889385
  },
  "MSFT": {
    "bid": 416.22,
    "ask": 416.64,
    "spread": 0.42,
    "spread_pct": 0.100857,
    "timestamp": 1779231094.2034383
  },
  "ORCL": {
    "bid": 181.16,
    "ask": 181.34,
    "spread": 0.18,
    "spread_pct": 0.09931,
    "timestamp": 1779231095.0964167
  },
  "DJ30": {
    "bid": 49438.15,
    "ask": 49439.17,
    "spread": 1.02,
    "spread_pct": 0.002063,
    "timestamp": 1779231094.0511081
  },
  "TECH100": {
    "bid": 28892.71,
    "ask": 28893.13,
    "spread": 0.42,
    "spread_pct": 0.001454,
    "timestamp": 1779231094.0627346
  },
  "XAUUSD": {
    "bid": 4481.44,
    "ask": 4481.64,
    "spread": 0.2,
    "spread_pct": 0.004463,
    "timestamp": 1779231094.5015876
  },
  "UK100": {
    "bid": 10329.63,
    "ask": 10333.63,
    "spread": 4.0,
    "spread_pct": 0.038716,
    "timestamp": 1779214082.4999087
  },
  "UKOIL": {
    "bid": 111.406,
    "ask": 111.444,
    "spread": 0.038,
    "spread_pct": 0.034104,
    "timestamp": 1779221010.7252018
  },
  "INTEL": {
    "bid": 112.4,
    "ask": 112.52,
    "spread": 0.12,
    "spread_pct": 0.106705,
    "timestamp": 1779214080.197513
  },
  "JPN225": {
    "bid": 60584.93,
    "ask": 60593.57,
    "spread": 8.64,
    "spread_pct": 0.01426,
    "timestamp": 1779221013.2843573
  },
  "NZDUSD": {
    "bid": 0.58344,
    "ask": 0.58355,
    "spread": 0.00011,
    "spread_pct": 0.018852,
    "timestamp": 1779231094.2150712
  },
  "NFLX": {
    "bid": 89.09,
    "ask": 89.22,
    "spread": 0.13,
    "spread_pct": 0.145813,
    "timestamp": 1779231094.1488152
  },
  "AMD": {
    "bid": 415.2,
    "ask": 415.62,
    "spread": 0.42,
    "spread_pct": 0.101105,
    "timestamp": 1779231094.28736
  },
  "GER30": {
    "bid": 24456.08,
    "ask": 24457.22,
    "spread": 1.14,
    "spread_pct": 0.004661,
    "timestamp": 1779214080.2614303
  },
  "XAGUSD": {
    "bid": 73.874,
    "ask": 73.974,
    "spread": 0.1,
    "spread_pct": 0.135274,
    "timestamp": 1779231094.5017104
  },
  "PLTR": {
    "bid": 134.5,
    "ask": 134.63,
    "spread": 0.13,
    "spread_pct": 0.096608,
    "timestamp": 1779231094.2867594
  },
  "GOOG": {
    "bid": 391.44,
    "ask": 391.9,
    "spread": 0.46,
    "spread_pct": 0.117446,
    "timestamp": 1779214082.4227853
  },
  "NGAS": {
    "bid": 3.0981,
    "ask": 3.1109,
    "spread": 0.0128,
    "spread_pct": 0.412305,
    "timestamp": 1779214079.4942377
  },
  "SP500": {
    "bid": 7368.74,
    "ask": 7369.1,
    "spread": 0.36,
    "spread_pct": 0.004885,
    "timestamp": 1779231094.062625
  },
  "EURUSD": {
    "bid": 1.16064,
    "ask": 1.16075,
    "spread": 0.00011,
    "spread_pct": 0.009477,
    "timestamp": 1779231094.3658216
  },
  "NVIDIA": {
    "bid": 223.36,
    "ask": 223.7,
    "spread": 0.34,
    "spread_pct": 0.152105,
    "timestamp": 1779214080.6571395
  },
  "USOIL": {
    "bid": 104.159,
    "ask": 104.193,
    "spread": 0.034,
    "spread_pct": 0.032637,
    "timestamp": 1779231094.4460268
  },
  "TSLA": {
    "bid": 403.18,
    "ask": 403.66,
    "spread": 0.48,
    "spread_pct": 0.118983,
    "timestamp": 1779231094.1825094
  },
  "AMZN": {
    "bid": 258.62,
    "ask": 258.88,
    "spread": 0.26,
    "spread_pct": 0.100483,
    "timestamp": 1779231094.1043844
  },
  "GBPUSD": {
    "bid": 1.33949,
    "ask": 1.33961,
    "spread": 0.00012,
    "spread_pct": 0.008958,
    "timestamp": 1779231094.1280859
  },
  "AUDUSD": {
    "bid": 0.71055,
    "ask": 0.71064,
    "spread": 9e-05,
    "spread_pct": 0.012665,
    "timestamp": 1779231092.520744
  },
  "TSM": {
    "bid": 393.14,
    "ask": 393.53,
    "spread": 0.39,
    "spread_pct": 0.099152,
    "timestamp": 1779231094.2033148
  },
  "MSTR": {
    "bid": 164.11,
    "ask": 164.27,
    "spread": 0.16,
    "spread_pct": 0.097448,
    "timestamp": 1779231094.2567794
  },
  "XPTUSD": {
    "bid": 1923.46,
    "ask": 1933.26,
    "spread": 9.8,
    "spread_pct": 0.508204,
    "timestamp": 1779231090.532614
  },
  "COST": {
    "bid": 1094.18,
    "ask": 1095.27,
    "spread": 1.09,
    "spread_pct": 0.099568,
    "timestamp": 1779231094.117932
  },
  "XALUSD": {
    "bid": 3586.4,
    "ask": 3601.7,
    "spread": 15.3,
    "spread_pct": 0.425704,
    "timestamp": 1779206308.4995682
  },
  "XPDUSD": {
    "bid": 1361.76,
    "ask": 1369.13,
    "spread": 7.37,
    "spread_pct": 0.539751,
    "timestamp": 1779231093.3818138
  }
}