{
  "AAPL": {
    "bid": 281.57,
    "ask": 281.85,
    "spread": 0.28,
    "spread_pct": 0.099393,
    "timestamp": 1777846121.229083
  },
  "COPPER": {
    "bid": 599.4,
    "ask": 599.8,
    "spread": 0.4,
    "spread_pct": 0.066711,
    "timestamp": 1777846118.1021147
  },
  "META": {
    "bid": 612.74,
    "ask": 613.35,
    "spread": 0.61,
    "spread_pct": 0.099503,
    "timestamp": 1777846121.2801418
  },
  "MSFT": {
    "bid": 415.45,
    "ask": 415.87,
    "spread": 0.42,
    "spread_pct": 0.101044,
    "timestamp": 1777846121.22917
  },
  "ORCL": {
    "bid": 172.96,
    "ask": 173.71,
    "spread": 0.75,
    "spread_pct": 0.432688,
    "timestamp": 1777846121.1815844
  },
  "DJ30": {
    "bid": 49759.43,
    "ask": 49760.57,
    "spread": 1.14,
    "spread_pct": 0.002291,
    "timestamp": 1777846121.4094687
  },
  "TECH100": {
    "bid": 27873.27,
    "ask": 27873.73,
    "spread": 0.46,
    "spread_pct": 0.00165,
    "timestamp": 1777846121.5754254
  },
  "XAUUSD": {
    "bid": 4626.8,
    "ask": 4627.0,
    "spread": 0.2,
    "spread_pct": 0.004323,
    "timestamp": 1777846121.338801
  },
  "UK100": {
    "bid": 10381.58,
    "ask": 10382.42,
    "spread": 0.84,
    "spread_pct": 0.008091,
    "timestamp": 1777662373.31854
  },
  "UKOIL": {
    "bid": 106.224,
    "ask": 106.256,
    "spread": 0.032,
    "spread_pct": 0.03012,
    "timestamp": 1777846120.2727523
  },
  "INTEL": {
    "bid": 99.18,
    "ask": 99.28,
    "spread": 0.1,
    "spread_pct": 0.100776,
    "timestamp": 1777662375.1315198
  },
  "JPN225": {
    "bid": 59393.28,
    "ask": 59401.72,
    "spread": 8.44,
    "spread_pct": 0.014209,
    "timestamp": 1777666278.8218699
  },
  "NZDUSD": {
    "bid": 0.59118,
    "ask": 0.59127,
    "spread": 9e-05,
    "spread_pct": 0.015223,
    "timestamp": 1777846118.9061134
  },
  "NFLX": {
    "bid": 92.14,
    "ask": 92.51,
    "spread": 0.37,
    "spread_pct": 0.400758,
    "timestamp": 1777846121.1120303
  },
  "AMD": {
    "bid": 367.09,
    "ask": 368.24,
    "spread": 1.15,
    "spread_pct": 0.312785,
    "timestamp": 1777846121.1782136
  },
  "GER30": {
    "bid": 24426.99,
    "ask": 24428.01,
    "spread": 1.02,
    "spread_pct": 0.004176,
    "timestamp": 1777575685.1484106
  },
  "XAGUSD": {
    "bid": 75.935,
    "ask": 76.039,
    "spread": 0.104,
    "spread_pct": 0.136866,
    "timestamp": 1777846120.455869
  },
  "PLTR": {
    "bid": 146.01,
    "ask": 146.16,
    "spread": 0.15,
    "spread_pct": 0.10268,
    "timestamp": 1777846121.1800451
  },
  "GOOG": {
    "bid": 384.41,
    "ask": 384.81,
    "spread": 0.4,
    "spread_pct": 0.104001,
    "timestamp": 1777662374.3601058
  },
  "NGAS": {
    "bid": 2.7826,
    "ask": 2.7954,
    "spread": 0.0128,
    "spread_pct": 0.458946,
    "timestamp": 1777846103.4080374
  },
  "SP500": {
    "bid": 7269.45,
    "ask": 7269.8,
    "spread": 0.35,
    "spread_pct": 0.004815,
    "timestamp": 1777846121.508621
  },
  "EURUSD": {
    "bid": 1.17366,
    "ask": 1.17376,
    "spread": 0.0001,
    "spread_pct": 0.00852,
    "timestamp": 1777846120.4442074
  },
  "NVIDIA": {
    "bid": 198.35,
    "ask": 198.71,
    "spread": 0.36,
    "spread_pct": 0.181333,
    "timestamp": 1777662374.2304685
  },
  "USOIL": {
    "bid": 99.963,
    "ask": 99.997,
    "spread": 0.034,
    "spread_pct": 0.034007,
    "timestamp": 1777846121.1702638
  },
  "TSLA": {
    "bid": 394.41,
    "ask": 394.88,
    "spread": 0.47,
    "spread_pct": 0.119094,
    "timestamp": 1777846121.1483684
  },
  "AMZN": {
    "bid": 269.25,
    "ask": 269.52,
    "spread": 0.27,
    "spread_pct": 0.100228,
    "timestamp": 1777846121.213793
  },
  "GBPUSD": {
    "bid": 1.35967,
    "ask": 1.35978,
    "spread": 0.00011,
    "spread_pct": 0.00809,
    "timestamp": 1777846118.818146
  },
  "AUDUSD": {
    "bid": 0.72197,
    "ask": 0.72206,
    "spread": 9e-05,
    "spread_pct": 0.012465,
    "timestamp": 1777846117.1013532
  },
  "TSM": {
    "bid": 398.95,
    "ask": 399.49,
    "spread": 0.54,
    "spread_pct": 0.135264,
    "timestamp": 1777846121.280047
  },
  "MSTR": {
    "bid": 178.0,
    "ask": 178.18,
    "spread": 0.18,
    "spread_pct": 0.101072,
    "timestamp": 1777846121.1258175
  },
  "XPTUSD": {
    "bid": 2010.27,
    "ask": 2020.34,
    "spread": 10.07,
    "spread_pct": 0.499676,
    "timestamp": 1777846120.4560325
  },
  "COST": {
    "bid": 1012.93,
    "ask": 1013.94,
    "spread": 1.01,
    "spread_pct": 0.099661,
    "timestamp": 1777846121.1121247
  },
  "XALUSD": {
    "bid": 3502.44,
    "ask": 3517.91,
    "spread": 15.47,
    "spread_pct": 0.440719,
    "timestamp": 1777658171.7225325
  },
  "XPDUSD": {
    "bid": 1543.14,
    "ask": 1550.37,
    "spread": 7.23,
    "spread_pct": 0.46743,
    "timestamp": 1777846120.272887
  }
}