{
  "AAPL": {
    "bid": 296.2,
    "ask": 296.36,
    "spread": 0.16,
    "spread_pct": 0.054003,
    "timestamp": 1779128032.7641187
  },
  "COPPER": {
    "bid": 658.63,
    "ask": 659.03,
    "spread": 0.4,
    "spread_pct": 0.060714,
    "timestamp": 1778745929.310647
  },
  "META": {
    "bid": 612.48,
    "ask": 613.09,
    "spread": 0.61,
    "spread_pct": 0.099546,
    "timestamp": 1779128032.1396606
  },
  "MSFT": {
    "bid": 423.51,
    "ask": 423.61,
    "spread": 0.1,
    "spread_pct": 0.023609,
    "timestamp": 1779128032.2656336
  },
  "ORCL": {
    "bid": 185.76,
    "ask": 185.95,
    "spread": 0.19,
    "spread_pct": 0.10223,
    "timestamp": 1779128033.141593
  },
  "DJ30": {
    "bid": 49551.21,
    "ask": 49552.45,
    "spread": 1.24,
    "spread_pct": 0.002502,
    "timestamp": 1779128032.317577
  },
  "TECH100": {
    "bid": 28931.52,
    "ask": 28931.94,
    "spread": 0.42,
    "spread_pct": 0.001452,
    "timestamp": 1779128032.3303616
  },
  "XAUUSD": {
    "bid": 4545.17,
    "ask": 4545.35,
    "spread": 0.18,
    "spread_pct": 0.00396,
    "timestamp": 1779128032.2646198
  },
  "UK100": {
    "bid": 10325.34,
    "ask": 10326.16,
    "spread": 0.82,
    "spread_pct": 0.007941,
    "timestamp": 1779128032.3949327
  },
  "UKOIL": {
    "bid": 111.43,
    "ask": 111.46,
    "spread": 0.03,
    "spread_pct": 0.026919,
    "timestamp": 1779128032.6029906
  },
  "INTEL": {
    "bid": 106.14,
    "ask": 106.3,
    "spread": 0.16,
    "spread_pct": 0.150631,
    "timestamp": 1779128030.307583
  },
  "JPN225": {
    "bid": 61132.6,
    "ask": 61140.9,
    "spread": 8.3,
    "spread_pct": 0.013576,
    "timestamp": 1779128032.8508697
  },
  "NZDUSD": {
    "bid": 0.58673,
    "ask": 0.58684,
    "spread": 0.00011,
    "spread_pct": 0.018746,
    "timestamp": 1779128032.2655342
  },
  "NFLX": {
    "bid": 89.37,
    "ask": 89.5,
    "spread": 0.13,
    "spread_pct": 0.145357,
    "timestamp": 1779128033.120612
  },
  "AMD": {
    "bid": 414.27,
    "ask": 414.68,
    "spread": 0.41,
    "spread_pct": 0.09892,
    "timestamp": 1779128032.1821408
  },
  "GER30": {
    "bid": 24296.69,
    "ask": 24297.85,
    "spread": 1.16,
    "spread_pct": 0.004774,
    "timestamp": 1779128033.0561764
  },
  "XAGUSD": {
    "bid": 76.79,
    "ask": 76.891,
    "spread": 0.101,
    "spread_pct": 0.131441,
    "timestamp": 1779128032.8981328
  },
  "PLTR": {
    "bid": 134.12,
    "ask": 134.28,
    "spread": 0.16,
    "spread_pct": 0.119225,
    "timestamp": 1779128032.603096
  },
  "GOOG": {
    "bid": 399.9,
    "ask": 400.3,
    "spread": 0.4,
    "spread_pct": 0.099975,
    "timestamp": 1779128032.8518436
  },
  "NGAS": {
    "bid": 3.023,
    "ask": 3.036,
    "spread": 0.013,
    "spread_pct": 0.429114,
    "timestamp": 1779128026.8346589
  },
  "SP500": {
    "bid": 7390.48,
    "ask": 7390.82,
    "spread": 0.34,
    "spread_pct": 0.0046,
    "timestamp": 1779128033.1795447
  },
  "EURUSD": {
    "bid": 1.16451,
    "ask": 1.16461,
    "spread": 0.0001,
    "spread_pct": 0.008587,
    "timestamp": 1779128031.7287009
  },
  "NVIDIA": {
    "bid": 220.09,
    "ask": 220.42,
    "spread": 0.33,
    "spread_pct": 0.149826,
    "timestamp": 1779128032.1756685
  },
  "USOIL": {
    "bid": 103.635,
    "ask": 103.675,
    "spread": 0.04,
    "spread_pct": 0.03859,
    "timestamp": 1779128032.453252
  },
  "TSLA": {
    "bid": 408.03,
    "ask": 408.52,
    "spread": 0.49,
    "spread_pct": 0.120017,
    "timestamp": 1779128032.1293886
  },
  "AMZN": {
    "bid": 264.11,
    "ask": 264.37,
    "spread": 0.26,
    "spread_pct": 0.098395,
    "timestamp": 1779128033.178107
  },
  "GBPUSD": {
    "bid": 1.34175,
    "ask": 1.34183,
    "spread": 8e-05,
    "spread_pct": 0.005962,
    "timestamp": 1779128032.4533212
  },
  "AUDUSD": {
    "bid": 0.71585,
    "ask": 0.71594,
    "spread": 9e-05,
    "spread_pct": 0.012572,
    "timestamp": 1779128032.7332008
  },
  "TSM": {
    "bid": 393.48,
    "ask": 393.87,
    "spread": 0.39,
    "spread_pct": 0.099066,
    "timestamp": 1779128033.1566505
  },
  "MSTR": {
    "bid": 163.62,
    "ask": 163.78,
    "spread": 0.16,
    "spread_pct": 0.09774,
    "timestamp": 1779128032.1515024
  },
  "XPTUSD": {
    "bid": 1970.93,
    "ask": 1980.89,
    "spread": 9.96,
    "spread_pct": 0.504072,
    "timestamp": 1779128030.7857275
  },
  "COST": {
    "bid": 1069.5,
    "ask": 1070.57,
    "spread": 1.07,
    "spread_pct": 0.099997,
    "timestamp": 1779128032.2851892
  },
  "XALUSD": {
    "bid": 3560.48,
    "ask": 3575.72,
    "spread": 15.24,
    "spread_pct": 0.427118,
    "timestamp": 1779120947.9483714
  },
  "XPDUSD": {
    "bid": 1406.86,
    "ask": 1414.4,
    "spread": 7.54,
    "spread_pct": 0.534513,
    "timestamp": 1779128031.1523714
  }
}