{
  "AAPL": {
    "bid": 279.63,
    "ask": 279.91,
    "spread": 0.28,
    "spread_pct": 0.100082,
    "timestamp": 1777876816.115804
  },
  "COPPER": {
    "bid": 595.69,
    "ask": 596.11,
    "spread": 0.42,
    "spread_pct": 0.070482,
    "timestamp": 1777876816.837899
  },
  "META": {
    "bid": 610.94,
    "ask": 611.55,
    "spread": 0.61,
    "spread_pct": 0.099796,
    "timestamp": 1777876816.218478
  },
  "MSFT": {
    "bid": 413.9,
    "ask": 414.31,
    "spread": 0.41,
    "spread_pct": 0.099009,
    "timestamp": 1777876816.1184194
  },
  "ORCL": {
    "bid": 174.08,
    "ask": 174.45,
    "spread": 0.37,
    "spread_pct": 0.21232,
    "timestamp": 1777876816.1521254
  },
  "DJ30": {
    "bid": 49589.88,
    "ask": 49591.12,
    "spread": 1.24,
    "spread_pct": 0.0025,
    "timestamp": 1777876816.8900034
  },
  "TECH100": {
    "bid": 27884.64,
    "ask": 27885.11,
    "spread": 0.47,
    "spread_pct": 0.001686,
    "timestamp": 1777876816.208264
  },
  "XAUUSD": {
    "bid": 4586.28,
    "ask": 4586.48,
    "spread": 0.2,
    "spread_pct": 0.004361,
    "timestamp": 1777876816.2634513
  },
  "UK100": {
    "bid": 10381.58,
    "ask": 10382.42,
    "spread": 0.84,
    "spread_pct": 0.008091,
    "timestamp": 1777662373.31854
  },
  "UKOIL": {
    "bid": 108.391,
    "ask": 108.429,
    "spread": 0.038,
    "spread_pct": 0.035052,
    "timestamp": 1777876816.1732457
  },
  "INTEL": {
    "bid": 99.18,
    "ask": 99.28,
    "spread": 0.1,
    "spread_pct": 0.100776,
    "timestamp": 1777662375.1315198
  },
  "JPN225": {
    "bid": 59846.34,
    "ask": 59853.66,
    "spread": 7.32,
    "spread_pct": 0.012231,
    "timestamp": 1777876814.2684717
  },
  "NZDUSD": {
    "bid": 0.59114,
    "ask": 0.59125,
    "spread": 0.00011,
    "spread_pct": 0.018606,
    "timestamp": 1777876816.7748795
  },
  "NFLX": {
    "bid": 92.17,
    "ask": 92.31,
    "spread": 0.14,
    "spread_pct": 0.151778,
    "timestamp": 1777876816.3346732
  },
  "AMD": {
    "bid": 363.81,
    "ask": 364.17,
    "spread": 0.36,
    "spread_pct": 0.098904,
    "timestamp": 1777876816.2942448
  },
  "GER30": {
    "bid": 24414.88,
    "ask": 24416.12,
    "spread": 1.24,
    "spread_pct": 0.005079,
    "timestamp": 1777876816.1742203
  },
  "XAGUSD": {
    "bid": 74.805,
    "ask": 74.908,
    "spread": 0.103,
    "spread_pct": 0.137597,
    "timestamp": 1777876816.3367472
  },
  "PLTR": {
    "bid": 146.46,
    "ask": 146.61,
    "spread": 0.15,
    "spread_pct": 0.102365,
    "timestamp": 1777876816.2600374
  },
  "GOOG": {
    "bid": 384.41,
    "ask": 384.81,
    "spread": 0.4,
    "spread_pct": 0.104001,
    "timestamp": 1777662374.3601058
  },
  "NGAS": {
    "bid": 2.8389,
    "ask": 2.8511,
    "spread": 0.0122,
    "spread_pct": 0.428822,
    "timestamp": 1777876816.521472
  },
  "SP500": {
    "bid": 7262.22,
    "ask": 7262.53,
    "spread": 0.31,
    "spread_pct": 0.004269,
    "timestamp": 1777876816.208163
  },
  "EURUSD": {
    "bid": 1.17302,
    "ask": 1.17312,
    "spread": 0.0001,
    "spread_pct": 0.008525,
    "timestamp": 1777876816.010305
  },
  "NVIDIA": {
    "bid": 198.35,
    "ask": 198.71,
    "spread": 0.36,
    "spread_pct": 0.181333,
    "timestamp": 1777662374.2304685
  },
  "USOIL": {
    "bid": 101.2,
    "ask": 103.06,
    "spread": 1.86,
    "spread_pct": 1.821208,
    "timestamp": 1777876816.5614738
  },
  "TSLA": {
    "bid": 392.11,
    "ask": 392.58,
    "spread": 0.47,
    "spread_pct": 0.119793,
    "timestamp": 1777876816.2305825
  },
  "AMZN": {
    "bid": 268.8,
    "ask": 269.07,
    "spread": 0.27,
    "spread_pct": 0.100396,
    "timestamp": 1777876816.184244
  },
  "GBPUSD": {
    "bid": 1.35873,
    "ask": 1.35883,
    "spread": 0.0001,
    "spread_pct": 0.00736,
    "timestamp": 1777876816.2817574
  },
  "AUDUSD": {
    "bid": 0.72018,
    "ask": 0.72028,
    "spread": 0.0001,
    "spread_pct": 0.013884,
    "timestamp": 1777876816.7749782
  },
  "TSM": {
    "bid": 405.24,
    "ask": 405.65,
    "spread": 0.41,
    "spread_pct": 0.101123,
    "timestamp": 1777876816.315569
  },
  "MSTR": {
    "bid": 182.39,
    "ask": 182.57,
    "spread": 0.18,
    "spread_pct": 0.098641,
    "timestamp": 1777876816.207407
  },
  "XPTUSD": {
    "bid": 1993.68,
    "ask": 2003.48,
    "spread": 9.8,
    "spread_pct": 0.490348,
    "timestamp": 1777876815.9646757
  },
  "COST": {
    "bid": 1007.97,
    "ask": 1012.47,
    "spread": 4.5,
    "spread_pct": 0.445448,
    "timestamp": 1777876816.1975014
  },
  "XALUSD": {
    "bid": 3502.44,
    "ask": 3517.91,
    "spread": 15.47,
    "spread_pct": 0.440719,
    "timestamp": 1777658171.7225325
  },
  "XPDUSD": {
    "bid": 1520.02,
    "ask": 1527.54,
    "spread": 7.52,
    "spread_pct": 0.49351,
    "timestamp": 1777876816.6482785
  }
}