{
  "AAPL": {
    "bid": 280.56,
    "ask": 280.84,
    "spread": 0.28,
    "spread_pct": 0.099751,
    "timestamp": 1777760579.1251836
  },
  "COPPER": {
    "bid": 596.46,
    "ask": 596.84,
    "spread": 0.38,
    "spread_pct": 0.063689,
    "timestamp": 1777666280.2936547
  },
  "META": {
    "bid": 609.18,
    "ask": 609.79,
    "spread": 0.61,
    "spread_pct": 0.100084,
    "timestamp": 1777760579.2158353
  },
  "MSFT": {
    "bid": 413.56,
    "ask": 413.97,
    "spread": 0.41,
    "spread_pct": 0.09909,
    "timestamp": 1777760579.1409168
  },
  "ORCL": {
    "bid": 171.83,
    "ask": 172.39,
    "spread": 0.56,
    "spread_pct": 0.325373,
    "timestamp": 1777760578.1933382
  },
  "DJ30": {
    "bid": 49642.41,
    "ask": 49643.59,
    "spread": 1.18,
    "spread_pct": 0.002377,
    "timestamp": 1777666280.1980872
  },
  "TECH100": {
    "bid": 27822.53,
    "ask": 27822.97,
    "spread": 0.44,
    "spread_pct": 0.001581,
    "timestamp": 1777666280.1983428
  },
  "XAUUSD": {
    "bid": 4609.54,
    "ask": 4609.76,
    "spread": 0.22,
    "spread_pct": 0.004773,
    "timestamp": 1777666280.5434732
  },
  "UK100": {
    "bid": 10381.58,
    "ask": 10382.42,
    "spread": 0.84,
    "spread_pct": 0.008091,
    "timestamp": 1777662373.31854
  },
  "UKOIL": {
    "bid": 108.666,
    "ask": 108.704,
    "spread": 0.038,
    "spread_pct": 0.034963,
    "timestamp": 1777666280.1979585
  },
  "INTEL": {
    "bid": 99.18,
    "ask": 99.28,
    "spread": 0.1,
    "spread_pct": 0.100776,
    "timestamp": 1777662375.1315198
  },
  "JPN225": {
    "bid": 59393.28,
    "ask": 59401.72,
    "spread": 8.44,
    "spread_pct": 0.014209,
    "timestamp": 1777666278.8218699
  },
  "NZDUSD": {
    "bid": 0.59005,
    "ask": 0.59014,
    "spread": 9e-05,
    "spread_pct": 0.015252,
    "timestamp": 1777666280.642546
  },
  "NFLX": {
    "bid": 92.2,
    "ask": 92.34,
    "spread": 0.14,
    "spread_pct": 0.151729,
    "timestamp": 1777760579.1255383
  },
  "AMD": {
    "bid": 361.47,
    "ask": 362.41,
    "spread": 0.94,
    "spread_pct": 0.259712,
    "timestamp": 1777760579.1407523
  },
  "GER30": {
    "bid": 24426.99,
    "ask": 24428.01,
    "spread": 1.02,
    "spread_pct": 0.004176,
    "timestamp": 1777575685.1484106
  },
  "XAGUSD": {
    "bid": 75.344,
    "ask": 75.445,
    "spread": 0.101,
    "spread_pct": 0.133962,
    "timestamp": 1777666280.642441
  },
  "PLTR": {
    "bid": 144.6,
    "ask": 144.74,
    "spread": 0.14,
    "spread_pct": 0.096772,
    "timestamp": 1777760578.193437
  },
  "GOOG": {
    "bid": 384.41,
    "ask": 384.81,
    "spread": 0.4,
    "spread_pct": 0.104001,
    "timestamp": 1777662374.3601058
  },
  "NGAS": {
    "bid": 2.7819,
    "ask": 2.7951,
    "spread": 0.0132,
    "spread_pct": 0.473373,
    "timestamp": 1777666275.8224218
  },
  "SP500": {
    "bid": 7254.21,
    "ask": 7254.54,
    "spread": 0.33,
    "spread_pct": 0.004549,
    "timestamp": 1777666280.3818333
  },
  "EURUSD": {
    "bid": 1.17219,
    "ask": 1.1723,
    "spread": 0.00011,
    "spread_pct": 0.009384,
    "timestamp": 1777666280.4591417
  },
  "NVIDIA": {
    "bid": 198.35,
    "ask": 198.71,
    "spread": 0.36,
    "spread_pct": 0.181333,
    "timestamp": 1777662374.2304685
  },
  "USOIL": {
    "bid": 102.23,
    "ask": 102.27,
    "spread": 0.04,
    "spread_pct": 0.03912,
    "timestamp": 1777666280.1978364
  },
  "TSLA": {
    "bid": 391.73,
    "ask": 392.2,
    "spread": 0.47,
    "spread_pct": 0.119909,
    "timestamp": 1777760578.2571948
  },
  "AMZN": {
    "bid": 267.55,
    "ask": 267.82,
    "spread": 0.27,
    "spread_pct": 0.100865,
    "timestamp": 1777760579.106512
  },
  "GBPUSD": {
    "bid": 1.35738,
    "ask": 1.35746,
    "spread": 8e-05,
    "spread_pct": 0.005894,
    "timestamp": 1777666280.3819585
  },
  "AUDUSD": {
    "bid": 0.72055,
    "ask": 0.72065,
    "spread": 0.0001,
    "spread_pct": 0.013877,
    "timestamp": 1777666280.121894
  },
  "TSM": {
    "bid": 398.22,
    "ask": 398.67,
    "spread": 0.45,
    "spread_pct": 0.112939,
    "timestamp": 1777760579.1408486
  },
  "MSTR": {
    "bid": 177.2,
    "ask": 177.38,
    "spread": 0.18,
    "spread_pct": 0.101529,
    "timestamp": 1777760578.3137236
  },
  "XPTUSD": {
    "bid": 1982.23,
    "ask": 1992.46,
    "spread": 10.23,
    "spread_pct": 0.514757,
    "timestamp": 1777666280.7420793
  },
  "COST": {
    "bid": 1009.51,
    "ask": 1011.19,
    "spread": 1.68,
    "spread_pct": 0.166279,
    "timestamp": 1777760578.1570969
  },
  "XALUSD": {
    "bid": 3502.44,
    "ask": 3517.91,
    "spread": 15.47,
    "spread_pct": 0.440719,
    "timestamp": 1777658171.7225325
  },
  "XPDUSD": {
    "bid": 1524.26,
    "ask": 1531.74,
    "spread": 7.48,
    "spread_pct": 0.489529,
    "timestamp": 1777666279.7133005
  }
}