{
  "AAPL": {
    "bid": 276.39,
    "ask": 276.67,
    "spread": 0.28,
    "spread_pct": 0.101255,
    "timestamp": 1777936442.1245196
  },
  "COPPER": {
    "bid": 585.88,
    "ask": 586.28,
    "spread": 0.4,
    "spread_pct": 0.06825,
    "timestamp": 1777936441.1263258
  },
  "META": {
    "bid": 609.83,
    "ask": 610.44,
    "spread": 0.61,
    "spread_pct": 0.099978,
    "timestamp": 1777936442.1101723
  },
  "MSFT": {
    "bid": 413.2,
    "ask": 413.61,
    "spread": 0.41,
    "spread_pct": 0.099176,
    "timestamp": 1777936442.2546937
  },
  "ORCL": {
    "bid": 180.9,
    "ask": 181.08,
    "spread": 0.18,
    "spread_pct": 0.099453,
    "timestamp": 1777936442.0804422
  },
  "DJ30": {
    "bid": 49095.41,
    "ask": 49096.59,
    "spread": 1.18,
    "spread_pct": 0.002403,
    "timestamp": 1777936441.126441
  },
  "TECH100": {
    "bid": 27757.27,
    "ask": 27757.73,
    "spread": 0.46,
    "spread_pct": 0.001657,
    "timestamp": 1777936442.3168378
  },
  "XAUUSD": {
    "bid": 4519.73,
    "ask": 4519.93,
    "spread": 0.2,
    "spread_pct": 0.004425,
    "timestamp": 1777936442.589534
  },
  "UK100": {
    "bid": 10381.58,
    "ask": 10382.42,
    "spread": 0.84,
    "spread_pct": 0.008091,
    "timestamp": 1777662373.31854
  },
  "UKOIL": {
    "bid": 113.999,
    "ask": 114.031,
    "spread": 0.032,
    "spread_pct": 0.028066,
    "timestamp": 1777925329.8312502
  },
  "INTEL": {
    "bid": 96.46,
    "ask": 96.62,
    "spread": 0.16,
    "spread_pct": 0.165734,
    "timestamp": 1777920631.2741215
  },
  "JPN225": {
    "bid": 59483.13,
    "ask": 59491.87,
    "spread": 8.74,
    "spread_pct": 0.014692,
    "timestamp": 1777925336.5719671
  },
  "NZDUSD": {
    "bid": 0.58703,
    "ask": 0.58712,
    "spread": 9e-05,
    "spread_pct": 0.01533,
    "timestamp": 1777936441.3571143
  },
  "NFLX": {
    "bid": 91.19,
    "ask": 91.33,
    "spread": 0.14,
    "spread_pct": 0.153408,
    "timestamp": 1777936442.1226757
  },
  "AMD": {
    "bid": 343.55,
    "ask": 343.89,
    "spread": 0.34,
    "spread_pct": 0.098918,
    "timestamp": 1777936442.1323593
  },
  "GER30": {
    "bid": 23988.45,
    "ask": 23989.55,
    "spread": 1.1,
    "spread_pct": 0.004585,
    "timestamp": 1777920630.5081723
  },
  "XAGUSD": {
    "bid": 72.576,
    "ask": 72.679,
    "spread": 0.103,
    "spread_pct": 0.14182,
    "timestamp": 1777936442.1207025
  },
  "PLTR": {
    "bid": 141.94,
    "ask": 142.08,
    "spread": 0.14,
    "spread_pct": 0.098585,
    "timestamp": 1777936442.1558757
  },
  "GOOG": {
    "bid": 383.13,
    "ask": 383.53,
    "spread": 0.4,
    "spread_pct": 0.104349,
    "timestamp": 1777920631.1498659
  },
  "NGAS": {
    "bid": 2.8433,
    "ask": 2.8557,
    "spread": 0.0124,
    "spread_pct": 0.435164,
    "timestamp": 1777936437.8994267
  },
  "SP500": {
    "bid": 7228.45,
    "ask": 7228.8,
    "spread": 0.35,
    "spread_pct": 0.004842,
    "timestamp": 1777936442.5891757
  },
  "EURUSD": {
    "bid": 1.16902,
    "ask": 1.1691,
    "spread": 8e-05,
    "spread_pct": 0.006843,
    "timestamp": 1777936441.3569176
  },
  "NVIDIA": {
    "bid": 197.45,
    "ask": 197.79,
    "spread": 0.34,
    "spread_pct": 0.172047,
    "timestamp": 1777920630.2724364
  },
  "USOIL": {
    "bid": 104.02,
    "ask": 105.82,
    "spread": 1.8,
    "spread_pct": 1.715593,
    "timestamp": 1777936442.5471544
  },
  "TSLA": {
    "bid": 391.84,
    "ask": 392.31,
    "spread": 0.47,
    "spread_pct": 0.119875,
    "timestamp": 1777936442.1246402
  },
  "AMZN": {
    "bid": 272.32,
    "ask": 272.59,
    "spread": 0.27,
    "spread_pct": 0.099099,
    "timestamp": 1777936442.3338742
  },
  "GBPUSD": {
    "bid": 1.35283,
    "ask": 1.35295,
    "spread": 0.00012,
    "spread_pct": 0.00887,
    "timestamp": 1777936440.2236583
  },
  "AUDUSD": {
    "bid": 0.71671,
    "ask": 0.7168,
    "spread": 9e-05,
    "spread_pct": 0.012557,
    "timestamp": 1777936442.355289
  },
  "TSM": {
    "bid": 400.52,
    "ask": 400.92,
    "spread": 0.4,
    "spread_pct": 0.09982,
    "timestamp": 1777936442.2197323
  },
  "MSTR": {
    "bid": 184.27,
    "ask": 184.45,
    "spread": 0.18,
    "spread_pct": 0.097635,
    "timestamp": 1777936442.2548096
  },
  "XPTUSD": {
    "bid": 1940.97,
    "ask": 1951.22,
    "spread": 10.25,
    "spread_pct": 0.526696,
    "timestamp": 1777936440.5281014
  },
  "COST": {
    "bid": 1011.74,
    "ask": 1012.75,
    "spread": 1.01,
    "spread_pct": 0.099778,
    "timestamp": 1777936442.1978185
  },
  "XALUSD": {
    "bid": 3502.44,
    "ask": 3517.91,
    "spread": 15.47,
    "spread_pct": 0.440719,
    "timestamp": 1777658171.7225325
  },
  "XPDUSD": {
    "bid": 1479.6,
    "ask": 1487.15,
    "spread": 7.55,
    "spread_pct": 0.508974,
    "timestamp": 1777936441.7239356
  }
}