{
  "AAPL": {
    "bid": 269.82,
    "ask": 270.0,
    "spread": 0.18,
    "spread_pct": 0.066689,
    "timestamp": 1777402555.240041
  },
  "COPPER": {
    "bid": 597.35,
    "ask": 597.75,
    "spread": 0.4,
    "spread_pct": 0.06694,
    "timestamp": 1777425721.6168313
  },
  "META": {
    "bid": 671.41,
    "ask": 672.21,
    "spread": 0.8,
    "spread_pct": 0.119081,
    "timestamp": 1777402555.141898
  },
  "MSFT": {
    "bid": 427.11,
    "ask": 427.23,
    "spread": 0.12,
    "spread_pct": 0.028092,
    "timestamp": 1777402555.4344442
  },
  "ORCL": {
    "bid": 166.46,
    "ask": 166.62,
    "spread": 0.16,
    "spread_pct": 0.096073,
    "timestamp": 1777402554.1626806
  },
  "DJ30": {
    "bid": 49379.89,
    "ask": 49381.11,
    "spread": 1.22,
    "spread_pct": 0.002471,
    "timestamp": 1777425721.1830878
  },
  "TECH100": {
    "bid": 27230.39,
    "ask": 27230.86,
    "spread": 0.47,
    "spread_pct": 0.001726,
    "timestamp": 1777425722.3465164
  },
  "XAUUSD": {
    "bid": 4583.85,
    "ask": 4584.05,
    "spread": 0.2,
    "spread_pct": 0.004363,
    "timestamp": 1777425722.1218545
  },
  "UK100": {
    "bid": 10312.09,
    "ask": 10312.91,
    "spread": 0.82,
    "spread_pct": 0.007952,
    "timestamp": 1777425721.6169112
  },
  "UKOIL": {
    "bid": 104.739,
    "ask": 104.771,
    "spread": 0.032,
    "spread_pct": 0.030547,
    "timestamp": 1777425721.230492
  },
  "INTEL": {
    "bid": 84.04,
    "ask": 84.14,
    "spread": 0.1,
    "spread_pct": 0.11892,
    "timestamp": 1777402555.5210788
  },
  "JPN225": {
    "bid": 59280.59,
    "ask": 59289.41,
    "spread": 8.82,
    "spread_pct": 0.014877,
    "timestamp": 1777425721.5550938
  },
  "NZDUSD": {
    "bid": 0.58817,
    "ask": 0.58827,
    "spread": 0.0001,
    "spread_pct": 0.017,
    "timestamp": 1777425722.1220486
  },
  "NFLX": {
    "bid": 91.44,
    "ask": 92.52,
    "spread": 1.08,
    "spread_pct": 1.174168,
    "timestamp": 1777402554.2028255
  },
  "AMD": {
    "bid": 324.37,
    "ask": 324.51,
    "spread": 0.14,
    "spread_pct": 0.043151,
    "timestamp": 1777402555.682999
  },
  "GER30": {
    "bid": 24140.43,
    "ask": 24141.57,
    "spread": 1.14,
    "spread_pct": 0.004722,
    "timestamp": 1777425722.3480213
  },
  "XAGUSD": {
    "bid": 73.173,
    "ask": 73.278,
    "spread": 0.105,
    "spread_pct": 0.143393,
    "timestamp": 1777425721.370274
  },
  "PLTR": {
    "bid": 141.52,
    "ask": 141.7,
    "spread": 0.18,
    "spread_pct": 0.12711,
    "timestamp": 1777402555.5207434
  },
  "GOOG": {
    "bid": 349.47,
    "ask": 349.89,
    "spread": 0.42,
    "spread_pct": 0.12011,
    "timestamp": 1777402555.5450108
  },
  "NGAS": {
    "bid": 2.6714,
    "ask": 2.6836,
    "spread": 0.0122,
    "spread_pct": 0.455649,
    "timestamp": 1777425715.5264385
  },
  "SP500": {
    "bid": 7177.35,
    "ask": 7177.65,
    "spread": 0.3,
    "spread_pct": 0.00418,
    "timestamp": 1777425721.370119
  },
  "EURUSD": {
    "bid": 1.17091,
    "ask": 1.171,
    "spread": 9e-05,
    "spread_pct": 0.007686,
    "timestamp": 1777425721.425083
  },
  "NVIDIA": {
    "bid": 213.5,
    "ask": 213.85,
    "spread": 0.35,
    "spread_pct": 0.1638,
    "timestamp": 1777402555.6406739
  },
  "USOIL": {
    "bid": 100.109,
    "ask": 100.141,
    "spread": 0.032,
    "spread_pct": 0.03196,
    "timestamp": 1777425722.1221223
  },
  "TSLA": {
    "bid": 377.41,
    "ask": 377.95,
    "spread": 0.54,
    "spread_pct": 0.142978,
    "timestamp": 1777402555.4564366
  },
  "AMZN": {
    "bid": 258.75,
    "ask": 259.07,
    "spread": 0.32,
    "spread_pct": 0.123595,
    "timestamp": 1777402555.3799934
  },
  "GBPUSD": {
    "bid": 1.35161,
    "ask": 1.35172,
    "spread": 0.00011,
    "spread_pct": 0.008138,
    "timestamp": 1777425722.2257245
  },
  "AUDUSD": {
    "bid": 0.71783,
    "ask": 0.71795,
    "spread": 0.00012,
    "spread_pct": 0.016716,
    "timestamp": 1777425722.2587261
  },
  "TSM": {
    "bid": 392.43,
    "ask": 392.9,
    "spread": 0.47,
    "spread_pct": 0.119695,
    "timestamp": 1777402555.1968126
  },
  "MSTR": {
    "bid": 166.07,
    "ask": 166.75,
    "spread": 0.68,
    "spread_pct": 0.408629,
    "timestamp": 1777402555.7611969
  },
  "XPTUSD": {
    "bid": 1915.61,
    "ask": 1925.52,
    "spread": 9.91,
    "spread_pct": 0.515994,
    "timestamp": 1777425722.3482687
  },
  "COST": {
    "bid": 988.45,
    "ask": 988.97,
    "spread": 0.52,
    "spread_pct": 0.052594,
    "timestamp": 1777402554.3323452
  },
  "XALUSD": {
    "bid": 3534.6,
    "ask": 3550.0,
    "spread": 15.4,
    "spread_pct": 0.434746,
    "timestamp": 1777425713.3301115
  },
  "XPDUSD": {
    "bid": 1441.39,
    "ask": 1448.89,
    "spread": 7.5,
    "spread_pct": 0.518981,
    "timestamp": 1777425721.9028792
  }
}