{
  "AAPL": {
    "bid": 294.04,
    "ask": 294.33,
    "spread": 0.29,
    "spread_pct": 0.098577,
    "timestamp": 1778334272.2814484
  },
  "COPPER": {
    "bid": 629.38,
    "ask": 629.78,
    "spread": 0.4,
    "spread_pct": 0.063534,
    "timestamp": 1778270026.7271461
  },
  "META": {
    "bid": 609.82,
    "ask": 610.43,
    "spread": 0.61,
    "spread_pct": 0.09998,
    "timestamp": 1778334272.313181
  },
  "MSFT": {
    "bid": 415.57,
    "ask": 415.99,
    "spread": 0.42,
    "spread_pct": 0.101015,
    "timestamp": 1778334272.2284594
  },
  "ORCL": {
    "bid": 195.46,
    "ask": 195.67,
    "spread": 0.21,
    "spread_pct": 0.107381,
    "timestamp": 1778334272.1836495
  },
  "DJ30": {
    "bid": 49674.9,
    "ask": 49676.1,
    "spread": 1.2,
    "spread_pct": 0.002416,
    "timestamp": 1778270030.670275
  },
  "TECH100": {
    "bid": 29304.8,
    "ask": 29305.2,
    "spread": 0.4,
    "spread_pct": 0.001365,
    "timestamp": 1778270030.1841438
  },
  "XAUUSD": {
    "bid": 4723.87,
    "ask": 4724.07,
    "spread": 0.2,
    "spread_pct": 0.004234,
    "timestamp": 1778270030.3713307
  },
  "UK100": {
    "bid": 10249.84,
    "ask": 10250.66,
    "spread": 0.82,
    "spread_pct": 0.008,
    "timestamp": 1778270030.3714488
  },
  "UKOIL": {
    "bid": 100.61,
    "ask": 100.64,
    "spread": 0.03,
    "spread_pct": 0.029814,
    "timestamp": 1778270030.4007065
  },
  "INTEL": {
    "bid": 124.73,
    "ask": 124.89,
    "spread": 0.16,
    "spread_pct": 0.128195,
    "timestamp": 1778270030.4008458
  },
  "JPN225": {
    "bid": 63590.55,
    "ask": 63599.45,
    "spread": 8.9,
    "spread_pct": 0.013995,
    "timestamp": 1778270029.2987144
  },
  "NZDUSD": {
    "bid": 0.59604,
    "ask": 0.59614,
    "spread": 0.0001,
    "spread_pct": 0.016776,
    "timestamp": 1778270029.6477547
  },
  "NFLX": {
    "bid": 87.74,
    "ask": 87.9,
    "spread": 0.16,
    "spread_pct": 0.182191,
    "timestamp": 1778334272.2815614
  },
  "AMD": {
    "bid": 460.83,
    "ask": 461.29,
    "spread": 0.46,
    "spread_pct": 0.09977,
    "timestamp": 1778334272.3120558
  },
  "GER30": {
    "bid": 24450.95,
    "ask": 24452.05,
    "spread": 1.1,
    "spread_pct": 0.004499,
    "timestamp": 1778270029.1098595
  },
  "XAGUSD": {
    "bid": 80.607,
    "ask": 80.708,
    "spread": 0.101,
    "spread_pct": 0.125221,
    "timestamp": 1778270030.1840584
  },
  "PLTR": {
    "bid": 137.15,
    "ask": 137.29,
    "spread": 0.14,
    "spread_pct": 0.102026,
    "timestamp": 1778334272.1835432
  },
  "GOOG": {
    "bid": 401.27,
    "ask": 401.73,
    "spread": 0.46,
    "spread_pct": 0.11457,
    "timestamp": 1778270030.3699174
  },
  "NGAS": {
    "bid": 2.747,
    "ask": 2.76,
    "spread": 0.013,
    "spread_pct": 0.472126,
    "timestamp": 1778270028.7632387
  },
  "SP500": {
    "bid": 7417.97,
    "ask": 7418.28,
    "spread": 0.31,
    "spread_pct": 0.004179,
    "timestamp": 1778270030.43182
  },
  "EURUSD": {
    "bid": 1.17768,
    "ask": 1.17779,
    "spread": 0.00011,
    "spread_pct": 0.00934,
    "timestamp": 1778270030.5841424
  },
  "NVIDIA": {
    "bid": 214.87,
    "ask": 215.17,
    "spread": 0.3,
    "spread_pct": 0.139522,
    "timestamp": 1778270030.6704366
  },
  "USOIL": {
    "bid": 94.919,
    "ask": 94.951,
    "spread": 0.032,
    "spread_pct": 0.033707,
    "timestamp": 1778270030.2739236
  },
  "TSLA": {
    "bid": 427.74,
    "ask": 428.25,
    "spread": 0.51,
    "spread_pct": 0.11916,
    "timestamp": 1778334272.0963814
  },
  "AMZN": {
    "bid": 272.69,
    "ask": 272.96,
    "spread": 0.27,
    "spread_pct": 0.098965,
    "timestamp": 1778334272.163551
  },
  "GBPUSD": {
    "bid": 1.36224,
    "ask": 1.36234,
    "spread": 0.0001,
    "spread_pct": 0.007341,
    "timestamp": 1778270030.4777102
  },
  "AUDUSD": {
    "bid": 0.72431,
    "ask": 0.72442,
    "spread": 0.00011,
    "spread_pct": 0.015186,
    "timestamp": 1778270030.3063142
  },
  "TSM": {
    "bid": 411.12,
    "ask": 411.53,
    "spread": 0.41,
    "spread_pct": 0.099678,
    "timestamp": 1778334272.14195
  },
  "MSTR": {
    "bid": 188.59,
    "ask": 188.78,
    "spread": 0.19,
    "spread_pct": 0.100697,
    "timestamp": 1778334272.377367
  },
  "XPTUSD": {
    "bid": 2049.61,
    "ask": 2059.79,
    "spread": 10.18,
    "spread_pct": 0.495449,
    "timestamp": 1778270029.9213827
  },
  "COST": {
    "bid": 1010.98,
    "ask": 1011.99,
    "spread": 1.01,
    "spread_pct": 0.099853,
    "timestamp": 1778334272.3253653
  },
  "XALUSD": {
    "bid": 3495.06,
    "ask": 3510.34,
    "spread": 15.28,
    "spread_pct": 0.436235,
    "timestamp": 1778260227.2062135
  },
  "XPDUSD": {
    "bid": 1486.74,
    "ask": 1494.0,
    "spread": 7.26,
    "spread_pct": 0.487127,
    "timestamp": 1778270029.680233
  }
}