{
  "AAPL": {
    "bid": 276.31,
    "ask": 276.59,
    "spread": 0.28,
    "spread_pct": 0.101284,
    "timestamp": 1777976294.1811736
  },
  "COPPER": {
    "bid": 596.9,
    "ask": 597.3,
    "spread": 0.4,
    "spread_pct": 0.06699,
    "timestamp": 1777976289.1410468
  },
  "META": {
    "bid": 613.55,
    "ask": 614.16,
    "spread": 0.61,
    "spread_pct": 0.099372,
    "timestamp": 1777976294.319647
  },
  "MSFT": {
    "bid": 415.76,
    "ask": 416.18,
    "spread": 0.42,
    "spread_pct": 0.100969,
    "timestamp": 1777976294.2584224
  },
  "ORCL": {
    "bid": 184.23,
    "ask": 184.41,
    "spread": 0.18,
    "spread_pct": 0.097656,
    "timestamp": 1777976294.2317703
  },
  "DJ30": {
    "bid": 49202.36,
    "ask": 49203.64,
    "spread": 1.28,
    "spread_pct": 0.002601,
    "timestamp": 1777976292.3530667
  },
  "TECH100": {
    "bid": 27934.41,
    "ask": 27934.84,
    "spread": 0.43,
    "spread_pct": 0.001539,
    "timestamp": 1777976294.526827
  },
  "XAUUSD": {
    "bid": 4553.64,
    "ask": 4553.84,
    "spread": 0.2,
    "spread_pct": 0.004392,
    "timestamp": 1777976293.5314238
  },
  "UK100": {
    "bid": 10258.15,
    "ask": 10258.85,
    "spread": 0.7,
    "spread_pct": 0.006824,
    "timestamp": 1777976294.1447265
  },
  "UKOIL": {
    "bid": 112.961,
    "ask": 112.999,
    "spread": 0.038,
    "spread_pct": 0.033634,
    "timestamp": 1777976294.419227
  },
  "INTEL": {
    "bid": 96.46,
    "ask": 96.62,
    "spread": 0.16,
    "spread_pct": 0.165734,
    "timestamp": 1777920631.2741215
  },
  "JPN225": {
    "bid": 59830.0,
    "ask": 59870.0,
    "spread": 40.0,
    "spread_pct": 0.066834,
    "timestamp": 1777976291.8851128
  },
  "NZDUSD": {
    "bid": 0.58836,
    "ask": 0.58844,
    "spread": 8e-05,
    "spread_pct": 0.013596,
    "timestamp": 1777976294.6331923
  },
  "NFLX": {
    "bid": 91.41,
    "ask": 91.9,
    "spread": 0.49,
    "spread_pct": 0.534613,
    "timestamp": 1777976294.1444073
  },
  "AMD": {
    "bid": 348.31,
    "ask": 348.66,
    "spread": 0.35,
    "spread_pct": 0.100435,
    "timestamp": 1777976294.1125908
  },
  "GER30": {
    "bid": 24343.4,
    "ask": 24344.6,
    "spread": 1.2,
    "spread_pct": 0.004929,
    "timestamp": 1777976294.526899
  },
  "XAGUSD": {
    "bid": 73.608,
    "ask": 73.709,
    "spread": 0.101,
    "spread_pct": 0.137119,
    "timestamp": 1777976294.4623766
  },
  "PLTR": {
    "bid": 141.17,
    "ask": 141.31,
    "spread": 0.14,
    "spread_pct": 0.099122,
    "timestamp": 1777976294.191985
  },
  "GOOG": {
    "bid": 383.13,
    "ask": 383.53,
    "spread": 0.4,
    "spread_pct": 0.104349,
    "timestamp": 1777920631.1498659
  },
  "NGAS": {
    "bid": 2.828,
    "ask": 2.841,
    "spread": 0.013,
    "spread_pct": 0.458635,
    "timestamp": 1777976284.710144
  },
  "SP500": {
    "bid": 7254.96,
    "ask": 7255.29,
    "spread": 0.33,
    "spread_pct": 0.004549,
    "timestamp": 1777976294.5267415
  },
  "EURUSD": {
    "bid": 1.16899,
    "ask": 1.16908,
    "spread": 9e-05,
    "spread_pct": 0.007699,
    "timestamp": 1777976293.5315852
  },
  "NVIDIA": {
    "bid": 197.45,
    "ask": 197.79,
    "spread": 0.34,
    "spread_pct": 0.172047,
    "timestamp": 1777920630.2724364
  },
  "USOIL": {
    "bid": 104.238,
    "ask": 104.272,
    "spread": 0.034,
    "spread_pct": 0.032612,
    "timestamp": 1777976294.232096
  },
  "TSLA": {
    "bid": 393.1,
    "ask": 393.57,
    "spread": 0.47,
    "spread_pct": 0.119491,
    "timestamp": 1777976294.1236482
  },
  "AMZN": {
    "bid": 273.77,
    "ask": 274.04,
    "spread": 0.27,
    "spread_pct": 0.098574,
    "timestamp": 1777976294.2585382
  },
  "GBPUSD": {
    "bid": 1.35436,
    "ask": 1.35444,
    "spread": 8e-05,
    "spread_pct": 0.005907,
    "timestamp": 1777976294.3405406
  },
  "AUDUSD": {
    "bid": 0.71655,
    "ask": 0.71667,
    "spread": 0.00012,
    "spread_pct": 0.016746,
    "timestamp": 1777976292.7759087
  },
  "TSM": {
    "bid": 401.18,
    "ask": 401.58,
    "spread": 0.4,
    "spread_pct": 0.099656,
    "timestamp": 1777976294.2040477
  },
  "MSTR": {
    "bid": 187.92,
    "ask": 188.11,
    "spread": 0.19,
    "spread_pct": 0.101056,
    "timestamp": 1777976294.2880225
  },
  "XPTUSD": {
    "bid": 1977.36,
    "ask": 1987.59,
    "spread": 10.23,
    "spread_pct": 0.516022,
    "timestamp": 1777976292.2182286
  },
  "COST": {
    "bid": 1012.67,
    "ask": 1016.23,
    "spread": 3.56,
    "spread_pct": 0.350929,
    "timestamp": 1777976294.2881408
  },
  "XALUSD": {
    "bid": 3529.6,
    "ask": 3545.0,
    "spread": 15.4,
    "spread_pct": 0.43536,
    "timestamp": 1777976289.697271
  },
  "XPDUSD": {
    "bid": 1506.1,
    "ask": 1513.62,
    "spread": 7.52,
    "spread_pct": 0.498059,
    "timestamp": 1777976289.2184925
  }
}