{
  "AAPL": {
    "bid": 287.3,
    "ask": 287.59,
    "spread": 0.29,
    "spread_pct": 0.100889,
    "timestamp": 1778110095.1640224
  },
  "COPPER": {
    "bid": 617.8,
    "ask": 618.2,
    "spread": 0.4,
    "spread_pct": 0.064725,
    "timestamp": 1778110095.037281
  },
  "META": {
    "bid": 612.31,
    "ask": 612.92,
    "spread": 0.61,
    "spread_pct": 0.099573,
    "timestamp": 1778110095.1139257
  },
  "MSFT": {
    "bid": 413.66,
    "ask": 414.07,
    "spread": 0.41,
    "spread_pct": 0.099066,
    "timestamp": 1778110095.3517735
  },
  "ORCL": {
    "bid": 191.93,
    "ask": 192.12,
    "spread": 0.19,
    "spread_pct": 0.098945,
    "timestamp": 1778110095.250925
  },
  "DJ30": {
    "bid": 49991.97,
    "ask": 49993.03,
    "spread": 1.06,
    "spread_pct": 0.00212,
    "timestamp": 1778110091.3823752
  },
  "TECH100": {
    "bid": 28674.89,
    "ask": 28675.36,
    "spread": 0.47,
    "spread_pct": 0.001639,
    "timestamp": 1778110094.6643546
  },
  "XAUUSD": {
    "bid": 4690.67,
    "ask": 4690.85,
    "spread": 0.18,
    "spread_pct": 0.003837,
    "timestamp": 1778110095.3402178
  },
  "UK100": {
    "bid": 10439.65,
    "ask": 10440.35,
    "spread": 0.7,
    "spread_pct": 0.006705,
    "timestamp": 1778093843.331283
  },
  "UKOIL": {
    "bid": 101.936,
    "ask": 101.974,
    "spread": 0.038,
    "spread_pct": 0.037271,
    "timestamp": 1778103376.5015516
  },
  "INTEL": {
    "bid": 112.21,
    "ask": 112.35,
    "spread": 0.14,
    "spread_pct": 0.124688,
    "timestamp": 1778093843.2089787
  },
  "JPN225": {
    "bid": 62316.38,
    "ask": 62323.62,
    "spread": 7.24,
    "spread_pct": 0.011617,
    "timestamp": 1778098854.450849
  },
  "NZDUSD": {
    "bid": 0.59542,
    "ask": 0.5955,
    "spread": 8e-05,
    "spread_pct": 0.013435,
    "timestamp": 1778110094.2569866
  },
  "NFLX": {
    "bid": 88.1,
    "ask": 88.23,
    "spread": 0.13,
    "spread_pct": 0.147451,
    "timestamp": 1778110095.176776
  },
  "AMD": {
    "bid": 416.06,
    "ask": 416.48,
    "spread": 0.42,
    "spread_pct": 0.100896,
    "timestamp": 1778110095.2405093
  },
  "GER30": {
    "bid": 25034.35,
    "ask": 25035.65,
    "spread": 1.3,
    "spread_pct": 0.005193,
    "timestamp": 1778093843.3318365
  },
  "XAGUSD": {
    "bid": 77.339,
    "ask": 77.44,
    "spread": 0.101,
    "spread_pct": 0.130509,
    "timestamp": 1778110095.340364
  },
  "PLTR": {
    "bid": 133.65,
    "ask": 133.78,
    "spread": 0.13,
    "spread_pct": 0.097222,
    "timestamp": 1778110095.1122825
  },
  "GOOG": {
    "bid": 396.65,
    "ask": 397.09,
    "spread": 0.44,
    "spread_pct": 0.110868,
    "timestamp": 1778093843.2086306
  },
  "NGAS": {
    "bid": 2.7152,
    "ask": 2.7278,
    "spread": 0.0126,
    "spread_pct": 0.46298,
    "timestamp": 1778106544.6815262
  },
  "SP500": {
    "bid": 7379.47,
    "ask": 7379.78,
    "spread": 0.31,
    "spread_pct": 0.004201,
    "timestamp": 1778110094.5219681
  },
  "EURUSD": {
    "bid": 1.17484,
    "ask": 1.17493,
    "spread": 9e-05,
    "spread_pct": 0.00766,
    "timestamp": 1778110094.2164695
  },
  "NVIDIA": {
    "bid": 206.89,
    "ask": 207.21,
    "spread": 0.32,
    "spread_pct": 0.154552,
    "timestamp": 1778093843.5791183
  },
  "USOIL": {
    "bid": 94.95,
    "ask": 96.82,
    "spread": 1.87,
    "spread_pct": 1.950253,
    "timestamp": 1778106559.7703333
  },
  "TSLA": {
    "bid": 396.93,
    "ask": 397.41,
    "spread": 0.48,
    "spread_pct": 0.120855,
    "timestamp": 1778110095.3402982
  },
  "AMZN": {
    "bid": 274.81,
    "ask": 275.08,
    "spread": 0.27,
    "spread_pct": 0.098201,
    "timestamp": 1778110095.2185934
  },
  "GBPUSD": {
    "bid": 1.35924,
    "ask": 1.35936,
    "spread": 0.00012,
    "spread_pct": 0.008828,
    "timestamp": 1778110094.7719173
  },
  "AUDUSD": {
    "bid": 0.72363,
    "ask": 0.72372,
    "spread": 9e-05,
    "spread_pct": 0.012437,
    "timestamp": 1778110094.7718294
  },
  "TSM": {
    "bid": 417.11,
    "ask": 417.53,
    "spread": 0.42,
    "spread_pct": 0.100642,
    "timestamp": 1778110095.240591
  },
  "MSTR": {
    "bid": 185.31,
    "ask": 185.5,
    "spread": 0.19,
    "spread_pct": 0.102478,
    "timestamp": 1778110095.1967776
  },
  "XPTUSD": {
    "bid": 2056.78,
    "ask": 2066.6,
    "spread": 9.82,
    "spread_pct": 0.476308,
    "timestamp": 1778110090.7003832
  },
  "COST": {
    "bid": 996.92,
    "ask": 997.92,
    "spread": 1.0,
    "spread_pct": 0.100259,
    "timestamp": 1778110095.3401008
  },
  "XALUSD": {
    "bid": 3520.86,
    "ask": 3536.24,
    "spread": 15.38,
    "spread_pct": 0.435873,
    "timestamp": 1778087974.3581412
  },
  "XPDUSD": {
    "bid": 1535.1,
    "ask": 1542.38,
    "spread": 7.28,
    "spread_pct": 0.473114,
    "timestamp": 1778110095.5529408
  }
}