{
  "AAPL": {
    "bid": 283.26,
    "ask": 283.54,
    "spread": 0.28,
    "spread_pct": 0.0988,
    "timestamp": 1777643857.299168
  },
  "COPPER": {
    "bid": 598.44,
    "ask": 598.82,
    "spread": 0.38,
    "spread_pct": 0.063478,
    "timestamp": 1777643856.4128149
  },
  "META": {
    "bid": 612.92,
    "ask": 613.53,
    "spread": 0.61,
    "spread_pct": 0.099474,
    "timestamp": 1777643857.2467153
  },
  "MSFT": {
    "bid": 413.84,
    "ask": 413.94,
    "spread": 0.1,
    "spread_pct": 0.024161,
    "timestamp": 1777643857.1818657
  },
  "ORCL": {
    "bid": 169.24,
    "ask": 169.41,
    "spread": 0.17,
    "spread_pct": 0.100399,
    "timestamp": 1777643857.190185
  },
  "DJ30": {
    "bid": 50053.98,
    "ask": 50055.02,
    "spread": 1.04,
    "spread_pct": 0.002078,
    "timestamp": 1777643857.4866822
  },
  "TECH100": {
    "bid": 27841.66,
    "ask": 27842.09,
    "spread": 0.43,
    "spread_pct": 0.001544,
    "timestamp": 1777643857.246674
  },
  "XAUUSD": {
    "bid": 4626.96,
    "ask": 4627.16,
    "spread": 0.2,
    "spread_pct": 0.004322,
    "timestamp": 1777643857.3674462
  },
  "UK100": {
    "bid": 10363.62,
    "ask": 10364.38,
    "spread": 0.76,
    "spread_pct": 0.007333,
    "timestamp": 1777643857.28845
  },
  "UKOIL": {
    "bid": 107.988,
    "ask": 108.022,
    "spread": 0.034,
    "spread_pct": 0.03148,
    "timestamp": 1777643857.4865437
  },
  "INTEL": {
    "bid": 97.36,
    "ask": 97.52,
    "spread": 0.16,
    "spread_pct": 0.164204,
    "timestamp": 1777643857.2885432
  },
  "JPN225": {
    "bid": 59428.48,
    "ask": 59436.52,
    "spread": 8.04,
    "spread_pct": 0.013528,
    "timestamp": 1777643856.8348062
  },
  "NZDUSD": {
    "bid": 0.59079,
    "ask": 0.5909,
    "spread": 0.00011,
    "spread_pct": 0.018617,
    "timestamp": 1777643857.355499
  },
  "NFLX": {
    "bid": 94.12,
    "ask": 94.26,
    "spread": 0.14,
    "spread_pct": 0.148636,
    "timestamp": 1777643857.2465684
  },
  "AMD": {
    "bid": 353.9,
    "ask": 354.44,
    "spread": 0.54,
    "spread_pct": 0.152469,
    "timestamp": 1777643857.3002763
  },
  "GER30": {
    "bid": 24426.99,
    "ask": 24428.01,
    "spread": 1.02,
    "spread_pct": 0.004176,
    "timestamp": 1777575685.1484106
  },
  "XAGUSD": {
    "bid": 76.272,
    "ask": 76.374,
    "spread": 0.102,
    "spread_pct": 0.133643,
    "timestamp": 1777643857.1191192
  },
  "PLTR": {
    "bid": 144.28,
    "ask": 144.42,
    "spread": 0.14,
    "spread_pct": 0.096986,
    "timestamp": 1777643857.3324375
  },
  "GOOG": {
    "bid": 383.01,
    "ask": 383.41,
    "spread": 0.4,
    "spread_pct": 0.104381,
    "timestamp": 1777643856.165344
  },
  "NGAS": {
    "bid": 2.7643,
    "ask": 2.7767,
    "spread": 0.0124,
    "spread_pct": 0.447573,
    "timestamp": 1777643856.6130269
  },
  "SP500": {
    "bid": 7288.21,
    "ask": 7288.54,
    "spread": 0.33,
    "spread_pct": 0.004528,
    "timestamp": 1777643857.2466247
  },
  "EURUSD": {
    "bid": 1.17619,
    "ask": 1.17628,
    "spread": 9e-05,
    "spread_pct": 0.007652,
    "timestamp": 1777643856.2300236
  },
  "NVIDIA": {
    "bid": 199.46,
    "ask": 199.78,
    "spread": 0.32,
    "spread_pct": 0.160305,
    "timestamp": 1777643857.6056101
  },
  "USOIL": {
    "bid": 100.632,
    "ask": 100.668,
    "spread": 0.036,
    "spread_pct": 0.035768,
    "timestamp": 1777643857.371792
  },
  "TSLA": {
    "bid": 383.48,
    "ask": 384.02,
    "spread": 0.54,
    "spread_pct": 0.140717,
    "timestamp": 1777643857.6056912
  },
  "AMZN": {
    "bid": 268.4,
    "ask": 268.67,
    "spread": 0.27,
    "spread_pct": 0.100546,
    "timestamp": 1777643857.3100986
  },
  "GBPUSD": {
    "bid": 1.36388,
    "ask": 1.36396,
    "spread": 8e-05,
    "spread_pct": 0.005865,
    "timestamp": 1777643857.486629
  },
  "AUDUSD": {
    "bid": 0.72125,
    "ask": 0.72134,
    "spread": 9e-05,
    "spread_pct": 0.012478,
    "timestamp": 1777643856.9759922
  },
  "TSM": {
    "bid": 400.33,
    "ask": 400.78,
    "spread": 0.45,
    "spread_pct": 0.112344,
    "timestamp": 1777643857.2886417
  },
  "MSTR": {
    "bid": 174.26,
    "ask": 175.0,
    "spread": 0.74,
    "spread_pct": 0.423753,
    "timestamp": 1777643857.6057467
  },
  "XPTUSD": {
    "bid": 2009.6,
    "ask": 2019.43,
    "spread": 9.83,
    "spread_pct": 0.487959,
    "timestamp": 1777643857.371628
  },
  "COST": {
    "bid": 1023.11,
    "ask": 1024.22,
    "spread": 1.11,
    "spread_pct": 0.108434,
    "timestamp": 1777643857.1918664
  },
  "XALUSD": {
    "bid": 3512.88,
    "ask": 3528.22,
    "spread": 15.34,
    "spread_pct": 0.435727,
    "timestamp": 1777643854.4128885
  },
  "XPDUSD": {
    "bid": 1541.85,
    "ask": 1549.31,
    "spread": 7.46,
    "spread_pct": 0.482667,
    "timestamp": 1777643857.1816907
  }
}