{
  "AAPL": {
    "bid": 270.04,
    "ask": 270.22,
    "spread": 0.18,
    "spread_pct": 0.066635,
    "timestamp": 1777059403.1095536
  },
  "COPPER": {
    "bid": 607.46,
    "ask": 607.88,
    "spread": 0.42,
    "spread_pct": 0.069116,
    "timestamp": 1777240956.826096
  },
  "META": {
    "bid": 676.18,
    "ask": 677.0,
    "spread": 0.82,
    "spread_pct": 0.121196,
    "timestamp": 1777059400.6640484
  },
  "MSFT": {
    "bid": 423.33,
    "ask": 423.49,
    "spread": 0.16,
    "spread_pct": 0.037788,
    "timestamp": 1777059402.2954955
  },
  "ORCL": {
    "bid": 173.44,
    "ask": 173.6,
    "spread": 0.16,
    "spread_pct": 0.092208,
    "timestamp": 1777059402.2959394
  },
  "DJ30": {
    "bid": 49290.95,
    "ask": 49292.05,
    "spread": 1.1,
    "spread_pct": 0.002232,
    "timestamp": 1777244137.901294
  },
  "TECH100": {
    "bid": 27391.89,
    "ask": 27392.36,
    "spread": 0.47,
    "spread_pct": 0.001716,
    "timestamp": 1777244136.3711338
  },
  "XAUUSD": {
    "bid": 4684.04,
    "ask": 4684.24,
    "spread": 0.2,
    "spread_pct": 0.00427,
    "timestamp": 1777244137.3625915
  },
  "UK100": {
    "bid": 10389.61,
    "ask": 10390.39,
    "spread": 0.78,
    "spread_pct": 0.007507,
    "timestamp": 1777059402.9202387
  },
  "UKOIL": {
    "bid": 101.203,
    "ask": 101.237,
    "spread": 0.034,
    "spread_pct": 0.03359,
    "timestamp": 1777244137.1934247
  },
  "INTEL": {
    "bid": 80.89,
    "ask": 81.03,
    "spread": 0.14,
    "spread_pct": 0.172925,
    "timestamp": 1777059403.1093316
  },
  "JPN225": {
    "bid": 59977.99,
    "ask": 59987.01,
    "spread": 9.02,
    "spread_pct": 0.015038,
    "timestamp": 1777062424.5481002
  },
  "NZDUSD": {
    "bid": 0.58711,
    "ask": 0.58722,
    "spread": 0.00011,
    "spread_pct": 0.018734,
    "timestamp": 1777244136.6918175
  },
  "NFLX": {
    "bid": 91.9,
    "ask": 92.94,
    "spread": 1.04,
    "spread_pct": 1.125298,
    "timestamp": 1777059402.984387
  },
  "AMD": {
    "bid": 345.64,
    "ask": 345.84,
    "spread": 0.2,
    "spread_pct": 0.057847,
    "timestamp": 1777059403.1096587
  },
  "GER30": {
    "bid": 24359.89,
    "ask": 24361.11,
    "spread": 1.22,
    "spread_pct": 0.005008,
    "timestamp": 1777059402.4746032
  },
  "XAGUSD": {
    "bid": 75.076,
    "ask": 75.179,
    "spread": 0.103,
    "spread_pct": 0.1371,
    "timestamp": 1777244137.1079075
  },
  "PLTR": {
    "bid": 142.59,
    "ask": 142.73,
    "spread": 0.14,
    "spread_pct": 0.098135,
    "timestamp": 1777059403.1097336
  },
  "GOOG": {
    "bid": 344.29,
    "ask": 344.71,
    "spread": 0.42,
    "spread_pct": 0.121916,
    "timestamp": 1777059402.4018574
  },
  "NGAS": {
    "bid": 2.6888,
    "ask": 2.7012,
    "spread": 0.0124,
    "spread_pct": 0.460111,
    "timestamp": 1777244135.8843641
  },
  "SP500": {
    "bid": 7180.7,
    "ask": 7181.05,
    "spread": 0.35,
    "spread_pct": 0.004874,
    "timestamp": 1777244137.9006977
  },
  "EURUSD": {
    "bid": 1.17066,
    "ask": 1.17076,
    "spread": 0.0001,
    "spread_pct": 0.008542,
    "timestamp": 1777244135.6492567
  },
  "NVIDIA": {
    "bid": 208.25,
    "ask": 208.58,
    "spread": 0.33,
    "spread_pct": 0.158338,
    "timestamp": 1777059402.2326934
  },
  "USOIL": {
    "bid": 96.188,
    "ask": 96.222,
    "spread": 0.034,
    "spread_pct": 0.035341,
    "timestamp": 1777244137.5198135
  },
  "TSLA": {
    "bid": 376.97,
    "ask": 377.49,
    "spread": 0.52,
    "spread_pct": 0.137847,
    "timestamp": 1777059402.600363
  },
  "AMZN": {
    "bid": 263.79,
    "ask": 264.09,
    "spread": 0.3,
    "spread_pct": 0.113662,
    "timestamp": 1777059402.2325428
  },
  "GBPUSD": {
    "bid": 1.35142,
    "ask": 1.35152,
    "spread": 0.0001,
    "spread_pct": 0.007399,
    "timestamp": 1777244131.3350186
  },
  "AUDUSD": {
    "bid": 0.71437,
    "ask": 0.71445,
    "spread": 8e-05,
    "spread_pct": 0.011198,
    "timestamp": 1777244135.7574215
  },
  "TSM": {
    "bid": 403.31,
    "ask": 403.78,
    "spread": 0.47,
    "spread_pct": 0.116468,
    "timestamp": 1777059402.232916
  },
  "MSTR": {
    "bid": 170.66,
    "ask": 171.38,
    "spread": 0.72,
    "spread_pct": 0.421003,
    "timestamp": 1777059402.9841743
  },
  "XPTUSD": {
    "bid": 2000.38,
    "ask": 2010.28,
    "spread": 9.9,
    "spread_pct": 0.493684,
    "timestamp": 1777244137.5944047
  },
  "COST": {
    "bid": 1010.06,
    "ask": 1010.62,
    "spread": 0.56,
    "spread_pct": 0.055427,
    "timestamp": 1777059400.371591
  },
  "XALUSD": {
    "bid": 3595.73,
    "ask": 3611.07,
    "spread": 15.34,
    "spread_pct": 0.425709,
    "timestamp": 1777052799.255632
  },
  "XPDUSD": {
    "bid": 1486.4,
    "ask": 1493.6,
    "spread": 7.2,
    "spread_pct": 0.483221,
    "timestamp": 1777244132.0538335
  }
}