{
  "AAPL": {
    "bid": 287.57,
    "ask": 287.86,
    "spread": 0.29,
    "spread_pct": 0.100794,
    "timestamp": 1778106559.344407
  },
  "COPPER": {
    "bid": 618.68,
    "ask": 619.08,
    "spread": 0.4,
    "spread_pct": 0.064633,
    "timestamp": 1778106556.929857
  },
  "META": {
    "bid": 612.42,
    "ask": 613.03,
    "spread": 0.61,
    "spread_pct": 0.099555,
    "timestamp": 1778106559.1741827
  },
  "MSFT": {
    "bid": 413.8,
    "ask": 414.21,
    "spread": 0.41,
    "spread_pct": 0.099033,
    "timestamp": 1778106559.379401
  },
  "ORCL": {
    "bid": 191.31,
    "ask": 191.83,
    "spread": 0.52,
    "spread_pct": 0.271441,
    "timestamp": 1778106560.1022093
  },
  "DJ30": {
    "bid": 49998.43,
    "ask": 49999.57,
    "spread": 1.14,
    "spread_pct": 0.00228,
    "timestamp": 1778106558.394422
  },
  "TECH100": {
    "bid": 28654.28,
    "ask": 28654.72,
    "spread": 0.44,
    "spread_pct": 0.001536,
    "timestamp": 1778106559.1066494
  },
  "XAUUSD": {
    "bid": 4694.46,
    "ask": 4694.64,
    "spread": 0.18,
    "spread_pct": 0.003834,
    "timestamp": 1778106559.466468
  },
  "UK100": {
    "bid": 10439.65,
    "ask": 10440.35,
    "spread": 0.7,
    "spread_pct": 0.006705,
    "timestamp": 1778093843.331283
  },
  "UKOIL": {
    "bid": 101.936,
    "ask": 101.974,
    "spread": 0.038,
    "spread_pct": 0.037271,
    "timestamp": 1778103376.5015516
  },
  "INTEL": {
    "bid": 112.21,
    "ask": 112.35,
    "spread": 0.14,
    "spread_pct": 0.124688,
    "timestamp": 1778093843.2089787
  },
  "JPN225": {
    "bid": 62316.38,
    "ask": 62323.62,
    "spread": 7.24,
    "spread_pct": 0.011617,
    "timestamp": 1778098854.450849
  },
  "NZDUSD": {
    "bid": 0.59556,
    "ask": 0.59566,
    "spread": 0.0001,
    "spread_pct": 0.01679,
    "timestamp": 1778106552.657953
  },
  "NFLX": {
    "bid": 88.26,
    "ask": 88.39,
    "spread": 0.13,
    "spread_pct": 0.147184,
    "timestamp": 1778106560.1017091
  },
  "AMD": {
    "bid": 414.53,
    "ask": 414.94,
    "spread": 0.41,
    "spread_pct": 0.098858,
    "timestamp": 1778106559.1490672
  },
  "GER30": {
    "bid": 25034.35,
    "ask": 25035.65,
    "spread": 1.3,
    "spread_pct": 0.005193,
    "timestamp": 1778093843.3318365
  },
  "XAGUSD": {
    "bid": 77.291,
    "ask": 77.396,
    "spread": 0.105,
    "spread_pct": 0.135758,
    "timestamp": 1778106560.1024482
  },
  "PLTR": {
    "bid": 133.57,
    "ask": 133.7,
    "spread": 0.13,
    "spread_pct": 0.09728,
    "timestamp": 1778106559.2574804
  },
  "GOOG": {
    "bid": 396.65,
    "ask": 397.09,
    "spread": 0.44,
    "spread_pct": 0.110868,
    "timestamp": 1778093843.2086306
  },
  "NGAS": {
    "bid": 2.7152,
    "ask": 2.7278,
    "spread": 0.0126,
    "spread_pct": 0.46298,
    "timestamp": 1778106544.6815262
  },
  "SP500": {
    "bid": 7377.2,
    "ask": 7377.55,
    "spread": 0.35,
    "spread_pct": 0.004744,
    "timestamp": 1778106559.106457
  },
  "EURUSD": {
    "bid": 1.17493,
    "ask": 1.17501,
    "spread": 8e-05,
    "spread_pct": 0.006809,
    "timestamp": 1778106559.116129
  },
  "NVIDIA": {
    "bid": 206.89,
    "ask": 207.21,
    "spread": 0.32,
    "spread_pct": 0.154552,
    "timestamp": 1778093843.5791183
  },
  "USOIL": {
    "bid": 94.95,
    "ask": 96.82,
    "spread": 1.87,
    "spread_pct": 1.950253,
    "timestamp": 1778106559.7703333
  },
  "TSLA": {
    "bid": 396.65,
    "ask": 397.13,
    "spread": 0.48,
    "spread_pct": 0.12094,
    "timestamp": 1778106560.1230812
  },
  "AMZN": {
    "bid": 274.88,
    "ask": 275.16,
    "spread": 0.28,
    "spread_pct": 0.101811,
    "timestamp": 1778106559.3120422
  },
  "GBPUSD": {
    "bid": 1.35926,
    "ask": 1.35935,
    "spread": 9e-05,
    "spread_pct": 0.006621,
    "timestamp": 1778106560.081001
  },
  "AUDUSD": {
    "bid": 0.72376,
    "ask": 0.72386,
    "spread": 0.0001,
    "spread_pct": 0.013816,
    "timestamp": 1778106559.598621
  },
  "TSM": {
    "bid": 414.89,
    "ask": 415.31,
    "spread": 0.42,
    "spread_pct": 0.10118,
    "timestamp": 1778106559.3150883
  },
  "MSTR": {
    "bid": 184.83,
    "ask": 185.01,
    "spread": 0.18,
    "spread_pct": 0.097339,
    "timestamp": 1778106560.1015575
  },
  "XPTUSD": {
    "bid": 2057.53,
    "ask": 2067.37,
    "spread": 9.84,
    "spread_pct": 0.477102,
    "timestamp": 1778106546.7623575
  },
  "COST": {
    "bid": 996.25,
    "ask": 997.25,
    "spread": 1.0,
    "spread_pct": 0.100326,
    "timestamp": 1778106559.3360517
  },
  "XALUSD": {
    "bid": 3520.86,
    "ask": 3536.24,
    "spread": 15.38,
    "spread_pct": 0.435873,
    "timestamp": 1778087974.3581412
  },
  "XPDUSD": {
    "bid": 1535.54,
    "ask": 1542.96,
    "spread": 7.42,
    "spread_pct": 0.482053,
    "timestamp": 1778106558.7962108
  }
}