{
  "AAPL": {
    "bid": 298.4,
    "ask": 298.7,
    "spread": 0.3,
    "spread_pct": 0.100486,
    "timestamp": 1778795031.2708163
  },
  "COPPER": {
    "bid": 658.63,
    "ask": 659.03,
    "spread": 0.4,
    "spread_pct": 0.060714,
    "timestamp": 1778745929.310647
  },
  "META": {
    "bid": 617.39,
    "ask": 618.01,
    "spread": 0.62,
    "spread_pct": 0.100372,
    "timestamp": 1778795032.1416206
  },
  "MSFT": {
    "bid": 408.04,
    "ask": 408.45,
    "spread": 0.41,
    "spread_pct": 0.10043,
    "timestamp": 1778795032.1742876
  },
  "ORCL": {
    "bid": 196.8,
    "ask": 197.27,
    "spread": 0.47,
    "spread_pct": 0.238536,
    "timestamp": 1778795032.210961
  },
  "DJ30": {
    "bid": 50124.21,
    "ask": 50125.37,
    "spread": 1.16,
    "spread_pct": 0.002314,
    "timestamp": 1778790394.3032076
  },
  "TECH100": {
    "bid": 29681.74,
    "ask": 29682.22,
    "spread": 0.48,
    "spread_pct": 0.001617,
    "timestamp": 1778790394.3022342
  },
  "XAUUSD": {
    "bid": 4647.41,
    "ask": 4647.59,
    "spread": 0.18,
    "spread_pct": 0.003873,
    "timestamp": 1778790394.322855
  },
  "UK100": {
    "bid": 10392.15,
    "ask": 10392.87,
    "spread": 0.72,
    "spread_pct": 0.006928,
    "timestamp": 1778784739.8225543
  },
  "UKOIL": {
    "bid": 106.488,
    "ask": 106.526,
    "spread": 0.038,
    "spread_pct": 0.035678,
    "timestamp": 1778790392.8310153
  },
  "INTEL": {
    "bid": 116.42,
    "ask": 116.52,
    "spread": 0.1,
    "spread_pct": 0.085859,
    "timestamp": 1778784741.5946746
  },
  "JPN225": {
    "bid": 63008.0,
    "ask": 63048.0,
    "spread": 40.0,
    "spread_pct": 0.063464,
    "timestamp": 1778790392.5238888
  },
  "NZDUSD": {
    "bid": 0.59111,
    "ask": 0.59123,
    "spread": 0.00012,
    "spread_pct": 0.020299,
    "timestamp": 1778795029.231829
  },
  "NFLX": {
    "bid": 86.83,
    "ask": 86.96,
    "spread": 0.13,
    "spread_pct": 0.149606,
    "timestamp": 1778795032.1928895
  },
  "AMD": {
    "bid": 448.45,
    "ask": 448.9,
    "spread": 0.45,
    "spread_pct": 0.100295,
    "timestamp": 1778795032.268433
  },
  "GER30": {
    "bid": 24411.98,
    "ask": 24413.24,
    "spread": 1.26,
    "spread_pct": 0.005161,
    "timestamp": 1778784741.0223985
  },
  "XAGUSD": {
    "bid": 83.208,
    "ask": 83.313,
    "spread": 0.105,
    "spread_pct": 0.12611,
    "timestamp": 1778790393.2575982
  },
  "PLTR": {
    "bid": 133.31,
    "ask": 133.44,
    "spread": 0.13,
    "spread_pct": 0.09747,
    "timestamp": 1778795032.2111042
  },
  "GOOG": {
    "bid": 399.93,
    "ask": 400.37,
    "spread": 0.44,
    "spread_pct": 0.109959,
    "timestamp": 1778784739.2200098
  },
  "NGAS": {
    "bid": 2.9081,
    "ask": 2.9207,
    "spread": 0.0126,
    "spread_pct": 0.432336,
    "timestamp": 1778790391.7096734
  },
  "SP500": {
    "bid": 7517.38,
    "ask": 7517.74,
    "spread": 0.36,
    "spread_pct": 0.004789,
    "timestamp": 1778790393.084575
  },
  "EURUSD": {
    "bid": 1.16692,
    "ask": 1.167,
    "spread": 8e-05,
    "spread_pct": 0.006855,
    "timestamp": 1778795030.2900507
  },
  "NVIDIA": {
    "bid": 235.8,
    "ask": 236.12,
    "spread": 0.32,
    "spread_pct": 0.135616,
    "timestamp": 1778784740.8841429
  },
  "USOIL": {
    "bid": 97.62,
    "ask": 97.654,
    "spread": 0.034,
    "spread_pct": 0.034823,
    "timestamp": 1778790393.957463
  },
  "TSLA": {
    "bid": 442.86,
    "ask": 443.39,
    "spread": 0.53,
    "spread_pct": 0.119605,
    "timestamp": 1778795031.3284175
  },
  "AMZN": {
    "bid": 267.06,
    "ask": 267.33,
    "spread": 0.27,
    "spread_pct": 0.10105,
    "timestamp": 1778795031.2495742
  },
  "GBPUSD": {
    "bid": 1.34026,
    "ask": 1.34035,
    "spread": 9e-05,
    "spread_pct": 0.006715,
    "timestamp": 1778795031.282393
  },
  "AUDUSD": {
    "bid": 0.72188,
    "ask": 0.72196,
    "spread": 8e-05,
    "spread_pct": 0.011082,
    "timestamp": 1778795031.2825334
  },
  "TSM": {
    "bid": 418.07,
    "ask": 418.49,
    "spread": 0.42,
    "spread_pct": 0.100411,
    "timestamp": 1778795031.207391
  },
  "MSTR": {
    "bid": 186.71,
    "ask": 186.9,
    "spread": 0.19,
    "spread_pct": 0.10171,
    "timestamp": 1778795032.1620429
  },
  "XPTUSD": {
    "bid": 2052.46,
    "ask": 2062.32,
    "spread": 9.86,
    "spread_pct": 0.479248,
    "timestamp": 1778790392.3935316
  },
  "COST": {
    "bid": 1039.3,
    "ask": 1041.9,
    "spread": 2.6,
    "spread_pct": 0.249856,
    "timestamp": 1778795032.2112215
  },
  "XALUSD": {
    "bid": 3638.33,
    "ask": 3653.57,
    "spread": 15.24,
    "spread_pct": 0.417998,
    "timestamp": 1778777570.373426
  },
  "XPDUSD": {
    "bid": 1446.67,
    "ask": 1453.89,
    "spread": 7.22,
    "spread_pct": 0.497835,
    "timestamp": 1778784739.3263402
  }
}