{
  "AAPL": {
    "bid": 269.53,
    "ask": 269.8,
    "spread": 0.27,
    "spread_pct": 0.100124,
    "timestamp": 1777454919.3031905
  },
  "COPPER": {
    "bid": 599.91,
    "ask": 600.29,
    "spread": 0.38,
    "spread_pct": 0.063323,
    "timestamp": 1777454918.5066864
  },
  "META": {
    "bid": 671.41,
    "ask": 672.21,
    "spread": 0.8,
    "spread_pct": 0.119081,
    "timestamp": 1777402555.141898
  },
  "MSFT": {
    "bid": 427.11,
    "ask": 427.23,
    "spread": 0.12,
    "spread_pct": 0.028092,
    "timestamp": 1777402555.4344442
  },
  "ORCL": {
    "bid": 165.53,
    "ask": 165.63,
    "spread": 0.1,
    "spread_pct": 0.060394,
    "timestamp": 1777454918.6661375
  },
  "DJ30": {
    "bid": 49296.93,
    "ask": 49298.07,
    "spread": 1.14,
    "spread_pct": 0.002312,
    "timestamp": 1777454918.715219
  },
  "TECH100": {
    "bid": 27250.01,
    "ask": 27250.49,
    "spread": 0.48,
    "spread_pct": 0.001761,
    "timestamp": 1777454919.2646682
  },
  "XAUUSD": {
    "bid": 4569.31,
    "ask": 4569.51,
    "spread": 0.2,
    "spread_pct": 0.004377,
    "timestamp": 1777454919.2987816
  },
  "UK100": {
    "bid": 10277.6,
    "ask": 10278.4,
    "spread": 0.8,
    "spread_pct": 0.007784,
    "timestamp": 1777454918.7153268
  },
  "UKOIL": {
    "bid": 107.664,
    "ask": 107.696,
    "spread": 0.032,
    "spread_pct": 0.029718,
    "timestamp": 1777454919.1202793
  },
  "INTEL": {
    "bid": 84.04,
    "ask": 84.14,
    "spread": 0.1,
    "spread_pct": 0.11892,
    "timestamp": 1777402555.5210788
  },
  "JPN225": {
    "bid": 59240.48,
    "ask": 59249.52,
    "spread": 9.04,
    "spread_pct": 0.015259,
    "timestamp": 1777454918.6663225
  },
  "NZDUSD": {
    "bid": 0.58556,
    "ask": 0.58566,
    "spread": 0.0001,
    "spread_pct": 0.017076,
    "timestamp": 1777454918.421751
  },
  "NFLX": {
    "bid": 91.92,
    "ask": 92.06,
    "spread": 0.14,
    "spread_pct": 0.15219,
    "timestamp": 1777454919.1121457
  },
  "AMD": {
    "bid": 327.24,
    "ask": 327.57,
    "spread": 0.33,
    "spread_pct": 0.100793,
    "timestamp": 1777454919.1742377
  },
  "GER30": {
    "bid": 24099.49,
    "ask": 24100.51,
    "spread": 1.02,
    "spread_pct": 0.004232,
    "timestamp": 1777454919.6230755
  },
  "XAGUSD": {
    "bid": 72.708,
    "ask": 72.809,
    "spread": 0.101,
    "spread_pct": 0.138815,
    "timestamp": 1777454919.2989454
  },
  "PLTR": {
    "bid": 140.79,
    "ask": 140.81,
    "spread": 0.02,
    "spread_pct": 0.014205,
    "timestamp": 1777454913.9595997
  },
  "GOOG": {
    "bid": 349.47,
    "ask": 349.89,
    "spread": 0.42,
    "spread_pct": 0.12011,
    "timestamp": 1777402555.5450108
  },
  "NGAS": {
    "bid": 2.6701,
    "ask": 2.6829,
    "spread": 0.0128,
    "spread_pct": 0.478237,
    "timestamp": 1777454919.174373
  },
  "SP500": {
    "bid": 7173.71,
    "ask": 7174.04,
    "spread": 0.33,
    "spread_pct": 0.0046,
    "timestamp": 1777454919.4797978
  },
  "EURUSD": {
    "bid": 1.17006,
    "ask": 1.17017,
    "spread": 0.00011,
    "spread_pct": 0.009401,
    "timestamp": 1777454919.264735
  },
  "NVIDIA": {
    "bid": 213.5,
    "ask": 213.85,
    "spread": 0.35,
    "spread_pct": 0.1638,
    "timestamp": 1777402555.6406739
  },
  "USOIL": {
    "bid": 102.54,
    "ask": 104.4,
    "spread": 1.86,
    "spread_pct": 1.797622,
    "timestamp": 1777454919.6224318
  },
  "TSLA": {
    "bid": 377.41,
    "ask": 377.95,
    "spread": 0.54,
    "spread_pct": 0.142978,
    "timestamp": 1777402555.4564366
  },
  "AMZN": {
    "bid": 259.41,
    "ask": 259.67,
    "spread": 0.26,
    "spread_pct": 0.100177,
    "timestamp": 1777454919.3776267
  },
  "GBPUSD": {
    "bid": 1.35017,
    "ask": 1.35028,
    "spread": 0.00011,
    "spread_pct": 0.008147,
    "timestamp": 1777454919.264557
  },
  "AUDUSD": {
    "bid": 0.71544,
    "ask": 0.71555,
    "spread": 0.00011,
    "spread_pct": 0.015374,
    "timestamp": 1777454919.2988775
  },
  "TSM": {
    "bid": 392.43,
    "ask": 392.9,
    "spread": 0.47,
    "spread_pct": 0.119695,
    "timestamp": 1777402555.1968126
  },
  "MSTR": {
    "bid": 167.34,
    "ask": 167.51,
    "spread": 0.17,
    "spread_pct": 0.101538,
    "timestamp": 1777454919.3259501
  },
  "XPTUSD": {
    "bid": 1917.33,
    "ask": 1927.6,
    "spread": 10.27,
    "spread_pct": 0.53421,
    "timestamp": 1777454919.120162
  },
  "COST": {
    "bid": 992.79,
    "ask": 993.78,
    "spread": 0.99,
    "spread_pct": 0.099669,
    "timestamp": 1777454919.2299695
  },
  "XALUSD": {
    "bid": 3542.4,
    "ask": 3557.8,
    "spread": 15.4,
    "spread_pct": 0.433791,
    "timestamp": 1777454906.01306
  },
  "XPDUSD": {
    "bid": 1446.7,
    "ask": 1454.0,
    "spread": 7.3,
    "spread_pct": 0.503327,
    "timestamp": 1777454919.0001464
  }
}