{
  "AAPL": {
    "bid": 271.77,
    "ask": 272.04,
    "spread": 0.27,
    "spread_pct": 0.099299,
    "timestamp": 1777551762.2054908
  },
  "COPPER": {
    "bid": 598.64,
    "ask": 599.06,
    "spread": 0.42,
    "spread_pct": 0.070134,
    "timestamp": 1777551761.9239883
  },
  "META": {
    "bid": 608.84,
    "ask": 609.45,
    "spread": 0.61,
    "spread_pct": 0.10014,
    "timestamp": 1777551762.3241496
  },
  "MSFT": {
    "bid": 418.39,
    "ask": 418.81,
    "spread": 0.42,
    "spread_pct": 0.100334,
    "timestamp": 1777551762.324013
  },
  "ORCL": {
    "bid": 163.84,
    "ask": 164.0,
    "spread": 0.16,
    "spread_pct": 0.097609,
    "timestamp": 1777551762.237521
  },
  "DJ30": {
    "bid": 49389.89,
    "ask": 49391.11,
    "spread": 1.22,
    "spread_pct": 0.00247,
    "timestamp": 1777551760.6870575
  },
  "TECH100": {
    "bid": 27511.77,
    "ask": 27512.23,
    "spread": 0.46,
    "spread_pct": 0.001672,
    "timestamp": 1777551762.2502563
  },
  "XAUUSD": {
    "bid": 4634.83,
    "ask": 4635.03,
    "spread": 0.2,
    "spread_pct": 0.004315,
    "timestamp": 1777551762.1716845
  },
  "UK100": {
    "bid": 10382.08,
    "ask": 10382.92,
    "spread": 0.84,
    "spread_pct": 0.008091,
    "timestamp": 1777551762.507684
  },
  "UKOIL": {
    "bid": 108.817,
    "ask": 108.853,
    "spread": 0.036,
    "spread_pct": 0.033078,
    "timestamp": 1777551762.2280412
  },
  "INTEL": {
    "bid": 94.43,
    "ask": 94.55,
    "spread": 0.12,
    "spread_pct": 0.126998,
    "timestamp": 1777492423.3666635
  },
  "JPN225": {
    "bid": 59300.91,
    "ask": 59309.09,
    "spread": 8.18,
    "spread_pct": 0.013793,
    "timestamp": 1777551761.9239168
  },
  "NZDUSD": {
    "bid": 0.58637,
    "ask": 0.58649,
    "spread": 0.00012,
    "spread_pct": 0.020463,
    "timestamp": 1777551762.1715446
  },
  "NFLX": {
    "bid": 91.52,
    "ask": 91.66,
    "spread": 0.14,
    "spread_pct": 0.152855,
    "timestamp": 1777551762.122974
  },
  "AMD": {
    "bid": 343.63,
    "ask": 343.97,
    "spread": 0.34,
    "spread_pct": 0.098895,
    "timestamp": 1777551762.3142564
  },
  "GER30": {
    "bid": 24289.89,
    "ask": 24291.11,
    "spread": 1.22,
    "spread_pct": 0.005023,
    "timestamp": 1777551761.273865
  },
  "XAGUSD": {
    "bid": 73.742,
    "ask": 73.845,
    "spread": 0.103,
    "spread_pct": 0.139579,
    "timestamp": 1777551762.464131
  },
  "PLTR": {
    "bid": 139.11,
    "ask": 139.25,
    "spread": 0.14,
    "spread_pct": 0.100589,
    "timestamp": 1777551762.2192233
  },
  "GOOG": {
    "bid": 350.17,
    "ask": 350.55,
    "spread": 0.38,
    "spread_pct": 0.10846,
    "timestamp": 1777492423.2499824
  },
  "NGAS": {
    "bid": 2.5971,
    "ask": 2.6099,
    "spread": 0.0128,
    "spread_pct": 0.491646,
    "timestamp": 1777551762.4054356
  },
  "SP500": {
    "bid": 7207.47,
    "ask": 7207.78,
    "spread": 0.31,
    "spread_pct": 0.004301,
    "timestamp": 1777551762.2279491
  },
  "EURUSD": {
    "bid": 1.16989,
    "ask": 1.16997,
    "spread": 8e-05,
    "spread_pct": 0.006838,
    "timestamp": 1777551762.4863873
  },
  "NVIDIA": {
    "bid": 208.83,
    "ask": 209.16,
    "spread": 0.33,
    "spread_pct": 0.157899,
    "timestamp": 1777492423.5693095
  },
  "USOIL": {
    "bid": 104.737,
    "ask": 104.773,
    "spread": 0.036,
    "spread_pct": 0.034366,
    "timestamp": 1777551762.3529794
  },
  "TSLA": {
    "bid": 373.54,
    "ask": 373.99,
    "spread": 0.45,
    "spread_pct": 0.120397,
    "timestamp": 1777551762.25038
  },
  "AMZN": {
    "bid": 272.5,
    "ask": 272.77,
    "spread": 0.27,
    "spread_pct": 0.099034,
    "timestamp": 1777551762.2868989
  },
  "GBPUSD": {
    "bid": 1.35041,
    "ask": 1.3505,
    "spread": 9e-05,
    "spread_pct": 0.006664,
    "timestamp": 1777551761.3377016
  },
  "AUDUSD": {
    "bid": 0.71466,
    "ask": 0.71476,
    "spread": 0.0001,
    "spread_pct": 0.013992,
    "timestamp": 1777551761.7219613
  },
  "TSM": {
    "bid": 397.3,
    "ask": 397.7,
    "spread": 0.4,
    "spread_pct": 0.100629,
    "timestamp": 1777551762.1160905
  },
  "MSTR": {
    "bid": 161.14,
    "ask": 161.3,
    "spread": 0.16,
    "spread_pct": 0.099243,
    "timestamp": 1777551762.3891046
  },
  "XPTUSD": {
    "bid": 1961.51,
    "ask": 1971.59,
    "spread": 10.08,
    "spread_pct": 0.512573,
    "timestamp": 1777551762.1717656
  },
  "COST": {
    "bid": 992.91,
    "ask": 994.03,
    "spread": 1.12,
    "spread_pct": 0.112736,
    "timestamp": 1777551762.2193139
  },
  "XALUSD": {
    "bid": 3471.39,
    "ask": 3486.76,
    "spread": 15.37,
    "spread_pct": 0.441784,
    "timestamp": 1777551747.304155
  },
  "XPDUSD": {
    "bid": 1494.88,
    "ask": 1502.31,
    "spread": 7.43,
    "spread_pct": 0.495798,
    "timestamp": 1777551762.3021183
  }
}