{
  "AAPL": {
    "bid": 298.45,
    "ask": 298.75,
    "spread": 0.3,
    "spread_pct": 0.100469,
    "timestamp": 1779094890.1140485
  },
  "COPPER": {
    "bid": 658.63,
    "ask": 659.03,
    "spread": 0.4,
    "spread_pct": 0.060714,
    "timestamp": 1778745929.310647
  },
  "META": {
    "bid": 611.27,
    "ask": 611.88,
    "spread": 0.61,
    "spread_pct": 0.099742,
    "timestamp": 1779094890.1646502
  },
  "MSFT": {
    "bid": 419.44,
    "ask": 419.86,
    "spread": 0.42,
    "spread_pct": 0.100083,
    "timestamp": 1779094890.2081313
  },
  "ORCL": {
    "bid": 193.09,
    "ask": 193.28,
    "spread": 0.19,
    "spread_pct": 0.098351,
    "timestamp": 1779094890.338221
  },
  "DJ30": {
    "bid": 49343.7,
    "ask": 49344.9,
    "spread": 1.2,
    "spread_pct": 0.002432,
    "timestamp": 1779094890.5520563
  },
  "TECH100": {
    "bid": 29241.33,
    "ask": 29241.77,
    "spread": 0.44,
    "spread_pct": 0.001505,
    "timestamp": 1779094890.3390837
  },
  "XAUUSD": {
    "bid": 4550.48,
    "ask": 4550.7,
    "spread": 0.22,
    "spread_pct": 0.004835,
    "timestamp": 1779094890.8212616
  },
  "UK100": {
    "bid": 10221.32,
    "ask": 10222.06,
    "spread": 0.74,
    "spread_pct": 0.00724,
    "timestamp": 1779094890.7129126
  },
  "UKOIL": {
    "bid": 109.963,
    "ask": 109.997,
    "spread": 0.034,
    "spread_pct": 0.030915,
    "timestamp": 1779094889.6354043
  },
  "INTEL": {
    "bid": 109.49,
    "ask": 109.65,
    "spread": 0.16,
    "spread_pct": 0.146025,
    "timestamp": 1778870975.797753
  },
  "JPN225": {
    "bid": 61204.98,
    "ask": 61213.52,
    "spread": 8.54,
    "spread_pct": 0.013952,
    "timestamp": 1779094890.713053
  },
  "NZDUSD": {
    "bid": 0.5861,
    "ask": 0.58619,
    "spread": 9e-05,
    "spread_pct": 0.015355,
    "timestamp": 1779094890.853128
  },
  "NFLX": {
    "bid": 86.59,
    "ask": 86.72,
    "spread": 0.13,
    "spread_pct": 0.15002,
    "timestamp": 1779094890.3376648
  },
  "AMD": {
    "bid": 428.0,
    "ask": 428.43,
    "spread": 0.43,
    "spread_pct": 0.100417,
    "timestamp": 1779094890.1437786
  },
  "GER30": {
    "bid": 24036.02,
    "ask": 24037.12,
    "spread": 1.1,
    "spread_pct": 0.004576,
    "timestamp": 1779094889.4743466
  },
  "XAGUSD": {
    "bid": 76.156,
    "ask": 76.259,
    "spread": 0.103,
    "spread_pct": 0.135157,
    "timestamp": 1779094890.4988813
  },
  "PLTR": {
    "bid": 132.85,
    "ask": 132.98,
    "spread": 0.13,
    "spread_pct": 0.097807,
    "timestamp": 1779094890.209097
  },
  "GOOG": {
    "bid": 395.93,
    "ask": 396.35,
    "spread": 0.42,
    "spread_pct": 0.106023,
    "timestamp": 1778870974.7875192
  },
  "NGAS": {
    "bid": 3.0474,
    "ask": 3.0604,
    "spread": 0.013,
    "spread_pct": 0.425685,
    "timestamp": 1779094889.6888816
  },
  "SP500": {
    "bid": 7413.48,
    "ask": 7413.78,
    "spread": 0.3,
    "spread_pct": 0.004047,
    "timestamp": 1779094890.6715631
  },
  "EURUSD": {
    "bid": 1.16416,
    "ask": 1.16425,
    "spread": 9e-05,
    "spread_pct": 0.007731,
    "timestamp": 1779094890.1978097
  },
  "NVIDIA": {
    "bid": 228.32,
    "ask": 228.66,
    "spread": 0.34,
    "spread_pct": 0.148803,
    "timestamp": 1778870975.3524938
  },
  "USOIL": {
    "bid": 101.852,
    "ask": 101.888,
    "spread": 0.036,
    "spread_pct": 0.035339,
    "timestamp": 1779094888.4758608
  },
  "TSLA": {
    "bid": 419.92,
    "ask": 420.42,
    "spread": 0.5,
    "spread_pct": 0.118999,
    "timestamp": 1779094890.2597244
  },
  "AMZN": {
    "bid": 262.73,
    "ask": 262.99,
    "spread": 0.26,
    "spread_pct": 0.098912,
    "timestamp": 1779094890.293616
  },
  "GBPUSD": {
    "bid": 1.33757,
    "ask": 1.33767,
    "spread": 0.0001,
    "spread_pct": 0.007476,
    "timestamp": 1779094890.2290094
  },
  "AUDUSD": {
    "bid": 0.71589,
    "ask": 0.716,
    "spread": 0.00011,
    "spread_pct": 0.015364,
    "timestamp": 1779094890.2093673
  },
  "TSM": {
    "bid": 408.35,
    "ask": 408.76,
    "spread": 0.41,
    "spread_pct": 0.100354,
    "timestamp": 1779094890.239329
  },
  "MSTR": {
    "bid": 171.48,
    "ask": 171.65,
    "spread": 0.17,
    "spread_pct": 0.099088,
    "timestamp": 1779094890.1004598
  },
  "XPTUSD": {
    "bid": 1977.54,
    "ask": 1987.66,
    "spread": 10.12,
    "spread_pct": 0.510441,
    "timestamp": 1779094889.753198
  },
  "COST": {
    "bid": 1047.24,
    "ask": 1048.72,
    "spread": 1.48,
    "spread_pct": 0.141224,
    "timestamp": 1779094890.2590387
  },
  "XALUSD": {
    "bid": 3557.81,
    "ask": 3573.24,
    "spread": 15.43,
    "spread_pct": 0.432755,
    "timestamp": 1779094883.546025
  },
  "XPDUSD": {
    "bid": 1416.41,
    "ask": 1423.89,
    "spread": 7.48,
    "spread_pct": 0.526705,
    "timestamp": 1779094889.3287868
  }
}