{
  "AAPL": {
    "bid": 269.82,
    "ask": 270.0,
    "spread": 0.18,
    "spread_pct": 0.066689,
    "timestamp": 1777402555.240041
  },
  "COPPER": {
    "bid": 600.74,
    "ask": 601.16,
    "spread": 0.42,
    "spread_pct": 0.069889,
    "timestamp": 1777438201.412918
  },
  "META": {
    "bid": 671.41,
    "ask": 672.21,
    "spread": 0.8,
    "spread_pct": 0.119081,
    "timestamp": 1777402555.141898
  },
  "MSFT": {
    "bid": 427.11,
    "ask": 427.23,
    "spread": 0.12,
    "spread_pct": 0.028092,
    "timestamp": 1777402555.4344442
  },
  "ORCL": {
    "bid": 166.46,
    "ask": 166.62,
    "spread": 0.16,
    "spread_pct": 0.096073,
    "timestamp": 1777402554.1626806
  },
  "DJ30": {
    "bid": 49386.95,
    "ask": 49388.05,
    "spread": 1.1,
    "spread_pct": 0.002227,
    "timestamp": 1777438203.1005328
  },
  "TECH100": {
    "bid": 27301.65,
    "ask": 27302.1,
    "spread": 0.45,
    "spread_pct": 0.001648,
    "timestamp": 1777438204.2977118
  },
  "XAUUSD": {
    "bid": 4604.14,
    "ask": 4604.32,
    "spread": 0.18,
    "spread_pct": 0.003909,
    "timestamp": 1777438204.2974136
  },
  "UK100": {
    "bid": 10328.59,
    "ask": 10329.41,
    "spread": 0.82,
    "spread_pct": 0.007939,
    "timestamp": 1777438190.7378955
  },
  "UKOIL": {
    "bid": 104.223,
    "ask": 104.257,
    "spread": 0.034,
    "spread_pct": 0.032617,
    "timestamp": 1777438204.4973934
  },
  "INTEL": {
    "bid": 84.04,
    "ask": 84.14,
    "spread": 0.1,
    "spread_pct": 0.11892,
    "timestamp": 1777402555.5210788
  },
  "JPN225": {
    "bid": 59505.0,
    "ask": 59545.0,
    "spread": 40.0,
    "spread_pct": 0.067199,
    "timestamp": 1777438204.3521767
  },
  "NZDUSD": {
    "bid": 0.58631,
    "ask": 0.58643,
    "spread": 0.00012,
    "spread_pct": 0.020465,
    "timestamp": 1777438204.7917047
  },
  "NFLX": {
    "bid": 91.44,
    "ask": 92.52,
    "spread": 1.08,
    "spread_pct": 1.174168,
    "timestamp": 1777402554.2028255
  },
  "AMD": {
    "bid": 324.37,
    "ask": 324.51,
    "spread": 0.14,
    "spread_pct": 0.043151,
    "timestamp": 1777402555.682999
  },
  "GER30": {
    "bid": 24184.37,
    "ask": 24185.63,
    "spread": 1.26,
    "spread_pct": 0.00521,
    "timestamp": 1777438202.969031
  },
  "XAGUSD": {
    "bid": 73.815,
    "ask": 73.919,
    "spread": 0.104,
    "spread_pct": 0.140794,
    "timestamp": 1777438204.2976298
  },
  "PLTR": {
    "bid": 141.52,
    "ask": 141.7,
    "spread": 0.18,
    "spread_pct": 0.12711,
    "timestamp": 1777402555.5207434
  },
  "GOOG": {
    "bid": 349.47,
    "ask": 349.89,
    "spread": 0.42,
    "spread_pct": 0.12011,
    "timestamp": 1777402555.5450108
  },
  "NGAS": {
    "bid": 2.6646,
    "ask": 2.6774,
    "spread": 0.0128,
    "spread_pct": 0.479221,
    "timestamp": 1777438200.8475213
  },
  "SP500": {
    "bid": 7185.46,
    "ask": 7185.79,
    "spread": 0.33,
    "spread_pct": 0.004593,
    "timestamp": 1777438204.4976952
  },
  "EURUSD": {
    "bid": 1.17057,
    "ask": 1.17065,
    "spread": 8e-05,
    "spread_pct": 0.006834,
    "timestamp": 1777438204.5917706
  },
  "NVIDIA": {
    "bid": 213.5,
    "ask": 213.85,
    "spread": 0.35,
    "spread_pct": 0.1638,
    "timestamp": 1777402555.6406739
  },
  "USOIL": {
    "bid": 99.434,
    "ask": 99.466,
    "spread": 0.032,
    "spread_pct": 0.032177,
    "timestamp": 1777438204.497619
  },
  "TSLA": {
    "bid": 377.41,
    "ask": 377.95,
    "spread": 0.54,
    "spread_pct": 0.142978,
    "timestamp": 1777402555.4564366
  },
  "AMZN": {
    "bid": 258.75,
    "ask": 259.07,
    "spread": 0.32,
    "spread_pct": 0.123595,
    "timestamp": 1777402555.3799934
  },
  "GBPUSD": {
    "bid": 1.35141,
    "ask": 1.3515,
    "spread": 9e-05,
    "spread_pct": 0.006659,
    "timestamp": 1777438204.3522596
  },
  "AUDUSD": {
    "bid": 0.7164,
    "ask": 0.71651,
    "spread": 0.00011,
    "spread_pct": 0.015353,
    "timestamp": 1777438204.7915978
  },
  "TSM": {
    "bid": 392.43,
    "ask": 392.9,
    "spread": 0.47,
    "spread_pct": 0.119695,
    "timestamp": 1777402555.1968126
  },
  "MSTR": {
    "bid": 166.07,
    "ask": 166.75,
    "spread": 0.68,
    "spread_pct": 0.408629,
    "timestamp": 1777402555.7611969
  },
  "XPTUSD": {
    "bid": 1933.21,
    "ask": 1943.37,
    "spread": 10.16,
    "spread_pct": 0.524173,
    "timestamp": 1777438203.77516
  },
  "COST": {
    "bid": 988.45,
    "ask": 988.97,
    "spread": 0.52,
    "spread_pct": 0.052594,
    "timestamp": 1777402554.3323452
  },
  "XALUSD": {
    "bid": 3534.6,
    "ask": 3550.0,
    "spread": 15.4,
    "spread_pct": 0.434746,
    "timestamp": 1777425713.3301115
  },
  "XPDUSD": {
    "bid": 1456.04,
    "ask": 1463.32,
    "spread": 7.28,
    "spread_pct": 0.498739,
    "timestamp": 1777438204.609239
  }
}