{
  "AAPL": {
    "bid": 270.59,
    "ask": 270.77,
    "spread": 0.18,
    "spread_pct": 0.066499,
    "timestamp": 1777481771.7647266
  },
  "COPPER": {
    "bid": 593.49,
    "ask": 593.91,
    "spread": 0.42,
    "spread_pct": 0.070743,
    "timestamp": 1777481771.289907
  },
  "META": {
    "bid": 667.76,
    "ask": 668.58,
    "spread": 0.82,
    "spread_pct": 0.122723,
    "timestamp": 1777481771.4237196
  },
  "MSFT": {
    "bid": 422.76,
    "ask": 422.92,
    "spread": 0.16,
    "spread_pct": 0.037839,
    "timestamp": 1777481771.838523
  },
  "ORCL": {
    "bid": 163.03,
    "ask": 163.19,
    "spread": 0.16,
    "spread_pct": 0.098093,
    "timestamp": 1777481771.4559758
  },
  "DJ30": {
    "bid": 48976.39,
    "ask": 48977.61,
    "spread": 1.22,
    "spread_pct": 0.002491,
    "timestamp": 1777481771.2735422
  },
  "TECH100": {
    "bid": 27211.67,
    "ask": 27212.08,
    "spread": 0.41,
    "spread_pct": 0.001507,
    "timestamp": 1777481771.2206285
  },
  "XAUUSD": {
    "bid": 4545.68,
    "ask": 4545.88,
    "spread": 0.2,
    "spread_pct": 0.0044,
    "timestamp": 1777481771.5189571
  },
  "UK100": {
    "bid": 10206.0,
    "ask": 10210.0,
    "spread": 4.0,
    "spread_pct": 0.039185,
    "timestamp": 1777481771.4011674
  },
  "UKOIL": {
    "bid": 110.961,
    "ask": 110.999,
    "spread": 0.038,
    "spread_pct": 0.03424,
    "timestamp": 1777481771.4234703
  },
  "INTEL": {
    "bid": 92.87,
    "ask": 93.03,
    "spread": 0.16,
    "spread_pct": 0.172136,
    "timestamp": 1777481771.7754385
  },
  "JPN225": {
    "bid": 58848.37,
    "ask": 58856.63,
    "spread": 8.26,
    "spread_pct": 0.014035,
    "timestamp": 1777481770.1250951
  },
  "NZDUSD": {
    "bid": 0.58346,
    "ask": 0.58355,
    "spread": 9e-05,
    "spread_pct": 0.015424,
    "timestamp": 1777481771.4547184
  },
  "NFLX": {
    "bid": 91.7,
    "ask": 92.72,
    "spread": 1.02,
    "spread_pct": 1.106171,
    "timestamp": 1777481771.6694489
  },
  "AMD": {
    "bid": 330.95,
    "ask": 331.13,
    "spread": 0.18,
    "spread_pct": 0.054374,
    "timestamp": 1777481771.7335074
  },
  "GER30": {
    "bid": 23976.88,
    "ask": 23978.12,
    "spread": 1.24,
    "spread_pct": 0.005172,
    "timestamp": 1777481772.0980437
  },
  "XAGUSD": {
    "bid": 71.534,
    "ask": 71.635,
    "spread": 0.101,
    "spread_pct": 0.141092,
    "timestamp": 1777481771.5190945
  },
  "PLTR": {
    "bid": 136.94,
    "ask": 137.08,
    "spread": 0.14,
    "spread_pct": 0.102182,
    "timestamp": 1777481771.3689995
  },
  "GOOG": {
    "bid": 348.15,
    "ask": 348.59,
    "spread": 0.44,
    "spread_pct": 0.126302,
    "timestamp": 1777481771.66883
  },
  "NGAS": {
    "bid": 2.6364,
    "ask": 2.6486,
    "spread": 0.0122,
    "spread_pct": 0.461684,
    "timestamp": 1777481770.5214534
  },
  "SP500": {
    "bid": 7151.72,
    "ask": 7152.03,
    "spread": 0.31,
    "spread_pct": 0.004335,
    "timestamp": 1777481771.4558723
  },
  "EURUSD": {
    "bid": 1.16858,
    "ask": 1.16869,
    "spread": 0.00011,
    "spread_pct": 0.009413,
    "timestamp": 1777481772.1264405
  },
  "NVIDIA": {
    "bid": 209.07,
    "ask": 209.41,
    "spread": 0.34,
    "spread_pct": 0.162493,
    "timestamp": 1777481771.456078
  },
  "USOIL": {
    "bid": 106.02,
    "ask": 107.89,
    "spread": 1.87,
    "spread_pct": 1.748399,
    "timestamp": 1777481772.0636203
  },
  "TSLA": {
    "bid": 372.6,
    "ask": 373.12,
    "spread": 0.52,
    "spread_pct": 0.139463,
    "timestamp": 1777481771.4561536
  },
  "AMZN": {
    "bid": 261.25,
    "ask": 261.57,
    "spread": 0.32,
    "spread_pct": 0.122413,
    "timestamp": 1777481771.4548342
  },
  "GBPUSD": {
    "bid": 1.34838,
    "ask": 1.34849,
    "spread": 0.00011,
    "spread_pct": 0.008158,
    "timestamp": 1777481771.4860222
  },
  "AUDUSD": {
    "bid": 0.71278,
    "ask": 0.71288,
    "spread": 0.0001,
    "spread_pct": 0.014029,
    "timestamp": 1777481771.4236093
  },
  "TSM": {
    "bid": 391.46,
    "ask": 391.93,
    "spread": 0.47,
    "spread_pct": 0.119991,
    "timestamp": 1777481767.298868
  },
  "MSTR": {
    "bid": 158.53,
    "ask": 159.21,
    "spread": 0.68,
    "spread_pct": 0.428023,
    "timestamp": 1777481771.3691487
  },
  "XPTUSD": {
    "bid": 1891.4,
    "ask": 1901.38,
    "spread": 9.98,
    "spread_pct": 0.526263,
    "timestamp": 1777481771.1780643
  },
  "COST": {
    "bid": 996.03,
    "ask": 997.03,
    "spread": 1.0,
    "spread_pct": 0.100348,
    "timestamp": 1777481771.2751715
  },
  "XALUSD": {
    "bid": 3500.37,
    "ask": 3515.63,
    "spread": 15.26,
    "spread_pct": 0.435006,
    "timestamp": 1777475548.2499206
  },
  "XPDUSD": {
    "bid": 1462.57,
    "ask": 1470.01,
    "spread": 7.44,
    "spread_pct": 0.507403,
    "timestamp": 1777481771.8393567
  }
}