{
  "AAPL": {
    "bid": 282.31,
    "ask": 282.51,
    "spread": 0.2,
    "spread_pct": 0.070819,
    "timestamp": 1778000268.2960517
  },
  "COPPER": {
    "bid": 598.9,
    "ask": 599.3,
    "spread": 0.4,
    "spread_pct": 0.066767,
    "timestamp": 1778000268.5690608
  },
  "META": {
    "bid": 601.82,
    "ask": 602.42,
    "spread": 0.6,
    "spread_pct": 0.099648,
    "timestamp": 1778000268.2485638
  },
  "MSFT": {
    "bid": 410.16,
    "ask": 410.57,
    "spread": 0.41,
    "spread_pct": 0.099911,
    "timestamp": 1778000268.2717838
  },
  "ORCL": {
    "bid": 182.8,
    "ask": 182.98,
    "spread": 0.18,
    "spread_pct": 0.09842,
    "timestamp": 1778000268.2394786
  },
  "DJ30": {
    "bid": 49300.99,
    "ask": 49313.01,
    "spread": 12.02,
    "spread_pct": 0.024378,
    "timestamp": 1778000268.412784
  },
  "TECH100": {
    "bid": 28131.29,
    "ask": 28131.71,
    "spread": 0.42,
    "spread_pct": 0.001493,
    "timestamp": 1778000268.2959816
  },
  "XAUUSD": {
    "bid": 4560.71,
    "ask": 4560.89,
    "spread": 0.18,
    "spread_pct": 0.003947,
    "timestamp": 1778000268.0536242
  },
  "UK100": {
    "bid": 10244.0,
    "ask": 10248.0,
    "spread": 4.0,
    "spread_pct": 0.03904,
    "timestamp": 1778000268.8624191
  },
  "UKOIL": {
    "bid": 110.659,
    "ask": 110.691,
    "spread": 0.032,
    "spread_pct": 0.028913,
    "timestamp": 1778000268.4227195
  },
  "INTEL": {
    "bid": 108.29,
    "ask": 108.41,
    "spread": 0.12,
    "spread_pct": 0.110752,
    "timestamp": 1778000268.4843931
  },
  "JPN225": {
    "bid": 60560.55,
    "ask": 60569.45,
    "spread": 8.9,
    "spread_pct": 0.014695,
    "timestamp": 1778000268.1207294
  },
  "NZDUSD": {
    "bid": 0.58916,
    "ask": 0.58926,
    "spread": 0.0001,
    "spread_pct": 0.016972,
    "timestamp": 1778000266.7243924
  },
  "NFLX": {
    "bid": 88.37,
    "ask": 88.5,
    "spread": 0.13,
    "spread_pct": 0.147001,
    "timestamp": 1778000268.3146312
  },
  "AMD": {
    "bid": 355.05,
    "ask": 355.21,
    "spread": 0.16,
    "spread_pct": 0.045054,
    "timestamp": 1778000268.612718
  },
  "GER30": {
    "bid": 24478.95,
    "ask": 24480.05,
    "spread": 1.1,
    "spread_pct": 0.004494,
    "timestamp": 1778000268.7341862
  },
  "XAGUSD": {
    "bid": 73.138,
    "ask": 73.239,
    "spread": 0.101,
    "spread_pct": 0.138,
    "timestamp": 1778000268.3594148
  },
  "PLTR": {
    "bid": 136.11,
    "ask": 136.25,
    "spread": 0.14,
    "spread_pct": 0.102805,
    "timestamp": 1778000268.4768264
  },
  "GOOG": {
    "bid": 386.37,
    "ask": 386.75,
    "spread": 0.38,
    "spread_pct": 0.098303,
    "timestamp": 1778000268.4767265
  },
  "NGAS": {
    "bid": 2.7829,
    "ask": 2.7961,
    "spread": 0.0132,
    "spread_pct": 0.473203,
    "timestamp": 1778000266.1039903
  },
  "SP500": {
    "bid": 7284.95,
    "ask": 7285.3,
    "spread": 0.35,
    "spread_pct": 0.004804,
    "timestamp": 1778000268.120232
  },
  "EURUSD": {
    "bid": 1.17001,
    "ask": 1.17011,
    "spread": 0.0001,
    "spread_pct": 0.008547,
    "timestamp": 1778000268.3041334
  },
  "NVIDIA": {
    "bid": 197.5,
    "ask": 197.83,
    "spread": 0.33,
    "spread_pct": 0.166949,
    "timestamp": 1778000267.599203
  },
  "USOIL": {
    "bid": 102.353,
    "ask": 102.387,
    "spread": 0.034,
    "spread_pct": 0.033213,
    "timestamp": 1778000268.4235864
  },
  "TSLA": {
    "bid": 391.97,
    "ask": 392.47,
    "spread": 0.5,
    "spread_pct": 0.127479,
    "timestamp": 1778000268.80941
  },
  "AMZN": {
    "bid": 273.23,
    "ask": 273.53,
    "spread": 0.3,
    "spread_pct": 0.109737,
    "timestamp": 1778000268.422855
  },
  "GBPUSD": {
    "bid": 1.35562,
    "ask": 1.35573,
    "spread": 0.00011,
    "spread_pct": 0.008114,
    "timestamp": 1778000268.4236746
  },
  "AUDUSD": {
    "bid": 0.71871,
    "ask": 0.71881,
    "spread": 0.0001,
    "spread_pct": 0.013913,
    "timestamp": 1778000268.1207983
  },
  "TSM": {
    "bid": 396.03,
    "ask": 396.5,
    "spread": 0.47,
    "spread_pct": 0.118607,
    "timestamp": 1778000268.3042274
  },
  "MSTR": {
    "bid": 184.77,
    "ask": 185.51,
    "spread": 0.74,
    "spread_pct": 0.399698,
    "timestamp": 1778000268.613943
  },
  "XPTUSD": {
    "bid": 1961.75,
    "ask": 1971.69,
    "spread": 9.94,
    "spread_pct": 0.50541,
    "timestamp": 1778000268.4230728
  },
  "COST": {
    "bid": 1016.74,
    "ask": 1017.76,
    "spread": 1.02,
    "spread_pct": 0.10027,
    "timestamp": 1778000268.2825904
  },
  "XALUSD": {
    "bid": 3554.89,
    "ask": 3570.36,
    "spread": 15.47,
    "spread_pct": 0.43423,
    "timestamp": 1777985953.4549065
  },
  "XPDUSD": {
    "bid": 1500.16,
    "ask": 1507.66,
    "spread": 7.5,
    "spread_pct": 0.4987,
    "timestamp": 1778000261.2155719
  }
}