{
  "AAPL": {
    "bid": 299.4,
    "ask": 299.7,
    "spread": 0.3,
    "spread_pct": 0.10015,
    "timestamp": 1779056865.3476434
  },
  "COPPER": {
    "bid": 658.63,
    "ask": 659.03,
    "spread": 0.4,
    "spread_pct": 0.060714,
    "timestamp": 1778745929.310647
  },
  "META": {
    "bid": 613.1,
    "ask": 613.71,
    "spread": 0.61,
    "spread_pct": 0.099445,
    "timestamp": 1779056865.2843945
  },
  "MSFT": {
    "bid": 420.42,
    "ask": 420.84,
    "spread": 0.42,
    "spread_pct": 0.09985,
    "timestamp": 1779056865.3177106
  },
  "ORCL": {
    "bid": 192.36,
    "ask": 192.55,
    "spread": 0.19,
    "spread_pct": 0.098724,
    "timestamp": 1779056865.2995718
  },
  "DJ30": {
    "bid": 49513.13,
    "ask": 49514.37,
    "spread": 1.24,
    "spread_pct": 0.002504,
    "timestamp": 1779056864.2710788
  },
  "TECH100": {
    "bid": 29219.7,
    "ask": 29220.14,
    "spread": 0.44,
    "spread_pct": 0.001506,
    "timestamp": 1779056865.597366
  },
  "XAUUSD": {
    "bid": 4541.64,
    "ask": 4541.84,
    "spread": 0.2,
    "spread_pct": 0.004404,
    "timestamp": 1779056865.4117846
  },
  "UK100": {
    "bid": 10205.21,
    "ask": 10205.99,
    "spread": 0.78,
    "spread_pct": 0.007643,
    "timestamp": 1778870975.7984908
  },
  "UKOIL": {
    "bid": 110.571,
    "ask": 110.601,
    "spread": 0.03,
    "spread_pct": 0.027128,
    "timestamp": 1779056858.8273644
  },
  "INTEL": {
    "bid": 109.49,
    "ask": 109.65,
    "spread": 0.16,
    "spread_pct": 0.146025,
    "timestamp": 1778870975.797753
  },
  "JPN225": {
    "bid": 61643.1,
    "ask": 61651.9,
    "spread": 8.8,
    "spread_pct": 0.014275,
    "timestamp": 1778875760.4440248
  },
  "NZDUSD": {
    "bid": 0.58383,
    "ask": 0.58394,
    "spread": 0.00011,
    "spread_pct": 0.018839,
    "timestamp": 1779056861.7779903
  },
  "NFLX": {
    "bid": 86.89,
    "ask": 87.02,
    "spread": 0.13,
    "spread_pct": 0.149503,
    "timestamp": 1779056865.2205753
  },
  "AMD": {
    "bid": 421.05,
    "ask": 421.63,
    "spread": 0.58,
    "spread_pct": 0.137656,
    "timestamp": 1779056865.1134183
  },
  "GER30": {
    "bid": 23954.91,
    "ask": 23956.15,
    "spread": 1.24,
    "spread_pct": 0.005176,
    "timestamp": 1778870975.3529613
  },
  "XAGUSD": {
    "bid": 76.262,
    "ask": 76.362,
    "spread": 0.1,
    "spread_pct": 0.131041,
    "timestamp": 1779056865.5972986
  },
  "PLTR": {
    "bid": 133.59,
    "ask": 133.72,
    "spread": 0.13,
    "spread_pct": 0.097265,
    "timestamp": 1779056865.2112248
  },
  "GOOG": {
    "bid": 395.93,
    "ask": 396.35,
    "spread": 0.42,
    "spread_pct": 0.106023,
    "timestamp": 1778870974.7875192
  },
  "NGAS": {
    "bid": 2.9732,
    "ask": 2.9862,
    "spread": 0.013,
    "spread_pct": 0.436286,
    "timestamp": 1779056865.7876058
  },
  "SP500": {
    "bid": 7423.03,
    "ask": 7423.37,
    "spread": 0.34,
    "spread_pct": 0.00458,
    "timestamp": 1779056865.788125
  },
  "EURUSD": {
    "bid": 1.16206,
    "ask": 1.16216,
    "spread": 0.0001,
    "spread_pct": 0.008605,
    "timestamp": 1779056864.4855278
  },
  "NVIDIA": {
    "bid": 228.32,
    "ask": 228.66,
    "spread": 0.34,
    "spread_pct": 0.148803,
    "timestamp": 1778870975.3524938
  },
  "USOIL": {
    "bid": 101.55,
    "ask": 103.44,
    "spread": 1.89,
    "spread_pct": 1.843992,
    "timestamp": 1779056858.7010913
  },
  "TSLA": {
    "bid": 421.27,
    "ask": 421.78,
    "spread": 0.51,
    "spread_pct": 0.120989,
    "timestamp": 1779056865.3056931
  },
  "AMZN": {
    "bid": 263.08,
    "ask": 263.34,
    "spread": 0.26,
    "spread_pct": 0.09878,
    "timestamp": 1779056865.2855031
  },
  "GBPUSD": {
    "bid": 1.33139,
    "ask": 1.3315,
    "spread": 0.00011,
    "spread_pct": 0.008262,
    "timestamp": 1779056865.1778724
  },
  "AUDUSD": {
    "bid": 0.71497,
    "ask": 0.71507,
    "spread": 0.0001,
    "spread_pct": 0.013986,
    "timestamp": 1779056864.2712517
  },
  "TSM": {
    "bid": 402.79,
    "ask": 403.19,
    "spread": 0.4,
    "spread_pct": 0.099258,
    "timestamp": 1779056865.2998416
  },
  "MSTR": {
    "bid": 173.13,
    "ask": 173.3,
    "spread": 0.17,
    "spread_pct": 0.098144,
    "timestamp": 1779056865.2988822
  },
  "XPTUSD": {
    "bid": 1984.08,
    "ask": 1994.11,
    "spread": 10.03,
    "spread_pct": 0.504249,
    "timestamp": 1779056862.083186
  },
  "COST": {
    "bid": 1050.32,
    "ask": 1052.21,
    "spread": 1.89,
    "spread_pct": 0.179783,
    "timestamp": 1779056865.211127
  },
  "XALUSD": {
    "bid": 3559.49,
    "ask": 3574.91,
    "spread": 15.42,
    "spread_pct": 0.432272,
    "timestamp": 1778864538.7208347
  },
  "XPDUSD": {
    "bid": 1415.3,
    "ask": 1422.6,
    "spread": 7.3,
    "spread_pct": 0.514465,
    "timestamp": 1779056864.9420822
  }
}