{
  "AAPL": {
    "bid": 280.9,
    "ask": 281.18,
    "spread": 0.28,
    "spread_pct": 0.09963,
    "timestamp": 1777849352.1750777
  },
  "COPPER": {
    "bid": 598.16,
    "ask": 598.54,
    "spread": 0.38,
    "spread_pct": 0.063508,
    "timestamp": 1777849347.7463613
  },
  "META": {
    "bid": 611.39,
    "ask": 612.0,
    "spread": 0.61,
    "spread_pct": 0.099723,
    "timestamp": 1777849352.1924522
  },
  "MSFT": {
    "bid": 415.0,
    "ask": 415.42,
    "spread": 0.42,
    "spread_pct": 0.101154,
    "timestamp": 1777849352.2595599
  },
  "ORCL": {
    "bid": 173.19,
    "ask": 173.48,
    "spread": 0.29,
    "spread_pct": 0.167306,
    "timestamp": 1777849352.3321831
  },
  "DJ30": {
    "bid": 49734.92,
    "ask": 49736.08,
    "spread": 1.16,
    "spread_pct": 0.002332,
    "timestamp": 1777849351.116152
  },
  "TECH100": {
    "bid": 27852.52,
    "ask": 27852.98,
    "spread": 0.46,
    "spread_pct": 0.001652,
    "timestamp": 1777849352.4280627
  },
  "XAUUSD": {
    "bid": 4618.38,
    "ask": 4618.6,
    "spread": 0.22,
    "spread_pct": 0.004763,
    "timestamp": 1777849352.492576
  },
  "UK100": {
    "bid": 10381.58,
    "ask": 10382.42,
    "spread": 0.84,
    "spread_pct": 0.008091,
    "timestamp": 1777662373.31854
  },
  "UKOIL": {
    "bid": 107.354,
    "ask": 107.386,
    "spread": 0.032,
    "spread_pct": 0.029803,
    "timestamp": 1777849351.7318113
  },
  "INTEL": {
    "bid": 99.18,
    "ask": 99.28,
    "spread": 0.1,
    "spread_pct": 0.100776,
    "timestamp": 1777662375.1315198
  },
  "JPN225": {
    "bid": 59393.28,
    "ask": 59401.72,
    "spread": 8.44,
    "spread_pct": 0.014209,
    "timestamp": 1777666278.8218699
  },
  "NZDUSD": {
    "bid": 0.59066,
    "ask": 0.59076,
    "spread": 0.0001,
    "spread_pct": 0.016929,
    "timestamp": 1777849347.2633543
  },
  "NFLX": {
    "bid": 92.21,
    "ask": 92.62,
    "spread": 0.41,
    "spread_pct": 0.443651,
    "timestamp": 1777849352.3936083
  },
  "AMD": {
    "bid": 366.83,
    "ask": 367.33,
    "spread": 0.5,
    "spread_pct": 0.13621,
    "timestamp": 1777849352.246838
  },
  "GER30": {
    "bid": 24426.99,
    "ask": 24428.01,
    "spread": 1.02,
    "spread_pct": 0.004176,
    "timestamp": 1777575685.1484106
  },
  "XAGUSD": {
    "bid": 75.765,
    "ask": 75.868,
    "spread": 0.103,
    "spread_pct": 0.135854,
    "timestamp": 1777849351.4164233
  },
  "PLTR": {
    "bid": 145.39,
    "ask": 145.54,
    "spread": 0.15,
    "spread_pct": 0.103118,
    "timestamp": 1777849352.1149704
  },
  "GOOG": {
    "bid": 384.41,
    "ask": 384.81,
    "spread": 0.4,
    "spread_pct": 0.104001,
    "timestamp": 1777662374.3601058
  },
  "NGAS": {
    "bid": 2.8021,
    "ask": 2.8149,
    "spread": 0.0128,
    "spread_pct": 0.455759,
    "timestamp": 1777849351.4162676
  },
  "SP500": {
    "bid": 7266.72,
    "ask": 7267.03,
    "spread": 0.31,
    "spread_pct": 0.004266,
    "timestamp": 1777849351.55384
  },
  "EURUSD": {
    "bid": 1.17321,
    "ask": 1.1733,
    "spread": 9e-05,
    "spread_pct": 0.007671,
    "timestamp": 1777849352.227253
  },
  "NVIDIA": {
    "bid": 198.35,
    "ask": 198.71,
    "spread": 0.36,
    "spread_pct": 0.181333,
    "timestamp": 1777662374.2304685
  },
  "USOIL": {
    "bid": 101.024,
    "ask": 101.056,
    "spread": 0.032,
    "spread_pct": 0.031671,
    "timestamp": 1777849351.9994524
  },
  "TSLA": {
    "bid": 393.45,
    "ask": 393.92,
    "spread": 0.47,
    "spread_pct": 0.119385,
    "timestamp": 1777849352.3649805
  },
  "AMZN": {
    "bid": 268.66,
    "ask": 268.93,
    "spread": 0.27,
    "spread_pct": 0.100448,
    "timestamp": 1777849352.175183
  },
  "GBPUSD": {
    "bid": 1.35896,
    "ask": 1.35904,
    "spread": 8e-05,
    "spread_pct": 0.005887,
    "timestamp": 1777849347.2631772
  },
  "AUDUSD": {
    "bid": 0.72137,
    "ask": 0.72147,
    "spread": 0.0001,
    "spread_pct": 0.013862,
    "timestamp": 1777849350.2272866
  },
  "TSM": {
    "bid": 398.92,
    "ask": 399.32,
    "spread": 0.4,
    "spread_pct": 0.10022,
    "timestamp": 1777849352.179895
  },
  "MSTR": {
    "bid": 178.38,
    "ask": 178.56,
    "spread": 0.18,
    "spread_pct": 0.100857,
    "timestamp": 1777849352.114823
  },
  "XPTUSD": {
    "bid": 2007.28,
    "ask": 2017.32,
    "spread": 10.04,
    "spread_pct": 0.498932,
    "timestamp": 1777849352.1752672
  },
  "COST": {
    "bid": 1012.88,
    "ask": 1013.89,
    "spread": 1.01,
    "spread_pct": 0.099666,
    "timestamp": 1777849352.3422818
  },
  "XALUSD": {
    "bid": 3502.44,
    "ask": 3517.91,
    "spread": 15.47,
    "spread_pct": 0.440719,
    "timestamp": 1777658171.7225325
  },
  "XPDUSD": {
    "bid": 1535.47,
    "ask": 1543.03,
    "spread": 7.56,
    "spread_pct": 0.491148,
    "timestamp": 1777849350.6793463
  }
}