{
  "AAPL": {
    "bid": 270.04,
    "ask": 270.22,
    "spread": 0.18,
    "spread_pct": 0.066635,
    "timestamp": 1777059403.1095536
  },
  "COPPER": {
    "bid": 609.32,
    "ask": 609.74,
    "spread": 0.42,
    "spread_pct": 0.068906,
    "timestamp": 1777271555.348402
  },
  "META": {
    "bid": 676.18,
    "ask": 677.0,
    "spread": 0.82,
    "spread_pct": 0.121196,
    "timestamp": 1777059400.6640484
  },
  "MSFT": {
    "bid": 423.33,
    "ask": 423.49,
    "spread": 0.16,
    "spread_pct": 0.037788,
    "timestamp": 1777059402.2954955
  },
  "ORCL": {
    "bid": 173.44,
    "ask": 173.6,
    "spread": 0.16,
    "spread_pct": 0.092208,
    "timestamp": 1777059402.2959394
  },
  "DJ30": {
    "bid": 49283.49,
    "ask": 49284.51,
    "spread": 1.02,
    "spread_pct": 0.00207,
    "timestamp": 1777271556.1294935
  },
  "TECH100": {
    "bid": 27432.41,
    "ask": 27432.84,
    "spread": 0.43,
    "spread_pct": 0.001567,
    "timestamp": 1777271556.125168
  },
  "XAUUSD": {
    "bid": 4711.28,
    "ask": 4711.48,
    "spread": 0.2,
    "spread_pct": 0.004245,
    "timestamp": 1777271556.1293545
  },
  "UK100": {
    "bid": 10393.13,
    "ask": 10393.87,
    "spread": 0.74,
    "spread_pct": 0.00712,
    "timestamp": 1777271554.3625789
  },
  "UKOIL": {
    "bid": 101.263,
    "ask": 101.297,
    "spread": 0.034,
    "spread_pct": 0.03357,
    "timestamp": 1777271555.1184318
  },
  "INTEL": {
    "bid": 80.89,
    "ask": 81.03,
    "spread": 0.14,
    "spread_pct": 0.172925,
    "timestamp": 1777059403.1093316
  },
  "JPN225": {
    "bid": 60236.06,
    "ask": 60243.94,
    "spread": 7.88,
    "spread_pct": 0.013081,
    "timestamp": 1777271556.242651
  },
  "NZDUSD": {
    "bid": 0.58827,
    "ask": 0.58837,
    "spread": 0.0001,
    "spread_pct": 0.016998,
    "timestamp": 1777271556.1254845
  },
  "NFLX": {
    "bid": 91.9,
    "ask": 92.94,
    "spread": 1.04,
    "spread_pct": 1.125298,
    "timestamp": 1777059402.984387
  },
  "AMD": {
    "bid": 345.64,
    "ask": 345.84,
    "spread": 0.2,
    "spread_pct": 0.057847,
    "timestamp": 1777059403.1096587
  },
  "GER30": {
    "bid": 24298.44,
    "ask": 24299.56,
    "spread": 1.12,
    "spread_pct": 0.004609,
    "timestamp": 1777271556.6802385
  },
  "XAGUSD": {
    "bid": 75.765,
    "ask": 75.87,
    "spread": 0.105,
    "spread_pct": 0.13849,
    "timestamp": 1777271556.242528
  },
  "PLTR": {
    "bid": 142.59,
    "ask": 142.73,
    "spread": 0.14,
    "spread_pct": 0.098135,
    "timestamp": 1777059403.1097336
  },
  "GOOG": {
    "bid": 344.29,
    "ask": 344.71,
    "spread": 0.42,
    "spread_pct": 0.121916,
    "timestamp": 1777059402.4018574
  },
  "NGAS": {
    "bid": 2.6814,
    "ask": 2.6936,
    "spread": 0.0122,
    "spread_pct": 0.453953,
    "timestamp": 1777271540.742876
  },
  "SP500": {
    "bid": 7186.95,
    "ask": 7187.3,
    "spread": 0.35,
    "spread_pct": 0.00487,
    "timestamp": 1777271556.5609074
  },
  "EURUSD": {
    "bid": 1.17193,
    "ask": 1.17205,
    "spread": 0.00012,
    "spread_pct": 0.010239,
    "timestamp": 1777271555.7953243
  },
  "NVIDIA": {
    "bid": 208.25,
    "ask": 208.58,
    "spread": 0.33,
    "spread_pct": 0.158338,
    "timestamp": 1777059402.2326934
  },
  "USOIL": {
    "bid": 95.35,
    "ask": 97.19,
    "spread": 1.84,
    "spread_pct": 1.911291,
    "timestamp": 1777271556.4990373
  },
  "TSLA": {
    "bid": 376.97,
    "ask": 377.49,
    "spread": 0.52,
    "spread_pct": 0.137847,
    "timestamp": 1777059402.600363
  },
  "AMZN": {
    "bid": 263.79,
    "ask": 264.09,
    "spread": 0.3,
    "spread_pct": 0.113662,
    "timestamp": 1777059402.2325428
  },
  "GBPUSD": {
    "bid": 1.35279,
    "ask": 1.35288,
    "spread": 9e-05,
    "spread_pct": 0.006653,
    "timestamp": 1777271556.3030193
  },
  "AUDUSD": {
    "bid": 0.71629,
    "ask": 0.71639,
    "spread": 0.0001,
    "spread_pct": 0.01396,
    "timestamp": 1777271556.4989247
  },
  "TSM": {
    "bid": 403.31,
    "ask": 403.78,
    "spread": 0.47,
    "spread_pct": 0.116468,
    "timestamp": 1777059402.232916
  },
  "MSTR": {
    "bid": 170.66,
    "ask": 171.38,
    "spread": 0.72,
    "spread_pct": 0.421003,
    "timestamp": 1777059402.9841743
  },
  "XPTUSD": {
    "bid": 2021.0,
    "ask": 2031.18,
    "spread": 10.18,
    "spread_pct": 0.502446,
    "timestamp": 1777271556.7897048
  },
  "COST": {
    "bid": 1010.06,
    "ask": 1010.62,
    "spread": 0.56,
    "spread_pct": 0.055427,
    "timestamp": 1777059400.371591
  },
  "XALUSD": {
    "bid": 3598.55,
    "ask": 3614.0,
    "spread": 15.45,
    "spread_pct": 0.42842,
    "timestamp": 1777271550.9800248
  },
  "XPDUSD": {
    "bid": 1489.03,
    "ask": 1496.35,
    "spread": 7.32,
    "spread_pct": 0.49039,
    "timestamp": 1777271553.671727
  }
}