{
  "AAPL": {
    "bid": 298.33,
    "ask": 298.63,
    "spread": 0.3,
    "spread_pct": 0.100509,
    "timestamp": 1779226960.1118827
  },
  "COPPER": {
    "bid": 658.63,
    "ask": 659.03,
    "spread": 0.4,
    "spread_pct": 0.060714,
    "timestamp": 1778745929.310647
  },
  "META": {
    "bid": 602.79,
    "ask": 603.39,
    "spread": 0.6,
    "spread_pct": 0.099488,
    "timestamp": 1779226960.1451662
  },
  "MSFT": {
    "bid": 416.96,
    "ask": 417.38,
    "spread": 0.42,
    "spread_pct": 0.100678,
    "timestamp": 1779226960.3569546
  },
  "ORCL": {
    "bid": 181.24,
    "ask": 181.45,
    "spread": 0.21,
    "spread_pct": 0.115801,
    "timestamp": 1779226960.1340039
  },
  "DJ30": {
    "bid": 49408.76,
    "ask": 49409.86,
    "spread": 1.1,
    "spread_pct": 0.002226,
    "timestamp": 1779221013.1652179
  },
  "TECH100": {
    "bid": 28902.08,
    "ask": 28902.52,
    "spread": 0.44,
    "spread_pct": 0.001522,
    "timestamp": 1779221013.484195
  },
  "XAUUSD": {
    "bid": 4481.8,
    "ask": 4482.0,
    "spread": 0.2,
    "spread_pct": 0.004462,
    "timestamp": 1779221013.7381384
  },
  "UK100": {
    "bid": 10329.63,
    "ask": 10333.63,
    "spread": 4.0,
    "spread_pct": 0.038716,
    "timestamp": 1779214082.4999087
  },
  "UKOIL": {
    "bid": 111.406,
    "ask": 111.444,
    "spread": 0.038,
    "spread_pct": 0.034104,
    "timestamp": 1779221010.7252018
  },
  "INTEL": {
    "bid": 112.4,
    "ask": 112.52,
    "spread": 0.12,
    "spread_pct": 0.106705,
    "timestamp": 1779214080.197513
  },
  "JPN225": {
    "bid": 60584.93,
    "ask": 60593.57,
    "spread": 8.64,
    "spread_pct": 0.01426,
    "timestamp": 1779221013.2843573
  },
  "NZDUSD": {
    "bid": 0.58387,
    "ask": 0.58396,
    "spread": 9e-05,
    "spread_pct": 0.015413,
    "timestamp": 1779226960.1902914
  },
  "NFLX": {
    "bid": 89.17,
    "ask": 89.3,
    "spread": 0.13,
    "spread_pct": 0.145683,
    "timestamp": 1779226960.3647954
  },
  "AMD": {
    "bid": 416.08,
    "ask": 416.5,
    "spread": 0.42,
    "spread_pct": 0.100891,
    "timestamp": 1779226960.2586815
  },
  "GER30": {
    "bid": 24456.08,
    "ask": 24457.22,
    "spread": 1.14,
    "spread_pct": 0.004661,
    "timestamp": 1779214080.2614303
  },
  "XAGUSD": {
    "bid": 73.744,
    "ask": 73.847,
    "spread": 0.103,
    "spread_pct": 0.139575,
    "timestamp": 1779221013.221537
  },
  "PLTR": {
    "bid": 134.81,
    "ask": 134.96,
    "spread": 0.15,
    "spread_pct": 0.111206,
    "timestamp": 1779226960.1450064
  },
  "GOOG": {
    "bid": 391.44,
    "ask": 391.9,
    "spread": 0.46,
    "spread_pct": 0.117446,
    "timestamp": 1779214082.4227853
  },
  "NGAS": {
    "bid": 3.0981,
    "ask": 3.1109,
    "spread": 0.0128,
    "spread_pct": 0.412305,
    "timestamp": 1779214079.4942377
  },
  "SP500": {
    "bid": 7367.96,
    "ask": 7368.3,
    "spread": 0.34,
    "spread_pct": 0.004614,
    "timestamp": 1779221013.6319048
  },
  "EURUSD": {
    "bid": 1.16077,
    "ask": 1.16088,
    "spread": 0.00011,
    "spread_pct": 0.009476,
    "timestamp": 1779226959.6063833
  },
  "NVIDIA": {
    "bid": 223.36,
    "ask": 223.7,
    "spread": 0.34,
    "spread_pct": 0.152105,
    "timestamp": 1779214080.6571395
  },
  "USOIL": {
    "bid": 104.487,
    "ask": 104.519,
    "spread": 0.032,
    "spread_pct": 0.030621,
    "timestamp": 1779221012.66958
  },
  "TSLA": {
    "bid": 403.97,
    "ask": 404.46,
    "spread": 0.49,
    "spread_pct": 0.121223,
    "timestamp": 1779226960.115508
  },
  "AMZN": {
    "bid": 258.97,
    "ask": 259.23,
    "spread": 0.26,
    "spread_pct": 0.100347,
    "timestamp": 1779226960.3864968
  },
  "GBPUSD": {
    "bid": 1.33978,
    "ask": 1.33988,
    "spread": 0.0001,
    "spread_pct": 0.007464,
    "timestamp": 1779226960.4955277
  },
  "AUDUSD": {
    "bid": 0.71086,
    "ask": 0.71096,
    "spread": 0.0001,
    "spread_pct": 0.014066,
    "timestamp": 1779226950.7228143
  },
  "TSM": {
    "bid": 393.4,
    "ask": 393.79,
    "spread": 0.39,
    "spread_pct": 0.099087,
    "timestamp": 1779226960.2213788
  },
  "MSTR": {
    "bid": 164.99,
    "ask": 165.16,
    "spread": 0.17,
    "spread_pct": 0.102983,
    "timestamp": 1779226960.221211
  },
  "XPTUSD": {
    "bid": 1920.27,
    "ask": 1930.43,
    "spread": 10.16,
    "spread_pct": 0.527696,
    "timestamp": 1779221013.2216117
  },
  "COST": {
    "bid": 1093.89,
    "ask": 1095.89,
    "spread": 2.0,
    "spread_pct": 0.182667,
    "timestamp": 1779226960.2091565
  },
  "XALUSD": {
    "bid": 3586.4,
    "ask": 3601.7,
    "spread": 15.3,
    "spread_pct": 0.425704,
    "timestamp": 1779206308.4995682
  },
  "XPDUSD": {
    "bid": 1360.57,
    "ask": 1367.99,
    "spread": 7.42,
    "spread_pct": 0.543877,
    "timestamp": 1779214081.8951683
  }
}