{
  "AAPL": {
    "bid": 281.89,
    "ask": 282.17,
    "spread": 0.28,
    "spread_pct": 0.09928,
    "timestamp": 1778072604.220891
  },
  "COPPER": {
    "bid": 618.66,
    "ask": 619.04,
    "spread": 0.38,
    "spread_pct": 0.061404,
    "timestamp": 1778072605.1433122
  },
  "META": {
    "bid": 605.87,
    "ask": 606.48,
    "spread": 0.61,
    "spread_pct": 0.100631,
    "timestamp": 1778072605.1774752
  },
  "MSFT": {
    "bid": 409.82,
    "ask": 410.23,
    "spread": 0.41,
    "spread_pct": 0.099994,
    "timestamp": 1778072604.1566014
  },
  "ORCL": {
    "bid": 186.07,
    "ask": 186.29,
    "spread": 0.22,
    "spread_pct": 0.118165,
    "timestamp": 1778072604.1346314
  },
  "DJ30": {
    "bid": 49838.37,
    "ask": 49839.63,
    "spread": 1.26,
    "spread_pct": 0.002528,
    "timestamp": 1778072604.3857865
  },
  "TECH100": {
    "bid": 28446.9,
    "ask": 28447.35,
    "spread": 0.45,
    "spread_pct": 0.001582,
    "timestamp": 1778072604.38542
  },
  "XAUUSD": {
    "bid": 4688.87,
    "ask": 4689.07,
    "spread": 0.2,
    "spread_pct": 0.004265,
    "timestamp": 1778072605.0155535
  },
  "UK100": {
    "bid": 10454.12,
    "ask": 10454.88,
    "spread": 0.76,
    "spread_pct": 0.00727,
    "timestamp": 1778072605.143228
  },
  "UKOIL": {
    "bid": 102.905,
    "ask": 102.935,
    "spread": 0.03,
    "spread_pct": 0.029149,
    "timestamp": 1778072604.5632298
  },
  "INTEL": {
    "bid": 107.71,
    "ask": 107.87,
    "spread": 0.16,
    "spread_pct": 0.148437,
    "timestamp": 1778010945.2909675
  },
  "JPN225": {
    "bid": 61826.46,
    "ask": 61833.54,
    "spread": 7.08,
    "spread_pct": 0.011451,
    "timestamp": 1778072604.6579428
  },
  "NZDUSD": {
    "bid": 0.59606,
    "ask": 0.59616,
    "spread": 0.0001,
    "spread_pct": 0.016775,
    "timestamp": 1778072604.5162046
  },
  "NFLX": {
    "bid": 87.99,
    "ask": 88.12,
    "spread": 0.13,
    "spread_pct": 0.147635,
    "timestamp": 1778072604.2644181
  },
  "AMD": {
    "bid": 409.92,
    "ask": 410.33,
    "spread": 0.41,
    "spread_pct": 0.09997,
    "timestamp": 1778072604.2533498
  },
  "GER30": {
    "bid": 25040.36,
    "ask": 25041.64,
    "spread": 1.28,
    "spread_pct": 0.005112,
    "timestamp": 1778072604.6914709
  },
  "XAGUSD": {
    "bid": 77.122,
    "ask": 77.223,
    "spread": 0.101,
    "spread_pct": 0.130876,
    "timestamp": 1778072604.1778831
  },
  "PLTR": {
    "bid": 135.77,
    "ask": 135.91,
    "spread": 0.14,
    "spread_pct": 0.103062,
    "timestamp": 1778072605.1772017
  },
  "GOOG": {
    "bid": 387.82,
    "ask": 388.24,
    "spread": 0.42,
    "spread_pct": 0.108239,
    "timestamp": 1778010945.2905567
  },
  "NGAS": {
    "bid": 2.7192,
    "ask": 2.7318,
    "spread": 0.0126,
    "spread_pct": 0.4623,
    "timestamp": 1778072604.324068
  },
  "SP500": {
    "bid": 7338.22,
    "ask": 7338.53,
    "spread": 0.31,
    "spread_pct": 0.004224,
    "timestamp": 1778072604.1159651
  },
  "EURUSD": {
    "bid": 1.17569,
    "ask": 1.17578,
    "spread": 9e-05,
    "spread_pct": 0.007655,
    "timestamp": 1778072604.429801
  },
  "NVIDIA": {
    "bid": 196.06,
    "ask": 196.37,
    "spread": 0.31,
    "spread_pct": 0.15799,
    "timestamp": 1778010945.290079
  },
  "USOIL": {
    "bid": 95.274,
    "ask": 95.306,
    "spread": 0.032,
    "spread_pct": 0.033582,
    "timestamp": 1778072605.0919824
  },
  "TSLA": {
    "bid": 390.12,
    "ask": 390.59,
    "spread": 0.47,
    "spread_pct": 0.120403,
    "timestamp": 1778072605.1869202
  },
  "AMZN": {
    "bid": 273.83,
    "ask": 274.1,
    "spread": 0.27,
    "spread_pct": 0.098553,
    "timestamp": 1778072604.2344694
  },
  "GBPUSD": {
    "bid": 1.36143,
    "ask": 1.36154,
    "spread": 0.00011,
    "spread_pct": 0.008079,
    "timestamp": 1778072604.1892192
  },
  "AUDUSD": {
    "bid": 0.72385,
    "ask": 0.72395,
    "spread": 0.0001,
    "spread_pct": 0.013814,
    "timestamp": 1778072605.1867695
  },
  "TSM": {
    "bid": 401.77,
    "ask": 402.17,
    "spread": 0.4,
    "spread_pct": 0.09951,
    "timestamp": 1778072604.2104514
  },
  "MSTR": {
    "bid": 187.05,
    "ask": 187.24,
    "spread": 0.19,
    "spread_pct": 0.101526,
    "timestamp": 1778072605.164092
  },
  "XPTUSD": {
    "bid": 2016.79,
    "ask": 2026.87,
    "spread": 10.08,
    "spread_pct": 0.498558,
    "timestamp": 1778072604.3855827
  },
  "COST": {
    "bid": 1010.85,
    "ask": 1011.86,
    "spread": 1.01,
    "spread_pct": 0.099866,
    "timestamp": 1778072604.1562371
  },
  "XALUSD": {
    "bid": 3532.12,
    "ask": 3547.48,
    "spread": 15.36,
    "spread_pct": 0.433923,
    "timestamp": 1778072604.9802248
  },
  "XPDUSD": {
    "bid": 1538.1,
    "ask": 1545.4,
    "spread": 7.3,
    "spread_pct": 0.473488,
    "timestamp": 1778072602.6682456
  }
}