{
  "AAPL": {
    "bid": 301.52,
    "ask": 301.82,
    "spread": 0.3,
    "spread_pct": 0.099446,
    "timestamp": 1779311289.3535573
  },
  "COPPER": {
    "bid": 658.63,
    "ask": 659.03,
    "spread": 0.4,
    "spread_pct": 0.060714,
    "timestamp": 1778745929.310647
  },
  "META": {
    "bid": 604.97,
    "ask": 605.58,
    "spread": 0.61,
    "spread_pct": 0.100781,
    "timestamp": 1779311289.303649
  },
  "MSFT": {
    "bid": 420.13,
    "ask": 420.55,
    "spread": 0.42,
    "spread_pct": 0.099919,
    "timestamp": 1779311289.1189392
  },
  "ORCL": {
    "bid": 186.93,
    "ask": 187.12,
    "spread": 0.19,
    "spread_pct": 0.101591,
    "timestamp": 1779311289.2312908
  },
  "DJ30": {
    "bid": 50067.5,
    "ask": 50068.5,
    "spread": 1.0,
    "spread_pct": 0.001997,
    "timestamp": 1779303865.1828034
  },
  "TECH100": {
    "bid": 29312.26,
    "ask": 29312.7,
    "spread": 0.44,
    "spread_pct": 0.001501,
    "timestamp": 1779303865.3141057
  },
  "XAUUSD": {
    "bid": 4543.25,
    "ask": 4543.45,
    "spread": 0.2,
    "spread_pct": 0.004402,
    "timestamp": 1779303866.1969464
  },
  "UK100": {
    "bid": 10463.05,
    "ask": 10467.05,
    "spread": 4.0,
    "spread_pct": 0.038222,
    "timestamp": 1779303865.3135343
  },
  "UKOIL": {
    "bid": 104.595,
    "ask": 104.627,
    "spread": 0.032,
    "spread_pct": 0.03059,
    "timestamp": 1779303865.7799308
  },
  "INTEL": {
    "bid": 118.43,
    "ask": 118.55,
    "spread": 0.12,
    "spread_pct": 0.101274,
    "timestamp": 1779303866.1968431
  },
  "JPN225": {
    "bid": 61449.84,
    "ask": 61457.16,
    "spread": 7.32,
    "spread_pct": 0.011911,
    "timestamp": 1779303866.3139408
  },
  "NZDUSD": {
    "bid": 0.58749,
    "ask": 0.5876,
    "spread": 0.00011,
    "spread_pct": 0.018722,
    "timestamp": 1779303860.9034638
  },
  "NFLX": {
    "bid": 87.93,
    "ask": 88.06,
    "spread": 0.13,
    "spread_pct": 0.147736,
    "timestamp": 1779311289.2181516
  },
  "AMD": {
    "bid": 442.87,
    "ask": 443.31,
    "spread": 0.44,
    "spread_pct": 0.099303,
    "timestamp": 1779311289.257
  },
  "GER30": {
    "bid": 24804.06,
    "ask": 24805.06,
    "spread": 1.0,
    "spread_pct": 0.004032,
    "timestamp": 1779303865.3141782
  },
  "XAGUSD": {
    "bid": 76.22,
    "ask": 76.321,
    "spread": 0.101,
    "spread_pct": 0.132423,
    "timestamp": 1779303866.3138182
  },
  "PLTR": {
    "bid": 135.88,
    "ask": 136.02,
    "spread": 0.14,
    "spread_pct": 0.102979,
    "timestamp": 1779311289.2044728
  },
  "GOOG": {
    "bid": 387.28,
    "ask": 387.72,
    "spread": 0.44,
    "spread_pct": 0.113548,
    "timestamp": 1779303862.4028034
  },
  "NGAS": {
    "bid": 3.0981,
    "ask": 3.1109,
    "spread": 0.0128,
    "spread_pct": 0.412305,
    "timestamp": 1779214079.4942377
  },
  "SP500": {
    "bid": 7439.54,
    "ask": 7439.86,
    "spread": 0.32,
    "spread_pct": 0.004301,
    "timestamp": 1779303865.1762018
  },
  "EURUSD": {
    "bid": 1.16313,
    "ask": 1.16322,
    "spread": 9e-05,
    "spread_pct": 0.007737,
    "timestamp": 1779303865.5082257
  },
  "NVIDIA": {
    "bid": 222.26,
    "ask": 222.59,
    "spread": 0.33,
    "spread_pct": 0.148365,
    "timestamp": 1779303864.8640544
  },
  "USOIL": {
    "bid": 97.872,
    "ask": 97.906,
    "spread": 0.034,
    "spread_pct": 0.034733,
    "timestamp": 1779303862.7832763
  },
  "TSLA": {
    "bid": 415.62,
    "ask": 416.12,
    "spread": 0.5,
    "spread_pct": 0.12023,
    "timestamp": 1779311289.1740346
  },
  "AMZN": {
    "bid": 265.12,
    "ask": 265.39,
    "spread": 0.27,
    "spread_pct": 0.101789,
    "timestamp": 1779311289.1941166
  },
  "GBPUSD": {
    "bid": 1.34439,
    "ask": 1.34451,
    "spread": 0.00012,
    "spread_pct": 0.008926,
    "timestamp": 1779303865.1042721
  },
  "AUDUSD": {
    "bid": 0.71591,
    "ask": 0.716,
    "spread": 9e-05,
    "spread_pct": 0.012571,
    "timestamp": 1779303865.3451629
  },
  "TSM": {
    "bid": 401.58,
    "ask": 401.98,
    "spread": 0.4,
    "spread_pct": 0.099557,
    "timestamp": 1779311289.2313828
  },
  "MSTR": {
    "bid": 166.23,
    "ask": 166.4,
    "spread": 0.17,
    "spread_pct": 0.102216,
    "timestamp": 1779311289.2695773
  },
  "XPTUSD": {
    "bid": 1956.88,
    "ask": 1966.88,
    "spread": 10.0,
    "spread_pct": 0.509715,
    "timestamp": 1779303863.9794874
  },
  "COST": {
    "bid": 1074.23,
    "ask": 1075.81,
    "spread": 1.58,
    "spread_pct": 0.146974,
    "timestamp": 1779311289.2311735
  },
  "XALUSD": {
    "bid": 3626.63,
    "ask": 3641.87,
    "spread": 15.24,
    "spread_pct": 0.419344,
    "timestamp": 1779295033.2977886
  },
  "XPDUSD": {
    "bid": 1375.25,
    "ask": 1382.75,
    "spread": 7.5,
    "spread_pct": 0.543872,
    "timestamp": 1779303863.3034465
  }
}