{
  "AAPL": {
    "bid": 282.94,
    "ask": 283.22,
    "spread": 0.28,
    "spread_pct": 0.098912,
    "timestamp": 1777654414.1830668
  },
  "COPPER": {
    "bid": 598.46,
    "ask": 598.84,
    "spread": 0.38,
    "spread_pct": 0.063476,
    "timestamp": 1777654410.4549732
  },
  "META": {
    "bid": 612.44,
    "ask": 613.05,
    "spread": 0.61,
    "spread_pct": 0.099552,
    "timestamp": 1777654414.3157756
  },
  "MSFT": {
    "bid": 413.46,
    "ask": 413.87,
    "spread": 0.41,
    "spread_pct": 0.099114,
    "timestamp": 1777654414.1831431
  },
  "ORCL": {
    "bid": 173.0,
    "ask": 173.17,
    "spread": 0.17,
    "spread_pct": 0.098218,
    "timestamp": 1777654414.3274329
  },
  "DJ30": {
    "bid": 49727.48,
    "ask": 49728.52,
    "spread": 1.04,
    "spread_pct": 0.002091,
    "timestamp": 1777654414.4559765
  },
  "TECH100": {
    "bid": 27822.8,
    "ask": 27823.2,
    "spread": 0.4,
    "spread_pct": 0.001438,
    "timestamp": 1777654414.3053572
  },
  "XAUUSD": {
    "bid": 4639.68,
    "ask": 4639.9,
    "spread": 0.22,
    "spread_pct": 0.004742,
    "timestamp": 1777654414.3052804
  },
  "UK100": {
    "bid": 10372.13,
    "ask": 10372.87,
    "spread": 0.74,
    "spread_pct": 0.007134,
    "timestamp": 1777654411.2140508
  },
  "UKOIL": {
    "bid": 108.274,
    "ask": 108.306,
    "spread": 0.032,
    "spread_pct": 0.02955,
    "timestamp": 1777654413.873444
  },
  "INTEL": {
    "bid": 99.06,
    "ask": 99.2,
    "spread": 0.14,
    "spread_pct": 0.141229,
    "timestamp": 1777654414.6414065
  },
  "JPN225": {
    "bid": 59348.27,
    "ask": 59356.73,
    "spread": 8.46,
    "spread_pct": 0.014254,
    "timestamp": 1777654412.7892804
  },
  "NZDUSD": {
    "bid": 0.59107,
    "ask": 0.59118,
    "spread": 0.00011,
    "spread_pct": 0.018609,
    "timestamp": 1777654413.9074023
  },
  "NFLX": {
    "bid": 92.54,
    "ask": 93.54,
    "spread": 1.0,
    "spread_pct": 1.074807,
    "timestamp": 1777654414.39969
  },
  "AMD": {
    "bid": 357.13,
    "ask": 357.49,
    "spread": 0.36,
    "spread_pct": 0.100753,
    "timestamp": 1777654414.2963736
  },
  "GER30": {
    "bid": 24426.99,
    "ask": 24428.01,
    "spread": 1.02,
    "spread_pct": 0.004176,
    "timestamp": 1777575685.1484106
  },
  "XAGUSD": {
    "bid": 75.957,
    "ask": 76.061,
    "spread": 0.104,
    "spread_pct": 0.136826,
    "timestamp": 1777654414.6101787
  },
  "PLTR": {
    "bid": 143.69,
    "ask": 143.83,
    "spread": 0.14,
    "spread_pct": 0.097385,
    "timestamp": 1777654414.3290043
  },
  "GOOG": {
    "bid": 383.95,
    "ask": 384.37,
    "spread": 0.42,
    "spread_pct": 0.109329,
    "timestamp": 1777654413.4654138
  },
  "NGAS": {
    "bid": 2.7653,
    "ask": 2.7777,
    "spread": 0.0124,
    "spread_pct": 0.447411,
    "timestamp": 1777654414.6412547
  },
  "SP500": {
    "bid": 7268.72,
    "ask": 7269.03,
    "spread": 0.31,
    "spread_pct": 0.004265,
    "timestamp": 1777654414.1534142
  },
  "EURUSD": {
    "bid": 1.17404,
    "ask": 1.17414,
    "spread": 0.0001,
    "spread_pct": 0.008517,
    "timestamp": 1777654414.1457686
  },
  "NVIDIA": {
    "bid": 198.97,
    "ask": 199.3,
    "spread": 0.33,
    "spread_pct": 0.165717,
    "timestamp": 1777654414.3997514
  },
  "USOIL": {
    "bid": 101.8,
    "ask": 101.84,
    "spread": 0.04,
    "spread_pct": 0.039285,
    "timestamp": 1777654414.399622
  },
  "TSLA": {
    "bid": 394.4,
    "ask": 394.94,
    "spread": 0.54,
    "spread_pct": 0.136823,
    "timestamp": 1777654414.641339
  },
  "AMZN": {
    "bid": 268.39,
    "ask": 268.66,
    "spread": 0.27,
    "spread_pct": 0.100549,
    "timestamp": 1777654414.1662192
  },
  "GBPUSD": {
    "bid": 1.3601,
    "ask": 1.36018,
    "spread": 8e-05,
    "spread_pct": 0.005882,
    "timestamp": 1777654414.610089
  },
  "AUDUSD": {
    "bid": 0.72109,
    "ask": 0.72119,
    "spread": 0.0001,
    "spread_pct": 0.013867,
    "timestamp": 1777654414.133419
  },
  "TSM": {
    "bid": 398.27,
    "ask": 398.67,
    "spread": 0.4,
    "spread_pct": 0.100384,
    "timestamp": 1777654414.2349553
  },
  "MSTR": {
    "bid": 176.15,
    "ask": 176.33,
    "spread": 0.18,
    "spread_pct": 0.102133,
    "timestamp": 1777654414.3629067
  },
  "XPTUSD": {
    "bid": 1997.95,
    "ask": 2007.83,
    "spread": 9.88,
    "spread_pct": 0.493287,
    "timestamp": 1777654413.5501163
  },
  "COST": {
    "bid": 1014.33,
    "ask": 1016.35,
    "spread": 2.02,
    "spread_pct": 0.198948,
    "timestamp": 1777654414.2831457
  },
  "XALUSD": {
    "bid": 3509.97,
    "ask": 3525.48,
    "spread": 15.51,
    "spread_pct": 0.44091,
    "timestamp": 1777654411.019823
  },
  "XPDUSD": {
    "bid": 1527.72,
    "ask": 1535.17,
    "spread": 7.45,
    "spread_pct": 0.486469,
    "timestamp": 1777654414.641467
  }
}