{
  "AAPL": {
    "bid": 292.92,
    "ask": 293.1,
    "spread": 0.18,
    "spread_pct": 0.061431,
    "timestamp": 1778249963.2127125
  },
  "COPPER": {
    "bid": 628.54,
    "ask": 628.96,
    "spread": 0.42,
    "spread_pct": 0.066799,
    "timestamp": 1778249963.495418
  },
  "META": {
    "bid": 615.83,
    "ask": 616.45,
    "spread": 0.62,
    "spread_pct": 0.100626,
    "timestamp": 1778249964.1450598
  },
  "MSFT": {
    "bid": 416.91,
    "ask": 417.07,
    "spread": 0.16,
    "spread_pct": 0.03837,
    "timestamp": 1778249963.644649
  },
  "ORCL": {
    "bid": 196.0,
    "ask": 196.21,
    "spread": 0.21,
    "spread_pct": 0.107085,
    "timestamp": 1778249963.1694555
  },
  "DJ30": {
    "bid": 49792.39,
    "ask": 49793.61,
    "spread": 1.22,
    "spread_pct": 0.00245,
    "timestamp": 1778249963.877105
  },
  "TECH100": {
    "bid": 29108.27,
    "ask": 29108.73,
    "spread": 0.46,
    "spread_pct": 0.00158,
    "timestamp": 1778249963.2632782
  },
  "XAUUSD": {
    "bid": 4725.8,
    "ask": 4726.0,
    "spread": 0.2,
    "spread_pct": 0.004232,
    "timestamp": 1778249964.1244636
  },
  "UK100": {
    "bid": 10242.59,
    "ask": 10243.41,
    "spread": 0.82,
    "spread_pct": 0.008005,
    "timestamp": 1778249963.8997936
  },
  "UKOIL": {
    "bid": 101.316,
    "ask": 101.354,
    "spread": 0.038,
    "spread_pct": 0.037499,
    "timestamp": 1778249963.1046898
  },
  "INTEL": {
    "bid": 117.2,
    "ask": 117.34,
    "spread": 0.14,
    "spread_pct": 0.119383,
    "timestamp": 1778249963.4953384
  },
  "JPN225": {
    "bid": 63186.32,
    "ask": 63193.68,
    "spread": 7.36,
    "spread_pct": 0.011647,
    "timestamp": 1778249961.2865055
  },
  "NZDUSD": {
    "bid": 0.59581,
    "ask": 0.59592,
    "spread": 0.00011,
    "spread_pct": 0.018461,
    "timestamp": 1778249963.6779351
  },
  "NFLX": {
    "bid": 87.86,
    "ask": 87.99,
    "spread": 0.13,
    "spread_pct": 0.147853,
    "timestamp": 1778249964.1112218
  },
  "AMD": {
    "bid": 436.13,
    "ask": 436.57,
    "spread": 0.44,
    "spread_pct": 0.100836,
    "timestamp": 1778249964.1236212
  },
  "GER30": {
    "bid": 24460.47,
    "ask": 24461.53,
    "spread": 1.06,
    "spread_pct": 0.004333,
    "timestamp": 1778249963.876908
  },
  "XAGUSD": {
    "bid": 80.799,
    "ask": 80.904,
    "spread": 0.105,
    "spread_pct": 0.129868,
    "timestamp": 1778249963.6217556
  },
  "PLTR": {
    "bid": 134.56,
    "ask": 134.72,
    "spread": 0.16,
    "spread_pct": 0.118835,
    "timestamp": 1778249963.212966
  },
  "GOOG": {
    "bid": 399.56,
    "ask": 400.0,
    "spread": 0.44,
    "spread_pct": 0.110061,
    "timestamp": 1778249963.9625132
  },
  "NGAS": {
    "bid": 2.8181,
    "ask": 2.8309,
    "spread": 0.0128,
    "spread_pct": 0.453178,
    "timestamp": 1778249963.2128346
  },
  "SP500": {
    "bid": 7415.2,
    "ask": 7415.55,
    "spread": 0.35,
    "spread_pct": 0.00472,
    "timestamp": 1778249963.495122
  },
  "EURUSD": {
    "bid": 1.1774,
    "ask": 1.17749,
    "spread": 9e-05,
    "spread_pct": 0.007644,
    "timestamp": 1778249963.4952497
  },
  "NVIDIA": {
    "bid": 215.39,
    "ask": 215.7,
    "spread": 0.31,
    "spread_pct": 0.143821,
    "timestamp": 1778249963.322578
  },
  "USOIL": {
    "bid": 94.48,
    "ask": 96.36,
    "spread": 1.88,
    "spread_pct": 1.970237,
    "timestamp": 1778249963.6170106
  },
  "TSLA": {
    "bid": 426.35,
    "ask": 426.89,
    "spread": 0.54,
    "spread_pct": 0.126576,
    "timestamp": 1778249963.5592213
  },
  "AMZN": {
    "bid": 272.44,
    "ask": 272.78,
    "spread": 0.34,
    "spread_pct": 0.12472,
    "timestamp": 1778249963.6780388
  },
  "GBPUSD": {
    "bid": 1.36187,
    "ask": 1.36195,
    "spread": 8e-05,
    "spread_pct": 0.005874,
    "timestamp": 1778249963.5591154
  },
  "AUDUSD": {
    "bid": 0.72417,
    "ask": 0.72427,
    "spread": 0.0001,
    "spread_pct": 0.013808,
    "timestamp": 1778249962.541822
  },
  "TSM": {
    "bid": 413.64,
    "ask": 414.05,
    "spread": 0.41,
    "spread_pct": 0.099071,
    "timestamp": 1778249963.279217
  },
  "MSTR": {
    "bid": 183.42,
    "ask": 183.6,
    "spread": 0.18,
    "spread_pct": 0.098087,
    "timestamp": 1778249963.2014194
  },
  "XPTUSD": {
    "bid": 2021.72,
    "ask": 2031.88,
    "spread": 10.16,
    "spread_pct": 0.501283,
    "timestamp": 1778249961.3494196
  },
  "COST": {
    "bid": 1008.53,
    "ask": 1009.15,
    "spread": 0.62,
    "spread_pct": 0.061457,
    "timestamp": 1778249963.1907737
  },
  "XALUSD": {
    "bid": 3484.24,
    "ask": 3499.56,
    "spread": 15.32,
    "spread_pct": 0.43873,
    "timestamp": 1778249961.815979
  },
  "XPDUSD": {
    "bid": 1471.95,
    "ask": 1479.51,
    "spread": 7.56,
    "spread_pct": 0.512289,
    "timestamp": 1778249961.6452646
  }
}