{
  "AAPL": {
    "bid": 288.1,
    "ask": 288.39,
    "spread": 0.29,
    "spread_pct": 0.100609,
    "timestamp": 1778214781.2660866
  },
  "COPPER": {
    "bid": 617.95,
    "ask": 618.35,
    "spread": 0.4,
    "spread_pct": 0.064709,
    "timestamp": 1778214781.2803965
  },
  "META": {
    "bid": 618.93,
    "ask": 619.55,
    "spread": 0.62,
    "spread_pct": 0.100123,
    "timestamp": 1778214781.2662992
  },
  "MSFT": {
    "bid": 422.56,
    "ask": 422.98,
    "spread": 0.42,
    "spread_pct": 0.099345,
    "timestamp": 1778214781.1807911
  },
  "ORCL": {
    "bid": 190.4,
    "ask": 190.59,
    "spread": 0.19,
    "spread_pct": 0.09974,
    "timestamp": 1778214781.1822033
  },
  "DJ30": {
    "bid": 49739.99,
    "ask": 49752.01,
    "spread": 12.02,
    "spread_pct": 0.024163,
    "timestamp": 1778214781.406494
  },
  "TECH100": {
    "bid": 28772.17,
    "ask": 28777.58,
    "spread": 5.41,
    "spread_pct": 0.018801,
    "timestamp": 1778214781.4061148
  },
  "XAUUSD": {
    "bid": 4715.53,
    "ask": 4715.75,
    "spread": 0.22,
    "spread_pct": 0.004665,
    "timestamp": 1778214781.1486495
  },
  "UK100": {
    "bid": 10217.36,
    "ask": 10218.14,
    "spread": 0.78,
    "spread_pct": 0.007634,
    "timestamp": 1778214779.636297
  },
  "UKOIL": {
    "bid": 101.575,
    "ask": 101.605,
    "spread": 0.03,
    "spread_pct": 0.02953,
    "timestamp": 1778214770.3352718
  },
  "INTEL": {
    "bid": 109.85,
    "ask": 110.01,
    "spread": 0.16,
    "spread_pct": 0.145547,
    "timestamp": 1778181256.3747072
  },
  "JPN225": {
    "bid": 62485.0,
    "ask": 62525.0,
    "spread": 40.0,
    "spread_pct": 0.063995,
    "timestamp": 1778214781.1354656
  },
  "NZDUSD": {
    "bid": 0.59408,
    "ask": 0.59419,
    "spread": 0.00011,
    "spread_pct": 0.018514,
    "timestamp": 1778214780.5331235
  },
  "NFLX": {
    "bid": 88.44,
    "ask": 88.57,
    "spread": 0.13,
    "spread_pct": 0.146884,
    "timestamp": 1778214781.309234
  },
  "AMD": {
    "bid": 410.77,
    "ask": 411.18,
    "spread": 0.41,
    "spread_pct": 0.099763,
    "timestamp": 1778214781.2224348
  },
  "GER30": {
    "bid": 24534.47,
    "ask": 24535.53,
    "spread": 1.06,
    "spread_pct": 0.00432,
    "timestamp": 1778214781.148788
  },
  "XAGUSD": {
    "bid": 79.681,
    "ask": 79.786,
    "spread": 0.105,
    "spread_pct": 0.131689,
    "timestamp": 1778214780.348329
  },
  "PLTR": {
    "bid": 137.22,
    "ask": 137.36,
    "spread": 0.14,
    "spread_pct": 0.101974,
    "timestamp": 1778214781.2793224
  },
  "GOOG": {
    "bid": 395.86,
    "ask": 396.26,
    "spread": 0.4,
    "spread_pct": 0.100995,
    "timestamp": 1778181255.3544738
  },
  "NGAS": {
    "bid": 2.7693,
    "ask": 2.7817,
    "spread": 0.0124,
    "spread_pct": 0.446766,
    "timestamp": 1778214774.5428536
  },
  "SP500": {
    "bid": 7378.2,
    "ask": 7378.55,
    "spread": 0.35,
    "spread_pct": 0.004744,
    "timestamp": 1778214780.1958303
  },
  "EURUSD": {
    "bid": 1.17295,
    "ask": 1.17303,
    "spread": 8e-05,
    "spread_pct": 0.00682,
    "timestamp": 1778214781.2781084
  },
  "NVIDIA": {
    "bid": 212.53,
    "ask": 212.85,
    "spread": 0.32,
    "spread_pct": 0.150454,
    "timestamp": 1778181256.3437207
  },
  "USOIL": {
    "bid": 95.22,
    "ask": 97.07,
    "spread": 1.85,
    "spread_pct": 1.924177,
    "timestamp": 1778214779.2763112
  },
  "TSLA": {
    "bid": 412.22,
    "ask": 412.71,
    "spread": 0.49,
    "spread_pct": 0.118798,
    "timestamp": 1778214781.2150578
  },
  "AMZN": {
    "bid": 271.77,
    "ask": 272.04,
    "spread": 0.27,
    "spread_pct": 0.099299,
    "timestamp": 1778214781.2663794
  },
  "GBPUSD": {
    "bid": 1.3558,
    "ask": 1.35589,
    "spread": 9e-05,
    "spread_pct": 0.006638,
    "timestamp": 1778214779.8947682
  },
  "AUDUSD": {
    "bid": 0.72153,
    "ask": 0.72165,
    "spread": 0.00012,
    "spread_pct": 0.01663,
    "timestamp": 1778214780.7831652
  },
  "TSM": {
    "bid": 415.65,
    "ask": 416.07,
    "spread": 0.42,
    "spread_pct": 0.100996,
    "timestamp": 1778214781.1365058
  },
  "MSTR": {
    "bid": 178.7,
    "ask": 178.88,
    "spread": 0.18,
    "spread_pct": 0.100677,
    "timestamp": 1778214781.1267273
  },
  "XPTUSD": {
    "bid": 2049.3,
    "ask": 2059.38,
    "spread": 10.08,
    "spread_pct": 0.490669,
    "timestamp": 1778214781.149002
  },
  "COST": {
    "bid": 1010.11,
    "ask": 1011.48,
    "spread": 1.37,
    "spread_pct": 0.135537,
    "timestamp": 1778214781.2662044
  },
  "XALUSD": {
    "bid": 3479.73,
    "ask": 3495.12,
    "spread": 15.39,
    "spread_pct": 0.4413,
    "timestamp": 1778214780.5333
  },
  "XPDUSD": {
    "bid": 1504.43,
    "ask": 1511.63,
    "spread": 7.2,
    "spread_pct": 0.477444,
    "timestamp": 1778214776.633144
  }
}