{
  "AAPL": {
    "bid": 282.53,
    "ask": 282.81,
    "spread": 0.28,
    "spread_pct": 0.099055,
    "timestamp": 1778018965.103089
  },
  "COPPER": {
    "bid": 598.44,
    "ask": 598.82,
    "spread": 0.38,
    "spread_pct": 0.063478,
    "timestamp": 1778018962.5197713
  },
  "META": {
    "bid": 603.5,
    "ask": 604.1,
    "spread": 0.6,
    "spread_pct": 0.099371,
    "timestamp": 1778018965.120123
  },
  "MSFT": {
    "bid": 409.85,
    "ask": 410.26,
    "spread": 0.41,
    "spread_pct": 0.099987,
    "timestamp": 1778018965.2987094
  },
  "ORCL": {
    "bid": 184.5,
    "ask": 185.29,
    "spread": 0.79,
    "spread_pct": 0.42727,
    "timestamp": 1778018965.2991743
  },
  "DJ30": {
    "bid": 49376.42,
    "ask": 49377.58,
    "spread": 1.16,
    "spread_pct": 0.002349,
    "timestamp": 1778018964.7091136
  },
  "TECH100": {
    "bid": 28263.92,
    "ask": 28264.33,
    "spread": 0.41,
    "spread_pct": 0.001451,
    "timestamp": 1778018965.5078385
  },
  "XAUUSD": {
    "bid": 4550.68,
    "ask": 4550.9,
    "spread": 0.22,
    "spread_pct": 0.004834,
    "timestamp": 1778018965.6936693
  },
  "UK100": {
    "bid": 10264.0,
    "ask": 10268.0,
    "spread": 4.0,
    "spread_pct": 0.038964,
    "timestamp": 1778010945.155102
  },
  "UKOIL": {
    "bid": 110.404,
    "ask": 110.436,
    "spread": 0.032,
    "spread_pct": 0.02898,
    "timestamp": 1778014748.2963648
  },
  "INTEL": {
    "bid": 107.71,
    "ask": 107.87,
    "spread": 0.16,
    "spread_pct": 0.148437,
    "timestamp": 1778010945.2909675
  },
  "JPN225": {
    "bid": 60738.24,
    "ask": 60746.76,
    "spread": 8.52,
    "spread_pct": 0.014026,
    "timestamp": 1778014734.9619184
  },
  "NZDUSD": {
    "bid": 0.58859,
    "ask": 0.58871,
    "spread": 0.00012,
    "spread_pct": 0.020386,
    "timestamp": 1778018965.2608106
  },
  "NFLX": {
    "bid": 87.81,
    "ask": 87.94,
    "spread": 0.13,
    "spread_pct": 0.147937,
    "timestamp": 1778018965.3270648
  },
  "AMD": {
    "bid": 397.93,
    "ask": 398.54,
    "spread": 0.61,
    "spread_pct": 0.153176,
    "timestamp": 1778018965.1029356
  },
  "GER30": {
    "bid": 24493.94,
    "ask": 24495.06,
    "spread": 1.12,
    "spread_pct": 0.004572,
    "timestamp": 1778010944.2983327
  },
  "XAGUSD": {
    "bid": 72.757,
    "ask": 72.858,
    "spread": 0.101,
    "spread_pct": 0.138722,
    "timestamp": 1778018965.184848
  },
  "PLTR": {
    "bid": 134.64,
    "ask": 134.77,
    "spread": 0.13,
    "spread_pct": 0.096507,
    "timestamp": 1778018965.2606704
  },
  "GOOG": {
    "bid": 387.82,
    "ask": 388.24,
    "spread": 0.42,
    "spread_pct": 0.108239,
    "timestamp": 1778010945.2905567
  },
  "NGAS": {
    "bid": 2.7731,
    "ask": 2.7859,
    "spread": 0.0128,
    "spread_pct": 0.460514,
    "timestamp": 1778014748.8215227
  },
  "SP500": {
    "bid": 7296.46,
    "ask": 7296.79,
    "spread": 0.33,
    "spread_pct": 0.004523,
    "timestamp": 1778018965.5110168
  },
  "EURUSD": {
    "bid": 1.16943,
    "ask": 1.16952,
    "spread": 9e-05,
    "spread_pct": 0.007696,
    "timestamp": 1778018965.1544118
  },
  "NVIDIA": {
    "bid": 196.06,
    "ask": 196.37,
    "spread": 0.31,
    "spread_pct": 0.15799,
    "timestamp": 1778010945.290079
  },
  "USOIL": {
    "bid": 102.545,
    "ask": 102.585,
    "spread": 0.04,
    "spread_pct": 0.039,
    "timestamp": 1778018962.261344
  },
  "TSLA": {
    "bid": 386.8,
    "ask": 387.26,
    "spread": 0.46,
    "spread_pct": 0.118854,
    "timestamp": 1778018965.1293867
  },
  "AMZN": {
    "bid": 271.42,
    "ask": 271.69,
    "spread": 0.27,
    "spread_pct": 0.099427,
    "timestamp": 1778018965.3431132
  },
  "GBPUSD": {
    "bid": 1.35429,
    "ask": 1.35437,
    "spread": 8e-05,
    "spread_pct": 0.005907,
    "timestamp": 1778018957.0402331
  },
  "AUDUSD": {
    "bid": 0.7183,
    "ask": 0.71839,
    "spread": 9e-05,
    "spread_pct": 0.012529,
    "timestamp": 1778018955.265124
  },
  "TSM": {
    "bid": 398.37,
    "ask": 398.77,
    "spread": 0.4,
    "spread_pct": 0.100359,
    "timestamp": 1778018965.1677186
  },
  "MSTR": {
    "bid": 183.82,
    "ask": 184.0,
    "spread": 0.18,
    "spread_pct": 0.097874,
    "timestamp": 1778018965.0891826
  },
  "XPTUSD": {
    "bid": 1950.55,
    "ask": 1960.59,
    "spread": 10.04,
    "spread_pct": 0.513405,
    "timestamp": 1778018964.7832131
  },
  "COST": {
    "bid": 1015.95,
    "ask": 1016.97,
    "spread": 1.02,
    "spread_pct": 0.100348,
    "timestamp": 1778018965.3734548
  },
  "XALUSD": {
    "bid": 3554.89,
    "ask": 3570.36,
    "spread": 15.47,
    "spread_pct": 0.43423,
    "timestamp": 1777985953.4549065
  },
  "XPDUSD": {
    "bid": 1486.78,
    "ask": 1494.17,
    "spread": 7.39,
    "spread_pct": 0.495815,
    "timestamp": 1778018965.373599
  }
}