{
  "AAPL": {
    "bid": 300.48,
    "ask": 300.78,
    "spread": 0.3,
    "spread_pct": 0.09979,
    "timestamp": 1778754778.2158556
  },
  "COPPER": {
    "bid": 658.63,
    "ask": 659.03,
    "spread": 0.4,
    "spread_pct": 0.060714,
    "timestamp": 1778745929.310647
  },
  "META": {
    "bid": 617.63,
    "ask": 618.25,
    "spread": 0.62,
    "spread_pct": 0.100333,
    "timestamp": 1778754778.1730409
  },
  "MSFT": {
    "bid": 406.94,
    "ask": 407.35,
    "spread": 0.41,
    "spread_pct": 0.100701,
    "timestamp": 1778754778.2688358
  },
  "ORCL": {
    "bid": 190.07,
    "ask": 190.5,
    "spread": 0.43,
    "spread_pct": 0.225977,
    "timestamp": 1778754778.3550339
  },
  "DJ30": {
    "bid": 49939.38,
    "ask": 49940.62,
    "spread": 1.24,
    "spread_pct": 0.002483,
    "timestamp": 1778745929.3199842
  },
  "TECH100": {
    "bid": 29534.77,
    "ask": 29540.17,
    "spread": 5.4,
    "spread_pct": 0.018282,
    "timestamp": 1778754778.2911265
  },
  "XAUUSD": {
    "bid": 4695.87,
    "ask": 4696.07,
    "spread": 0.2,
    "spread_pct": 0.004259,
    "timestamp": 1778754777.5152893
  },
  "UK100": {
    "bid": 10331.5,
    "ask": 10335.5,
    "spread": 4.0,
    "spread_pct": 0.038709,
    "timestamp": 1778745928.5458117
  },
  "UKOIL": {
    "bid": 106.651,
    "ask": 106.689,
    "spread": 0.038,
    "spread_pct": 0.035624,
    "timestamp": 1778745928.2738826
  },
  "INTEL": {
    "bid": 121.1,
    "ask": 121.24,
    "spread": 0.14,
    "spread_pct": 0.11554,
    "timestamp": 1778700391.9036784
  },
  "JPN225": {
    "bid": 62553.73,
    "ask": 62561.27,
    "spread": 7.54,
    "spread_pct": 0.012053,
    "timestamp": 1778745929.5278482
  },
  "NZDUSD": {
    "bid": 0.5936,
    "ask": 0.5937,
    "spread": 0.0001,
    "spread_pct": 0.016845,
    "timestamp": 1778754776.6397731
  },
  "NFLX": {
    "bid": 87.61,
    "ask": 87.76,
    "spread": 0.15,
    "spread_pct": 0.171067,
    "timestamp": 1778754778.33571
  },
  "AMD": {
    "bid": 436.35,
    "ask": 436.79,
    "spread": 0.44,
    "spread_pct": 0.100786,
    "timestamp": 1778754778.128385
  },
  "GER30": {
    "bid": 24493.71,
    "ask": 24494.75,
    "spread": 1.04,
    "spread_pct": 0.004246,
    "timestamp": 1778754778.196109
  },
  "XAGUSD": {
    "bid": 86.834,
    "ask": 86.935,
    "spread": 0.101,
    "spread_pct": 0.116246,
    "timestamp": 1778754777.3066027
  },
  "PLTR": {
    "bid": 130.7,
    "ask": 130.83,
    "spread": 0.13,
    "spread_pct": 0.099415,
    "timestamp": 1778754778.3359547
  },
  "GOOG": {
    "bid": 402.22,
    "ask": 402.62,
    "spread": 0.4,
    "spread_pct": 0.099399,
    "timestamp": 1778700392.2463646
  },
  "NGAS": {
    "bid": 2.8835,
    "ask": 2.8965,
    "spread": 0.013,
    "spread_pct": 0.449827,
    "timestamp": 1778745927.3745713
  },
  "SP500": {
    "bid": 7477.97,
    "ask": 7478.28,
    "spread": 0.31,
    "spread_pct": 0.004145,
    "timestamp": 1778745929.6350045
  },
  "EURUSD": {
    "bid": 1.17091,
    "ask": 1.17101,
    "spread": 0.0001,
    "spread_pct": 0.00854,
    "timestamp": 1778754778.2737603
  },
  "NVIDIA": {
    "bid": 226.33,
    "ask": 226.63,
    "spread": 0.3,
    "spread_pct": 0.132462,
    "timestamp": 1778700392.3255315
  },
  "USOIL": {
    "bid": 96.658,
    "ask": 96.694,
    "spread": 0.036,
    "spread_pct": 0.037238,
    "timestamp": 1778754777.2591388
  },
  "TSLA": {
    "bid": 448.56,
    "ask": 449.1,
    "spread": 0.54,
    "spread_pct": 0.120313,
    "timestamp": 1778754778.291983
  },
  "AMZN": {
    "bid": 270.16,
    "ask": 270.43,
    "spread": 0.27,
    "spread_pct": 0.099891,
    "timestamp": 1778754778.268687
  },
  "GBPUSD": {
    "bid": 1.35169,
    "ask": 1.3518,
    "spread": 0.00011,
    "spread_pct": 0.008138,
    "timestamp": 1778754777.5151546
  },
  "AUDUSD": {
    "bid": 0.72452,
    "ask": 0.72463,
    "spread": 0.00011,
    "spread_pct": 0.015181,
    "timestamp": 1778754777.6335099
  },
  "TSM": {
    "bid": 405.42,
    "ask": 405.83,
    "spread": 0.41,
    "spread_pct": 0.101079,
    "timestamp": 1778754778.3358452
  },
  "MSTR": {
    "bid": 177.97,
    "ask": 178.15,
    "spread": 0.18,
    "spread_pct": 0.10109,
    "timestamp": 1778754778.1523588
  },
  "XPTUSD": {
    "bid": 2112.25,
    "ask": 2122.09,
    "spread": 9.84,
    "spread_pct": 0.464771,
    "timestamp": 1778754777.3887744
  },
  "COST": {
    "bid": 1027.4,
    "ask": 1028.9,
    "spread": 1.5,
    "spread_pct": 0.145893,
    "timestamp": 1778754778.2266
  },
  "XALUSD": {
    "bid": 3647.05,
    "ask": 3662.4,
    "spread": 15.35,
    "spread_pct": 0.420004,
    "timestamp": 1778754768.1813824
  },
  "XPDUSD": {
    "bid": 1473.71,
    "ask": 1481.15,
    "spread": 7.44,
    "spread_pct": 0.503577,
    "timestamp": 1778754777.388975
  }
}