{
  "AAPL": {
    "bid": 273.61,
    "ask": 273.75,
    "spread": 0.14,
    "spread_pct": 0.051155,
    "timestamp": 1776973150.2095842
  },
  "COPPER": {
    "bid": 608.26,
    "ask": 608.64,
    "spread": 0.38,
    "spread_pct": 0.062454,
    "timestamp": 1776976648.543572
  },
  "META": {
    "bid": 659.79,
    "ask": 660.61,
    "spread": 0.82,
    "spread_pct": 0.124205,
    "timestamp": 1776973151.2760155
  },
  "MSFT": {
    "bid": 415.82,
    "ask": 415.92,
    "spread": 0.1,
    "spread_pct": 0.024046,
    "timestamp": 1776973150.818721
  },
  "ORCL": {
    "bid": 175.42,
    "ask": 175.6,
    "spread": 0.18,
    "spread_pct": 0.102558,
    "timestamp": 1776973150.209661
  },
  "DJ30": {
    "bid": 49408.95,
    "ask": 49410.05,
    "spread": 1.1,
    "spread_pct": 0.002226,
    "timestamp": 1776976648.7213483
  },
  "TECH100": {
    "bid": 26965.03,
    "ask": 26965.47,
    "spread": 0.44,
    "spread_pct": 0.001632,
    "timestamp": 1776976648.5455258
  },
  "XAUUSD": {
    "bid": 4689.1,
    "ask": 4689.31,
    "spread": 0.21,
    "spread_pct": 0.004478,
    "timestamp": 1776976648.149296
  },
  "UK100": {
    "bid": 10404.09,
    "ask": 10404.91,
    "spread": 0.82,
    "spread_pct": 0.007881,
    "timestamp": 1776973151.159052
  },
  "UKOIL": {
    "bid": 100.401,
    "ask": 100.439,
    "spread": 0.038,
    "spread_pct": 0.037841,
    "timestamp": 1776976648.878001
  },
  "INTEL": {
    "bid": 66.1,
    "ask": 66.22,
    "spread": 0.12,
    "spread_pct": 0.181378,
    "timestamp": 1776973151.209863
  },
  "JPN225": {
    "bid": 58928.4,
    "ask": 58936.6,
    "spread": 8.2,
    "spread_pct": 0.013914,
    "timestamp": 1776976635.6537986
  },
  "NZDUSD": {
    "bid": 0.58513,
    "ask": 0.58523,
    "spread": 0.0001,
    "spread_pct": 0.017089,
    "timestamp": 1776979667.154952
  },
  "NFLX": {
    "bid": 92.56,
    "ask": 93.58,
    "spread": 1.02,
    "spread_pct": 1.095949,
    "timestamp": 1776973151.2760873
  },
  "AMD": {
    "bid": 303.35,
    "ask": 303.51,
    "spread": 0.16,
    "spread_pct": 0.05273,
    "timestamp": 1776973150.2097318
  },
  "GER30": {
    "bid": 24203.98,
    "ask": 24205.02,
    "spread": 1.04,
    "spread_pct": 0.004297,
    "timestamp": 1776973150.3233302
  },
  "XAGUSD": {
    "bid": 75.323,
    "ask": 75.427,
    "spread": 0.104,
    "spread_pct": 0.137977,
    "timestamp": 1776976648.2444332
  },
  "PLTR": {
    "bid": 141.54,
    "ask": 141.68,
    "spread": 0.14,
    "spread_pct": 0.098863,
    "timestamp": 1776973150.3746104
  },
  "GOOG": {
    "bid": 339.02,
    "ask": 339.46,
    "spread": 0.44,
    "spread_pct": 0.129702,
    "timestamp": 1776973151.204068
  },
  "NGAS": {
    "bid": 2.7283,
    "ask": 2.7407,
    "spread": 0.0124,
    "spread_pct": 0.453465,
    "timestamp": 1776976639.0302186
  },
  "SP500": {
    "bid": 7137.72,
    "ask": 7138.03,
    "spread": 0.31,
    "spread_pct": 0.004343,
    "timestamp": 1776976648.5434809
  },
  "EURUSD": {
    "bid": 1.16804,
    "ask": 1.16812,
    "spread": 8e-05,
    "spread_pct": 0.006849,
    "timestamp": 1776979667.0309045
  },
  "NVIDIA": {
    "bid": 198.84,
    "ask": 199.18,
    "spread": 0.34,
    "spread_pct": 0.170846,
    "timestamp": 1776973150.3237202
  },
  "USOIL": {
    "bid": 96.873,
    "ask": 96.907,
    "spread": 0.034,
    "spread_pct": 0.035091,
    "timestamp": 1776976648.3479764
  },
  "TSLA": {
    "bid": 372.76,
    "ask": 373.3,
    "spread": 0.54,
    "spread_pct": 0.14476,
    "timestamp": 1776973151.2041981
  },
  "AMZN": {
    "bid": 255.39,
    "ask": 255.73,
    "spread": 0.34,
    "spread_pct": 0.133041,
    "timestamp": 1776973150.8186264
  },
  "GBPUSD": {
    "bid": 1.34671,
    "ask": 1.34681,
    "spread": 0.0001,
    "spread_pct": 0.007425,
    "timestamp": 1776979665.746072
  },
  "AUDUSD": {
    "bid": 0.71273,
    "ask": 0.71282,
    "spread": 9e-05,
    "spread_pct": 0.012627,
    "timestamp": 1776979664.267149
  },
  "TSM": {
    "bid": 380.76,
    "ask": 381.21,
    "spread": 0.45,
    "spread_pct": 0.118115,
    "timestamp": 1776973150.2023056
  },
  "MSTR": {
    "bid": 172.76,
    "ask": 173.46,
    "spread": 0.7,
    "spread_pct": 0.404367,
    "timestamp": 1776973150.3239782
  },
  "XPTUSD": {
    "bid": 2004.56,
    "ask": 2014.84,
    "spread": 10.28,
    "spread_pct": 0.511519,
    "timestamp": 1776976648.3836474
  },
  "COST": {
    "bid": 1011.84,
    "ask": 1012.46,
    "spread": 0.62,
    "spread_pct": 0.061256,
    "timestamp": 1776973143.3722465
  },
  "XALUSD": {
    "bid": 3618.39,
    "ask": 3633.81,
    "spread": 15.42,
    "spread_pct": 0.42525,
    "timestamp": 1776963133.4884648
  },
  "XPDUSD": {
    "bid": 1468.36,
    "ask": 1475.74,
    "spread": 7.38,
    "spread_pct": 0.501342,
    "timestamp": 1776976648.3835177
  }
}