{
  "AAPL": {
    "bid": 272.02,
    "ask": 272.16,
    "spread": 0.14,
    "spread_pct": 0.051454,
    "timestamp": 1777042248.2451756
  },
  "COPPER": {
    "bid": 609.01,
    "ask": 609.43,
    "spread": 0.42,
    "spread_pct": 0.068941,
    "timestamp": 1777042247.1792047
  },
  "META": {
    "bid": 666.42,
    "ask": 667.26,
    "spread": 0.84,
    "spread_pct": 0.125967,
    "timestamp": 1777042247.1790674
  },
  "MSFT": {
    "bid": 418.34,
    "ask": 418.48,
    "spread": 0.14,
    "spread_pct": 0.03346,
    "timestamp": 1777042246.878238
  },
  "ORCL": {
    "bid": 172.57,
    "ask": 172.75,
    "spread": 0.18,
    "spread_pct": 0.104251,
    "timestamp": 1777042247.3032131
  },
  "DJ30": {
    "bid": 49325.94,
    "ask": 49327.06,
    "spread": 1.12,
    "spread_pct": 0.002271,
    "timestamp": 1777042247.1791403
  },
  "TECH100": {
    "bid": 27269.42,
    "ask": 27269.83,
    "spread": 0.41,
    "spread_pct": 0.001504,
    "timestamp": 1777042248.245031
  },
  "XAUUSD": {
    "bid": 4727.87,
    "ask": 4728.07,
    "spread": 0.2,
    "spread_pct": 0.00423,
    "timestamp": 1777042248.1989264
  },
  "UK100": {
    "bid": 10405.59,
    "ask": 10406.41,
    "spread": 0.82,
    "spread_pct": 0.00788,
    "timestamp": 1777042247.3030002
  },
  "UKOIL": {
    "bid": 98.873,
    "ask": 98.907,
    "spread": 0.034,
    "spread_pct": 0.034382,
    "timestamp": 1777042247.201076
  },
  "INTEL": {
    "bid": 82.14,
    "ask": 82.3,
    "spread": 0.16,
    "spread_pct": 0.1946,
    "timestamp": 1777042247.7393787
  },
  "JPN225": {
    "bid": 59765.29,
    "ask": 59774.71,
    "spread": 9.42,
    "spread_pct": 0.01576,
    "timestamp": 1777042247.7568905
  },
  "NZDUSD": {
    "bid": 0.5872,
    "ask": 0.58728,
    "spread": 8e-05,
    "spread_pct": 0.013623,
    "timestamp": 1777042248.1993496
  },
  "NFLX": {
    "bid": 91.96,
    "ask": 92.96,
    "spread": 1.0,
    "spread_pct": 1.081549,
    "timestamp": 1777042248.2451131
  },
  "AMD": {
    "bid": 343.61,
    "ask": 343.79,
    "spread": 0.18,
    "spread_pct": 0.052371,
    "timestamp": 1777042248.1991339
  },
  "GER30": {
    "bid": 24281.37,
    "ask": 24282.63,
    "spread": 1.26,
    "spread_pct": 0.005189,
    "timestamp": 1777042247.3085234
  },
  "XAGUSD": {
    "bid": 75.938,
    "ask": 76.043,
    "spread": 0.105,
    "spread_pct": 0.138175,
    "timestamp": 1777042248.1992025
  },
  "PLTR": {
    "bid": 140.46,
    "ask": 140.64,
    "spread": 0.18,
    "spread_pct": 0.128068,
    "timestamp": 1777042247.421491
  },
  "GOOG": {
    "bid": 337.38,
    "ask": 337.8,
    "spread": 0.42,
    "spread_pct": 0.124411,
    "timestamp": 1777042247.6174684
  },
  "NGAS": {
    "bid": 2.6633,
    "ask": 2.6757,
    "spread": 0.0124,
    "spread_pct": 0.464506,
    "timestamp": 1777042247.1467855
  },
  "SP500": {
    "bid": 7167.96,
    "ask": 7168.29,
    "spread": 0.33,
    "spread_pct": 0.004604,
    "timestamp": 1777042248.2452343
  },
  "EURUSD": {
    "bid": 1.17095,
    "ask": 1.17104,
    "spread": 9e-05,
    "spread_pct": 0.007686,
    "timestamp": 1777042247.1218686
  },
  "NVIDIA": {
    "bid": 207.16,
    "ask": 207.47,
    "spread": 0.31,
    "spread_pct": 0.149531,
    "timestamp": 1777042248.1990602
  },
  "USOIL": {
    "bid": 93.94,
    "ask": 95.82,
    "spread": 1.88,
    "spread_pct": 1.98145,
    "timestamp": 1777042248.1328902
  },
  "TSLA": {
    "bid": 375.03,
    "ask": 375.53,
    "spread": 0.5,
    "spread_pct": 0.133234,
    "timestamp": 1777042247.3026896
  },
  "AMZN": {
    "bid": 259.66,
    "ask": 260.0,
    "spread": 0.34,
    "spread_pct": 0.130855,
    "timestamp": 1777042247.369491
  },
  "GBPUSD": {
    "bid": 1.35017,
    "ask": 1.35028,
    "spread": 0.00011,
    "spread_pct": 0.008147,
    "timestamp": 1777042247.564481
  },
  "AUDUSD": {
    "bid": 0.71425,
    "ask": 0.71435,
    "spread": 0.0001,
    "spread_pct": 0.014,
    "timestamp": 1777042247.3031516
  },
  "TSM": {
    "bid": 398.42,
    "ask": 398.87,
    "spread": 0.45,
    "spread_pct": 0.112882,
    "timestamp": 1777042247.7569714
  },
  "MSTR": {
    "bid": 171.04,
    "ask": 171.72,
    "spread": 0.68,
    "spread_pct": 0.396779,
    "timestamp": 1777042248.199266
  },
  "XPTUSD": {
    "bid": 2020.88,
    "ask": 2030.84,
    "spread": 9.96,
    "spread_pct": 0.491643,
    "timestamp": 1777042248.0706496
  },
  "COST": {
    "bid": 1008.4,
    "ask": 1009.0,
    "spread": 0.6,
    "spread_pct": 0.059483,
    "timestamp": 1777042246.9218535
  },
  "XALUSD": {
    "bid": 3591.35,
    "ask": 3606.75,
    "spread": 15.4,
    "spread_pct": 0.427891,
    "timestamp": 1777042247.799793
  },
  "XPDUSD": {
    "bid": 1503.22,
    "ask": 1510.55,
    "spread": 7.33,
    "spread_pct": 0.486434,
    "timestamp": 1777042247.8489265
  }
}