{
  "AAPL": {
    "bid": 289.83,
    "ask": 289.97,
    "spread": 0.14,
    "spread_pct": 0.048293,
    "timestamp": 1778168396.6254728
  },
  "COPPER": {
    "bid": 621.93,
    "ask": 622.33,
    "spread": 0.4,
    "spread_pct": 0.064295,
    "timestamp": 1778168396.6999335
  },
  "META": {
    "bid": 621.31,
    "ask": 622.19,
    "spread": 0.88,
    "spread_pct": 0.141536,
    "timestamp": 1778168396.8739314
  },
  "MSFT": {
    "bid": 424.94,
    "ask": 425.06,
    "spread": 0.12,
    "spread_pct": 0.028235,
    "timestamp": 1778168396.2673275
  },
  "ORCL": {
    "bid": 196.99,
    "ask": 197.17,
    "spread": 0.18,
    "spread_pct": 0.091333,
    "timestamp": 1778168396.6256347
  },
  "DJ30": {
    "bid": 49931.44,
    "ask": 49932.56,
    "spread": 1.12,
    "spread_pct": 0.002243,
    "timestamp": 1778168396.5612867
  },
  "TECH100": {
    "bid": 28882.01,
    "ask": 28882.49,
    "spread": 0.48,
    "spread_pct": 0.001662,
    "timestamp": 1778168396.3171983
  },
  "XAUUSD": {
    "bid": 4743.46,
    "ask": 4743.66,
    "spread": 0.2,
    "spread_pct": 0.004216,
    "timestamp": 1778168391.1820812
  },
  "UK100": {
    "bid": 10264.63,
    "ask": 10265.37,
    "spread": 0.74,
    "spread_pct": 0.007209,
    "timestamp": 1778168396.561423
  },
  "UKOIL": {
    "bid": 98.103,
    "ask": 98.137,
    "spread": 0.034,
    "spread_pct": 0.034651,
    "timestamp": 1778168396.2675366
  },
  "INTEL": {
    "bid": 112.5,
    "ask": 112.64,
    "spread": 0.14,
    "spread_pct": 0.124367,
    "timestamp": 1778168396.439492
  },
  "JPN225": {
    "bid": 62575.61,
    "ask": 62584.39,
    "spread": 8.78,
    "spread_pct": 0.01403,
    "timestamp": 1778168396.561217
  },
  "NZDUSD": {
    "bid": 0.5967,
    "ask": 0.59679,
    "spread": 9e-05,
    "spread_pct": 0.015082,
    "timestamp": 1778168396.3793979
  },
  "NFLX": {
    "bid": 88.77,
    "ask": 88.9,
    "spread": 0.13,
    "spread_pct": 0.146339,
    "timestamp": 1778168396.256329
  },
  "AMD": {
    "bid": 412.51,
    "ask": 412.92,
    "spread": 0.41,
    "spread_pct": 0.099342,
    "timestamp": 1778168396.2107394
  },
  "GER30": {
    "bid": 24739.37,
    "ask": 24740.63,
    "spread": 1.26,
    "spread_pct": 0.005093,
    "timestamp": 1778168396.3788803
  },
  "XAGUSD": {
    "bid": 81.133,
    "ask": 81.234,
    "spread": 0.101,
    "spread_pct": 0.12441,
    "timestamp": 1778168396.3168967
  },
  "PLTR": {
    "bid": 139.54,
    "ask": 139.72,
    "spread": 0.18,
    "spread_pct": 0.128912,
    "timestamp": 1778168396.732941
  },
  "GOOG": {
    "bid": 395.82,
    "ask": 396.24,
    "spread": 0.42,
    "spread_pct": 0.106053,
    "timestamp": 1778168396.267433
  },
  "NGAS": {
    "bid": 2.7755,
    "ask": 2.7875,
    "spread": 0.012,
    "spread_pct": 0.431422,
    "timestamp": 1778168396.569223
  },
  "SP500": {
    "bid": 7400.96,
    "ask": 7401.29,
    "spread": 0.33,
    "spread_pct": 0.004459,
    "timestamp": 1778168396.1245835
  },
  "EURUSD": {
    "bid": 1.17688,
    "ask": 1.17699,
    "spread": 0.00011,
    "spread_pct": 0.009346,
    "timestamp": 1778168396.4393363
  },
  "NVIDIA": {
    "bid": 212.96,
    "ask": 213.32,
    "spread": 0.36,
    "spread_pct": 0.168903,
    "timestamp": 1778168396.4394188
  },
  "USOIL": {
    "bid": 90.92,
    "ask": 92.78,
    "spread": 1.86,
    "spread_pct": 2.025041,
    "timestamp": 1778168396.1187313
  },
  "TSLA": {
    "bid": 410.27,
    "ask": 410.81,
    "spread": 0.54,
    "spread_pct": 0.131534,
    "timestamp": 1778168396.3138375
  },
  "AMZN": {
    "bid": 273.32,
    "ask": 273.62,
    "spread": 0.3,
    "spread_pct": 0.109701,
    "timestamp": 1778168396.439191
  },
  "GBPUSD": {
    "bid": 1.36172,
    "ask": 1.36184,
    "spread": 0.00012,
    "spread_pct": 0.008812,
    "timestamp": 1778168396.3134809
  },
  "AUDUSD": {
    "bid": 0.72461,
    "ask": 0.7247,
    "spread": 9e-05,
    "spread_pct": 0.01242,
    "timestamp": 1778168396.8735182
  },
  "TSM": {
    "bid": 418.58,
    "ask": 419.05,
    "spread": 0.47,
    "spread_pct": 0.112221,
    "timestamp": 1778168396.2676122
  },
  "MSTR": {
    "bid": 179.58,
    "ask": 180.26,
    "spread": 0.68,
    "spread_pct": 0.377946,
    "timestamp": 1778168396.5613556
  },
  "XPTUSD": {
    "bid": 2056.33,
    "ask": 2066.57,
    "spread": 10.24,
    "spread_pct": 0.496738,
    "timestamp": 1778168396.3795052
  },
  "COST": {
    "bid": 994.53,
    "ask": 995.53,
    "spread": 1.0,
    "spread_pct": 0.100499,
    "timestamp": 1778168396.3636472
  },
  "XALUSD": {
    "bid": 3498.05,
    "ask": 3513.4,
    "spread": 15.35,
    "spread_pct": 0.437855,
    "timestamp": 1778159714.2133026
  },
  "XPDUSD": {
    "bid": 1516.88,
    "ask": 1524.14,
    "spread": 7.26,
    "spread_pct": 0.477471,
    "timestamp": 1778168393.8133569
  }
}