{
  "AAPL": {
    "bid": 293.87,
    "ask": 294.16,
    "spread": 0.29,
    "spread_pct": 0.098634,
    "timestamp": 1778499289.274421
  },
  "COPPER": {
    "bid": 639.26,
    "ask": 639.64,
    "spread": 0.38,
    "spread_pct": 0.059426,
    "timestamp": 1778499288.5712988
  },
  "META": {
    "bid": 605.97,
    "ask": 606.58,
    "spread": 0.61,
    "spread_pct": 0.100614,
    "timestamp": 1778499289.10589
  },
  "MSFT": {
    "bid": 411.62,
    "ask": 412.03,
    "spread": 0.41,
    "spread_pct": 0.099557,
    "timestamp": 1778499289.2291183
  },
  "ORCL": {
    "bid": 193.27,
    "ask": 193.64,
    "spread": 0.37,
    "spread_pct": 0.191259,
    "timestamp": 1778499289.2442787
  },
  "DJ30": {
    "bid": 49662.38,
    "ask": 49663.62,
    "spread": 1.24,
    "spread_pct": 0.002497,
    "timestamp": 1778499288.4197874
  },
  "TECH100": {
    "bid": 29366.91,
    "ask": 29367.34,
    "spread": 0.43,
    "spread_pct": 0.001464,
    "timestamp": 1778499289.3317604
  },
  "XAUUSD": {
    "bid": 4672.34,
    "ask": 4672.54,
    "spread": 0.2,
    "spread_pct": 0.00428,
    "timestamp": 1778499289.4551008
  },
  "UK100": {
    "bid": 10239.35,
    "ask": 10240.15,
    "spread": 0.8,
    "spread_pct": 0.007813,
    "timestamp": 1778499288.638992
  },
  "UKOIL": {
    "bid": 103.803,
    "ask": 103.837,
    "spread": 0.034,
    "spread_pct": 0.032749,
    "timestamp": 1778499288.5050883
  },
  "INTEL": {
    "bid": 124.73,
    "ask": 124.89,
    "spread": 0.16,
    "spread_pct": 0.128195,
    "timestamp": 1778270030.4008458
  },
  "JPN225": {
    "bid": 62682.78,
    "ask": 62692.22,
    "spread": 9.44,
    "spread_pct": 0.015059,
    "timestamp": 1778499287.1788225
  },
  "NZDUSD": {
    "bid": 0.59523,
    "ask": 0.59533,
    "spread": 0.0001,
    "spread_pct": 0.016799,
    "timestamp": 1778499288.1916552
  },
  "NFLX": {
    "bid": 87.0,
    "ask": 87.2,
    "spread": 0.2,
    "spread_pct": 0.229621,
    "timestamp": 1778499289.2420957
  },
  "AMD": {
    "bid": 467.98,
    "ask": 468.45,
    "spread": 0.47,
    "spread_pct": 0.100381,
    "timestamp": 1778499289.3279774
  },
  "GER30": {
    "bid": 24350.36,
    "ask": 24351.64,
    "spread": 1.28,
    "spread_pct": 0.005256,
    "timestamp": 1778499289.3647377
  },
  "XAGUSD": {
    "bid": 80.764,
    "ask": 80.869,
    "spread": 0.105,
    "spread_pct": 0.129924,
    "timestamp": 1778499289.1258502
  },
  "PLTR": {
    "bid": 135.3,
    "ask": 135.44,
    "spread": 0.14,
    "spread_pct": 0.10342,
    "timestamp": 1778499289.251825
  },
  "GOOG": {
    "bid": 401.27,
    "ask": 401.73,
    "spread": 0.46,
    "spread_pct": 0.11457,
    "timestamp": 1778270030.3699174
  },
  "NGAS": {
    "bid": 2.8312,
    "ask": 2.8438,
    "spread": 0.0126,
    "spread_pct": 0.444053,
    "timestamp": 1778499289.1866643
  },
  "SP500": {
    "bid": 7418.95,
    "ask": 7419.3,
    "spread": 0.35,
    "spread_pct": 0.004718,
    "timestamp": 1778499289.2441611
  },
  "EURUSD": {
    "bid": 1.17734,
    "ask": 1.17745,
    "spread": 0.00011,
    "spread_pct": 0.009343,
    "timestamp": 1778499289.3318243
  },
  "NVIDIA": {
    "bid": 214.87,
    "ask": 215.17,
    "spread": 0.3,
    "spread_pct": 0.139522,
    "timestamp": 1778270030.6704366
  },
  "USOIL": {
    "bid": 97.741,
    "ask": 97.779,
    "spread": 0.038,
    "spread_pct": 0.038871,
    "timestamp": 1778499289.3646753
  },
  "TSLA": {
    "bid": 425.96,
    "ask": 426.47,
    "spread": 0.51,
    "spread_pct": 0.119658,
    "timestamp": 1778499289.3644927
  },
  "AMZN": {
    "bid": 271.07,
    "ask": 271.34,
    "spread": 0.27,
    "spread_pct": 0.099556,
    "timestamp": 1778499289.2865186
  },
  "GBPUSD": {
    "bid": 1.36119,
    "ask": 1.36131,
    "spread": 0.00012,
    "spread_pct": 0.008815,
    "timestamp": 1778499287.260851
  },
  "AUDUSD": {
    "bid": 0.72469,
    "ask": 0.72479,
    "spread": 0.0001,
    "spread_pct": 0.013798,
    "timestamp": 1778499289.3316607
  },
  "TSM": {
    "bid": 404.57,
    "ask": 404.97,
    "spread": 0.4,
    "spread_pct": 0.098822,
    "timestamp": 1778499289.1722326
  },
  "MSTR": {
    "bid": 190.14,
    "ask": 190.33,
    "spread": 0.19,
    "spread_pct": 0.099876,
    "timestamp": 1778499289.262367
  },
  "XPTUSD": {
    "bid": 2046.48,
    "ask": 2056.52,
    "spread": 10.04,
    "spread_pct": 0.489398,
    "timestamp": 1778499289.125946
  },
  "COST": {
    "bid": 1007.92,
    "ask": 1008.97,
    "spread": 1.05,
    "spread_pct": 0.104121,
    "timestamp": 1778499289.1598382
  },
  "XALUSD": {
    "bid": 3547.73,
    "ask": 3563.22,
    "spread": 15.49,
    "spread_pct": 0.435666,
    "timestamp": 1778499286.9317417
  },
  "XPDUSD": {
    "bid": 1484.84,
    "ask": 1492.26,
    "spread": 7.42,
    "spread_pct": 0.498472,
    "timestamp": 1778499289.2443492
  }
}