{
  "AAPL": {
    "bid": 281.94,
    "ask": 282.22,
    "spread": 0.28,
    "spread_pct": 0.099263,
    "timestamp": 1778058777.3564456
  },
  "COPPER": {
    "bid": 612.47,
    "ask": 612.87,
    "spread": 0.4,
    "spread_pct": 0.065288,
    "timestamp": 1778058777.1420047
  },
  "META": {
    "bid": 602.53,
    "ask": 603.13,
    "spread": 0.6,
    "spread_pct": 0.099531,
    "timestamp": 1778058777.242604
  },
  "MSFT": {
    "bid": 409.95,
    "ask": 410.36,
    "spread": 0.41,
    "spread_pct": 0.099962,
    "timestamp": 1778058777.1984012
  },
  "ORCL": {
    "bid": 186.54,
    "ask": 186.78,
    "spread": 0.24,
    "spread_pct": 0.128576,
    "timestamp": 1778058777.2060547
  },
  "DJ30": {
    "bid": 49655.47,
    "ask": 49656.53,
    "spread": 1.06,
    "spread_pct": 0.002135,
    "timestamp": 1778058777.142577
  },
  "TECH100": {
    "bid": 28442.67,
    "ask": 28443.08,
    "spread": 0.41,
    "spread_pct": 0.001441,
    "timestamp": 1778058777.142408
  },
  "XAUUSD": {
    "bid": 4695.97,
    "ask": 4696.19,
    "spread": 0.22,
    "spread_pct": 0.004685,
    "timestamp": 1778058776.2726476
  },
  "UK100": {
    "bid": 10436.33,
    "ask": 10437.17,
    "spread": 0.84,
    "spread_pct": 0.008048,
    "timestamp": 1778058777.5889535
  },
  "UKOIL": {
    "bid": 103.854,
    "ask": 103.886,
    "spread": 0.032,
    "spread_pct": 0.030808,
    "timestamp": 1778058777.5888073
  },
  "INTEL": {
    "bid": 107.71,
    "ask": 107.87,
    "spread": 0.16,
    "spread_pct": 0.148437,
    "timestamp": 1778010945.2909675
  },
  "JPN225": {
    "bid": 61892.91,
    "ask": 61902.09,
    "spread": 9.18,
    "spread_pct": 0.014831,
    "timestamp": 1778058777.2638404
  },
  "NZDUSD": {
    "bid": 0.5963,
    "ask": 0.59639,
    "spread": 9e-05,
    "spread_pct": 0.015092,
    "timestamp": 1778058777.5890934
  },
  "NFLX": {
    "bid": 87.38,
    "ask": 87.51,
    "spread": 0.13,
    "spread_pct": 0.148665,
    "timestamp": 1778058777.3315914
  },
  "AMD": {
    "bid": 421.5,
    "ask": 421.92,
    "spread": 0.42,
    "spread_pct": 0.099595,
    "timestamp": 1778058777.3837066
  },
  "GER30": {
    "bid": 25040.44,
    "ask": 25041.56,
    "spread": 1.12,
    "spread_pct": 0.004473,
    "timestamp": 1778058776.2728336
  },
  "XAGUSD": {
    "bid": 76.761,
    "ask": 76.864,
    "spread": 0.103,
    "spread_pct": 0.134093,
    "timestamp": 1778058777.5888822
  },
  "PLTR": {
    "bid": 135.13,
    "ask": 135.27,
    "spread": 0.14,
    "spread_pct": 0.10355,
    "timestamp": 1778058777.11708
  },
  "GOOG": {
    "bid": 387.82,
    "ask": 388.24,
    "spread": 0.42,
    "spread_pct": 0.108239,
    "timestamp": 1778010945.2905567
  },
  "NGAS": {
    "bid": 2.7319,
    "ask": 2.7441,
    "spread": 0.0122,
    "spread_pct": 0.445581,
    "timestamp": 1778058777.0722017
  },
  "SP500": {
    "bid": 7327.34,
    "ask": 7327.66,
    "spread": 0.32,
    "spread_pct": 0.004367,
    "timestamp": 1778058777.242715
  },
  "EURUSD": {
    "bid": 1.17614,
    "ask": 1.17622,
    "spread": 8e-05,
    "spread_pct": 0.006802,
    "timestamp": 1778058777.2424588
  },
  "NVIDIA": {
    "bid": 196.06,
    "ask": 196.37,
    "spread": 0.31,
    "spread_pct": 0.15799,
    "timestamp": 1778010945.290079
  },
  "USOIL": {
    "bid": 95.879,
    "ask": 95.911,
    "spread": 0.032,
    "spread_pct": 0.03337,
    "timestamp": 1778058777.184805
  },
  "TSLA": {
    "bid": 389.01,
    "ask": 389.48,
    "spread": 0.47,
    "spread_pct": 0.120747,
    "timestamp": 1778058777.158467
  },
  "AMZN": {
    "bid": 273.79,
    "ask": 274.06,
    "spread": 0.27,
    "spread_pct": 0.098567,
    "timestamp": 1778058777.2049475
  },
  "GBPUSD": {
    "bid": 1.36194,
    "ask": 1.36203,
    "spread": 9e-05,
    "spread_pct": 0.006608,
    "timestamp": 1778058777.5887194
  },
  "AUDUSD": {
    "bid": 0.72515,
    "ask": 0.72525,
    "spread": 0.0001,
    "spread_pct": 0.013789,
    "timestamp": 1778058777.589025
  },
  "TSM": {
    "bid": 400.9,
    "ask": 401.3,
    "spread": 0.4,
    "spread_pct": 0.099726,
    "timestamp": 1778058777.198585
  },
  "MSTR": {
    "bid": 186.87,
    "ask": 187.06,
    "spread": 0.19,
    "spread_pct": 0.101623,
    "timestamp": 1778058777.2637122
  },
  "XPTUSD": {
    "bid": 2019.39,
    "ask": 2029.39,
    "spread": 10.0,
    "spread_pct": 0.493976,
    "timestamp": 1778058777.0333261
  },
  "COST": {
    "bid": 1007.0,
    "ask": 1009.22,
    "spread": 2.22,
    "spread_pct": 0.220214,
    "timestamp": 1778058777.296806
  },
  "XALUSD": {
    "bid": 3544.69,
    "ask": 3560.06,
    "spread": 15.37,
    "spread_pct": 0.432668,
    "timestamp": 1778058775.3284628
  },
  "XPDUSD": {
    "bid": 1536.31,
    "ask": 1543.53,
    "spread": 7.22,
    "spread_pct": 0.468856,
    "timestamp": 1778058777.6515648
  }
}