{
  "AAPL": {
    "bid": 297.25,
    "ask": 297.55,
    "spread": 0.3,
    "spread_pct": 0.100874,
    "timestamp": 1779206319.1544192
  },
  "COPPER": {
    "bid": 658.63,
    "ask": 659.03,
    "spread": 0.4,
    "spread_pct": 0.060714,
    "timestamp": 1778745929.310647
  },
  "META": {
    "bid": 602.89,
    "ask": 603.49,
    "spread": 0.6,
    "spread_pct": 0.099471,
    "timestamp": 1779206319.3273554
  },
  "MSFT": {
    "bid": 419.45,
    "ask": 419.87,
    "spread": 0.42,
    "spread_pct": 0.100081,
    "timestamp": 1779206319.1104724
  },
  "ORCL": {
    "bid": 183.04,
    "ask": 183.36,
    "spread": 0.32,
    "spread_pct": 0.174672,
    "timestamp": 1779206319.2652655
  },
  "DJ30": {
    "bid": 49540.44,
    "ask": 49541.7,
    "spread": 1.26,
    "spread_pct": 0.002543,
    "timestamp": 1779206319.1105516
  },
  "TECH100": {
    "bid": 28803.09,
    "ask": 28803.51,
    "spread": 0.42,
    "spread_pct": 0.001458,
    "timestamp": 1779206319.1102245
  },
  "XAUUSD": {
    "bid": 4507.14,
    "ask": 4507.32,
    "spread": 0.18,
    "spread_pct": 0.003994,
    "timestamp": 1779206319.6095011
  },
  "UK100": {
    "bid": 10334.12,
    "ask": 10334.84,
    "spread": 0.72,
    "spread_pct": 0.006967,
    "timestamp": 1779206318.4960098
  },
  "UKOIL": {
    "bid": 110.9,
    "ask": 110.93,
    "spread": 0.03,
    "spread_pct": 0.027048,
    "timestamp": 1779206319.110327
  },
  "INTEL": {
    "bid": 106.65,
    "ask": 106.79,
    "spread": 0.14,
    "spread_pct": 0.131184,
    "timestamp": 1779206319.4782517
  },
  "JPN225": {
    "bid": 60367.92,
    "ask": 60377.08,
    "spread": 9.16,
    "spread_pct": 0.015172,
    "timestamp": 1779206318.4958966
  },
  "NZDUSD": {
    "bid": 0.5831,
    "ask": 0.58319,
    "spread": 9e-05,
    "spread_pct": 0.015434,
    "timestamp": 1779206319.2330124
  },
  "NFLX": {
    "bid": 89.15,
    "ask": 90.21,
    "spread": 1.06,
    "spread_pct": 1.18198,
    "timestamp": 1779206319.5142899
  },
  "AMD": {
    "bid": 407.67,
    "ask": 408.08,
    "spread": 0.41,
    "spread_pct": 0.100521,
    "timestamp": 1779206319.3272345
  },
  "GER30": {
    "bid": 24424.52,
    "ask": 24425.78,
    "spread": 1.26,
    "spread_pct": 0.005159,
    "timestamp": 1779206319.6097665
  },
  "XAGUSD": {
    "bid": 74.411,
    "ask": 74.514,
    "spread": 0.103,
    "spread_pct": 0.138325,
    "timestamp": 1779206318.2660747
  },
  "PLTR": {
    "bid": 134.06,
    "ask": 134.19,
    "spread": 0.13,
    "spread_pct": 0.096925,
    "timestamp": 1779206319.2203474
  },
  "GOOG": {
    "bid": 386.38,
    "ask": 386.8,
    "spread": 0.42,
    "spread_pct": 0.108642,
    "timestamp": 1779206319.608478
  },
  "NGAS": {
    "bid": 3.0743,
    "ask": 3.0869,
    "spread": 0.0126,
    "spread_pct": 0.409011,
    "timestamp": 1779206310.1411579
  },
  "SP500": {
    "bid": 7365.38,
    "ask": 7365.72,
    "spread": 0.34,
    "spread_pct": 0.004616,
    "timestamp": 1779206318.4149802
  },
  "EURUSD": {
    "bid": 1.16023,
    "ask": 1.16032,
    "spread": 9e-05,
    "spread_pct": 0.007757,
    "timestamp": 1779206319.5667791
  },
  "NVIDIA": {
    "bid": 220.3,
    "ask": 220.65,
    "spread": 0.35,
    "spread_pct": 0.158748,
    "timestamp": 1779206318.5441732
  },
  "USOIL": {
    "bid": 103.819,
    "ask": 103.859,
    "spread": 0.04,
    "spread_pct": 0.038521,
    "timestamp": 1779206319.1028373
  },
  "TSLA": {
    "bid": 396.9,
    "ask": 397.38,
    "spread": 0.48,
    "spread_pct": 0.120864,
    "timestamp": 1779206319.1585593
  },
  "AMZN": {
    "bid": 255.67,
    "ask": 255.93,
    "spread": 0.26,
    "spread_pct": 0.101642,
    "timestamp": 1779206319.34904
  },
  "GBPUSD": {
    "bid": 1.33992,
    "ask": 1.34003,
    "spread": 0.00011,
    "spread_pct": 0.008209,
    "timestamp": 1779206319.478146
  },
  "AUDUSD": {
    "bid": 0.71002,
    "ask": 0.71013,
    "spread": 0.00011,
    "spread_pct": 0.015491,
    "timestamp": 1779206319.1027184
  },
  "TSM": {
    "bid": 392.35,
    "ask": 392.74,
    "spread": 0.39,
    "spread_pct": 0.099352,
    "timestamp": 1779206319.3542237
  },
  "MSTR": {
    "bid": 164.79,
    "ask": 164.95,
    "spread": 0.16,
    "spread_pct": 0.097046,
    "timestamp": 1779206319.3514612
  },
  "XPTUSD": {
    "bid": 1928.97,
    "ask": 1938.99,
    "spread": 10.02,
    "spread_pct": 0.518103,
    "timestamp": 1779206319.211201
  },
  "COST": {
    "bid": 1094.45,
    "ask": 1095.54,
    "spread": 1.09,
    "spread_pct": 0.099544,
    "timestamp": 1779206319.2651188
  },
  "XALUSD": {
    "bid": 3586.4,
    "ask": 3601.7,
    "spread": 15.3,
    "spread_pct": 0.425704,
    "timestamp": 1779206308.4995682
  },
  "XPDUSD": {
    "bid": 1357.49,
    "ask": 1364.75,
    "spread": 7.26,
    "spread_pct": 0.533384,
    "timestamp": 1779206319.608905
  }
}