{
  "AAPL": {
    "bid": 282.31,
    "ask": 282.59,
    "spread": 0.28,
    "spread_pct": 0.099133,
    "timestamp": 1778048908.197711
  },
  "COPPER": {
    "bid": 609.65,
    "ask": 610.05,
    "spread": 0.4,
    "spread_pct": 0.06559,
    "timestamp": 1778048908.4284093
  },
  "META": {
    "bid": 601.47,
    "ask": 602.07,
    "spread": 0.6,
    "spread_pct": 0.099706,
    "timestamp": 1778048908.236292
  },
  "MSFT": {
    "bid": 408.35,
    "ask": 408.76,
    "spread": 0.41,
    "spread_pct": 0.100354,
    "timestamp": 1778048908.1531074
  },
  "ORCL": {
    "bid": 183.8,
    "ask": 184.14,
    "spread": 0.34,
    "spread_pct": 0.184813,
    "timestamp": 1778048909.1518745
  },
  "DJ30": {
    "bid": 49498.85,
    "ask": 49500.15,
    "spread": 1.3,
    "spread_pct": 0.002626,
    "timestamp": 1778048907.7424364
  },
  "TECH100": {
    "bid": 28331.51,
    "ask": 28331.99,
    "spread": 0.48,
    "spread_pct": 0.001694,
    "timestamp": 1778048908.1860826
  },
  "XAUUSD": {
    "bid": 4666.09,
    "ask": 4666.29,
    "spread": 0.2,
    "spread_pct": 0.004286,
    "timestamp": 1778048908.9420555
  },
  "UK100": {
    "bid": 10335.35,
    "ask": 10336.15,
    "spread": 0.8,
    "spread_pct": 0.00774,
    "timestamp": 1778048909.058242
  },
  "UKOIL": {
    "bid": 108.025,
    "ask": 108.055,
    "spread": 0.03,
    "spread_pct": 0.027767,
    "timestamp": 1778048908.1839166
  },
  "INTEL": {
    "bid": 107.71,
    "ask": 107.87,
    "spread": 0.16,
    "spread_pct": 0.148437,
    "timestamp": 1778010945.2909675
  },
  "JPN225": {
    "bid": 61283.48,
    "ask": 61291.52,
    "spread": 8.04,
    "spread_pct": 0.013118,
    "timestamp": 1778048908.8056853
  },
  "NZDUSD": {
    "bid": 0.59506,
    "ask": 0.59516,
    "spread": 0.0001,
    "spread_pct": 0.016804,
    "timestamp": 1778048908.4938023
  },
  "NFLX": {
    "bid": 87.91,
    "ask": 88.1,
    "spread": 0.19,
    "spread_pct": 0.215897,
    "timestamp": 1778048908.2146528
  },
  "AMD": {
    "bid": 412.97,
    "ask": 413.38,
    "spread": 0.41,
    "spread_pct": 0.099232,
    "timestamp": 1778048908.2147672
  },
  "GER30": {
    "bid": 24702.42,
    "ask": 24703.58,
    "spread": 1.16,
    "spread_pct": 0.004696,
    "timestamp": 1778048908.2523696
  },
  "XAGUSD": {
    "bid": 75.869,
    "ask": 75.97,
    "spread": 0.101,
    "spread_pct": 0.133036,
    "timestamp": 1778048908.7428217
  },
  "PLTR": {
    "bid": 133.77,
    "ask": 133.9,
    "spread": 0.13,
    "spread_pct": 0.097135,
    "timestamp": 1778048909.1311953
  },
  "GOOG": {
    "bid": 387.82,
    "ask": 388.24,
    "spread": 0.42,
    "spread_pct": 0.108239,
    "timestamp": 1778010945.2905567
  },
  "NGAS": {
    "bid": 2.771,
    "ask": 2.784,
    "spread": 0.013,
    "spread_pct": 0.468047,
    "timestamp": 1778048907.0549648
  },
  "SP500": {
    "bid": 7309.72,
    "ask": 7310.03,
    "spread": 0.31,
    "spread_pct": 0.004241,
    "timestamp": 1778048908.313341
  },
  "EURUSD": {
    "bid": 1.17326,
    "ask": 1.17337,
    "spread": 0.00011,
    "spread_pct": 0.009375,
    "timestamp": 1778048907.298454
  },
  "NVIDIA": {
    "bid": 196.06,
    "ask": 196.37,
    "spread": 0.31,
    "spread_pct": 0.15799,
    "timestamp": 1778010945.290079
  },
  "USOIL": {
    "bid": 99.52,
    "ask": 101.39,
    "spread": 1.87,
    "spread_pct": 1.86153,
    "timestamp": 1778048908.3136501
  },
  "TSLA": {
    "bid": 386.71,
    "ask": 387.17,
    "spread": 0.46,
    "spread_pct": 0.118881,
    "timestamp": 1778048909.101097
  },
  "AMZN": {
    "bid": 272.9,
    "ask": 273.17,
    "spread": 0.27,
    "spread_pct": 0.098888,
    "timestamp": 1778048908.1071284
  },
  "GBPUSD": {
    "bid": 1.35872,
    "ask": 1.35882,
    "spread": 0.0001,
    "spread_pct": 0.00736,
    "timestamp": 1778048908.534885
  },
  "AUDUSD": {
    "bid": 0.72461,
    "ask": 0.72472,
    "spread": 0.00011,
    "spread_pct": 0.015179,
    "timestamp": 1778048908.6228151
  },
  "TSM": {
    "bid": 397.2,
    "ask": 397.6,
    "spread": 0.4,
    "spread_pct": 0.100654,
    "timestamp": 1778048908.0965214
  },
  "MSTR": {
    "bid": 180.57,
    "ask": 180.75,
    "spread": 0.18,
    "spread_pct": 0.099635,
    "timestamp": 1778048908.1614397
  },
  "XPTUSD": {
    "bid": 2001.94,
    "ask": 2012.08,
    "spread": 10.14,
    "spread_pct": 0.505229,
    "timestamp": 1778048908.3137534
  },
  "COST": {
    "bid": 1013.21,
    "ask": 1014.39,
    "spread": 1.18,
    "spread_pct": 0.116394,
    "timestamp": 1778048908.214546
  },
  "XALUSD": {
    "bid": 3579.81,
    "ask": 3595.09,
    "spread": 15.28,
    "spread_pct": 0.425929,
    "timestamp": 1778039800.8394876
  },
  "XPDUSD": {
    "bid": 1520.2,
    "ask": 1527.52,
    "spread": 7.32,
    "spread_pct": 0.480359,
    "timestamp": 1778048907.8553734
  }
}