{
  "AAPL": {
    "bid": 278.48,
    "ask": 278.76,
    "spread": 0.28,
    "spread_pct": 0.100495,
    "timestamp": 1777590807.3343136
  },
  "COPPER": {
    "bid": 602.39,
    "ask": 602.77,
    "spread": 0.38,
    "spread_pct": 0.063062,
    "timestamp": 1777590805.295053
  },
  "META": {
    "bid": 614.76,
    "ask": 615.38,
    "spread": 0.62,
    "spread_pct": 0.100802,
    "timestamp": 1777590807.3199034
  },
  "MSFT": {
    "bid": 408.96,
    "ask": 409.37,
    "spread": 0.41,
    "spread_pct": 0.100204,
    "timestamp": 1777590807.3620925
  },
  "ORCL": {
    "bid": 162.96,
    "ask": 163.12,
    "spread": 0.16,
    "spread_pct": 0.098135,
    "timestamp": 1777590807.364125
  },
  "DJ30": {
    "bid": 49884.35,
    "ask": 49885.65,
    "spread": 1.3,
    "spread_pct": 0.002606,
    "timestamp": 1777590795.1297286
  },
  "TECH100": {
    "bid": 27590.91,
    "ask": 27591.34,
    "spread": 0.43,
    "spread_pct": 0.001558,
    "timestamp": 1777590807.4305096
  },
  "XAUUSD": {
    "bid": 4631.04,
    "ask": 4631.24,
    "spread": 0.2,
    "spread_pct": 0.004319,
    "timestamp": 1777590807.5146065
  },
  "UK100": {
    "bid": 10370.5,
    "ask": 10374.5,
    "spread": 4.0,
    "spread_pct": 0.038564,
    "timestamp": 1777575685.4622164
  },
  "UKOIL": {
    "bid": 111.251,
    "ask": 111.289,
    "spread": 0.038,
    "spread_pct": 0.034151,
    "timestamp": 1777580062.5581286
  },
  "INTEL": {
    "bid": 92.57,
    "ask": 92.75,
    "spread": 0.18,
    "spread_pct": 0.194259,
    "timestamp": 1777575686.2138278
  },
  "JPN225": {
    "bid": 59785.17,
    "ask": 59794.83,
    "spread": 9.66,
    "spread_pct": 0.016157,
    "timestamp": 1777580048.3074672
  },
  "NZDUSD": {
    "bid": 0.59064,
    "ask": 0.59074,
    "spread": 0.0001,
    "spread_pct": 0.016929,
    "timestamp": 1777590806.228637
  },
  "NFLX": {
    "bid": 94.1,
    "ask": 94.24,
    "spread": 0.14,
    "spread_pct": 0.148667,
    "timestamp": 1777590807.3820124
  },
  "AMD": {
    "bid": 351.0,
    "ask": 351.35,
    "spread": 0.35,
    "spread_pct": 0.099665,
    "timestamp": 1777590807.158959
  },
  "GER30": {
    "bid": 24426.99,
    "ask": 24428.01,
    "spread": 1.02,
    "spread_pct": 0.004176,
    "timestamp": 1777575685.1484106
  },
  "XAGUSD": {
    "bid": 74.064,
    "ask": 74.168,
    "spread": 0.104,
    "spread_pct": 0.140321,
    "timestamp": 1777590807.5820103
  },
  "PLTR": {
    "bid": 141.25,
    "ask": 141.39,
    "spread": 0.14,
    "spread_pct": 0.099066,
    "timestamp": 1777590807.2438855
  },
  "GOOG": {
    "bid": 381.5,
    "ask": 381.92,
    "spread": 0.42,
    "spread_pct": 0.110031,
    "timestamp": 1777575686.4626043
  },
  "NGAS": {
    "bid": 2.7518,
    "ask": 2.7642,
    "spread": 0.0124,
    "spread_pct": 0.449601,
    "timestamp": 1777590797.4155989
  },
  "SP500": {
    "bid": 7250.07,
    "ask": 7250.43,
    "spread": 0.36,
    "spread_pct": 0.004965,
    "timestamp": 1777590807.4292607
  },
  "EURUSD": {
    "bid": 1.1732,
    "ask": 1.17328,
    "spread": 8e-05,
    "spread_pct": 0.006819,
    "timestamp": 1777590807.2296026
  },
  "NVIDIA": {
    "bid": 201.78,
    "ask": 202.11,
    "spread": 0.33,
    "spread_pct": 0.163411,
    "timestamp": 1777575686.2136922
  },
  "USOIL": {
    "bid": 105.658,
    "ask": 105.692,
    "spread": 0.034,
    "spread_pct": 0.032174,
    "timestamp": 1777590807.7071097
  },
  "TSLA": {
    "bid": 381.25,
    "ask": 381.71,
    "spread": 0.46,
    "spread_pct": 0.120583,
    "timestamp": 1777590807.1703763
  },
  "AMZN": {
    "bid": 264.1,
    "ask": 264.36,
    "spread": 0.26,
    "spread_pct": 0.098399,
    "timestamp": 1777590807.2550354
  },
  "GBPUSD": {
    "bid": 1.36051,
    "ask": 1.36063,
    "spread": 0.00012,
    "spread_pct": 0.00882,
    "timestamp": 1777590806.0522206
  },
  "AUDUSD": {
    "bid": 0.72016,
    "ask": 0.72027,
    "spread": 0.00011,
    "spread_pct": 0.015273,
    "timestamp": 1777590806.7063513
  },
  "TSM": {
    "bid": 394.03,
    "ask": 394.42,
    "spread": 0.39,
    "spread_pct": 0.098928,
    "timestamp": 1777590807.170216
  },
  "MSTR": {
    "bid": 165.24,
    "ask": 165.41,
    "spread": 0.17,
    "spread_pct": 0.102828,
    "timestamp": 1777590807.2136216
  },
  "XPTUSD": {
    "bid": 1991.9,
    "ask": 2001.83,
    "spread": 9.93,
    "spread_pct": 0.497279,
    "timestamp": 1777590807.5821438
  },
  "COST": {
    "bid": 1014.84,
    "ask": 1015.86,
    "spread": 1.02,
    "spread_pct": 0.100458,
    "timestamp": 1777590807.2903733
  },
  "XALUSD": {
    "bid": 3472.28,
    "ask": 3487.52,
    "spread": 15.24,
    "spread_pct": 0.437944,
    "timestamp": 1777565299.190803
  },
  "XPDUSD": {
    "bid": 1527.17,
    "ask": 1534.48,
    "spread": 7.31,
    "spread_pct": 0.47752,
    "timestamp": 1777590807.7071927
  }
}