{
  "AAPL": {
    "bid": 276.91,
    "ask": 277.05,
    "spread": 0.14,
    "spread_pct": 0.050545,
    "timestamp": 1777914192.6482673
  },
  "COPPER": {
    "bid": 585.52,
    "ask": 585.92,
    "spread": 0.4,
    "spread_pct": 0.068292,
    "timestamp": 1777914191.573096
  },
  "META": {
    "bid": 611.12,
    "ask": 611.92,
    "spread": 0.8,
    "spread_pct": 0.130822,
    "timestamp": 1777914192.53103
  },
  "MSFT": {
    "bid": 414.28,
    "ask": 414.4,
    "spread": 0.12,
    "spread_pct": 0.028962,
    "timestamp": 1777914192.3818777
  },
  "ORCL": {
    "bid": 181.75,
    "ask": 181.93,
    "spread": 0.18,
    "spread_pct": 0.098988,
    "timestamp": 1777914192.6487503
  },
  "DJ30": {
    "bid": 49101.42,
    "ask": 49102.58,
    "spread": 1.16,
    "spread_pct": 0.002362,
    "timestamp": 1777914192.1375067
  },
  "TECH100": {
    "bid": 27733.39,
    "ask": 27733.86,
    "spread": 0.47,
    "spread_pct": 0.001695,
    "timestamp": 1777914192.1752691
  },
  "XAUUSD": {
    "bid": 4519.17,
    "ask": 4519.37,
    "spread": 0.2,
    "spread_pct": 0.004425,
    "timestamp": 1777914192.0844579
  },
  "UK100": {
    "bid": 10381.58,
    "ask": 10382.42,
    "spread": 0.84,
    "spread_pct": 0.008091,
    "timestamp": 1777662373.31854
  },
  "UKOIL": {
    "bid": 114.459,
    "ask": 114.491,
    "spread": 0.032,
    "spread_pct": 0.027954,
    "timestamp": 1777914192.175101
  },
  "INTEL": {
    "bid": 97.12,
    "ask": 97.28,
    "spread": 0.16,
    "spread_pct": 0.164609,
    "timestamp": 1777914192.347804
  },
  "JPN225": {
    "bid": 59438.55,
    "ask": 59446.45,
    "spread": 7.9,
    "spread_pct": 0.01329,
    "timestamp": 1777914191.8991694
  },
  "NZDUSD": {
    "bid": 0.58681,
    "ask": 0.5869,
    "spread": 9e-05,
    "spread_pct": 0.015336,
    "timestamp": 1777914192.6127968
  },
  "NFLX": {
    "bid": 90.79,
    "ask": 91.83,
    "spread": 1.04,
    "spread_pct": 1.138977,
    "timestamp": 1777914192.531109
  },
  "AMD": {
    "bid": 342.87,
    "ask": 343.01,
    "spread": 0.14,
    "spread_pct": 0.040823,
    "timestamp": 1777914192.382612
  },
  "GER30": {
    "bid": 24006.38,
    "ask": 24007.62,
    "spread": 1.24,
    "spread_pct": 0.005165,
    "timestamp": 1777914192.476551
  },
  "XAGUSD": {
    "bid": 73.006,
    "ask": 73.111,
    "spread": 0.105,
    "spread_pct": 0.14372,
    "timestamp": 1777914192.5309198
  },
  "PLTR": {
    "bid": 147.1,
    "ask": 147.26,
    "spread": 0.16,
    "spread_pct": 0.10871,
    "timestamp": 1777914192.4595532
  },
  "GOOG": {
    "bid": 383.35,
    "ask": 383.8,
    "spread": 0.45,
    "spread_pct": 0.117317,
    "timestamp": 1777914192.382001
  },
  "NGAS": {
    "bid": 2.8759,
    "ask": 2.8881,
    "spread": 0.0122,
    "spread_pct": 0.423317,
    "timestamp": 1777914192.5300946
  },
  "SP500": {
    "bid": 7220.45,
    "ask": 7220.8,
    "spread": 0.35,
    "spread_pct": 0.004847,
    "timestamp": 1777914192.4583943
  },
  "EURUSD": {
    "bid": 1.16843,
    "ask": 1.16852,
    "spread": 9e-05,
    "spread_pct": 0.007702,
    "timestamp": 1777914192.6488519
  },
  "NVIDIA": {
    "bid": 196.85,
    "ask": 197.19,
    "spread": 0.34,
    "spread_pct": 0.172571,
    "timestamp": 1777914192.082529
  },
  "USOIL": {
    "bid": 104.79,
    "ask": 106.59,
    "spread": 1.8,
    "spread_pct": 1.703094,
    "timestamp": 1777914192.5301838
  },
  "TSLA": {
    "bid": 390.18,
    "ask": 390.7,
    "spread": 0.52,
    "spread_pct": 0.133183,
    "timestamp": 1777914192.887227
  },
  "AMZN": {
    "bid": 270.73,
    "ask": 271.0,
    "spread": 0.27,
    "spread_pct": 0.099681,
    "timestamp": 1777914192.34662
  },
  "GBPUSD": {
    "bid": 1.35247,
    "ask": 1.35258,
    "spread": 0.00011,
    "spread_pct": 0.008133,
    "timestamp": 1777914192.4767816
  },
  "AUDUSD": {
    "bid": 0.71619,
    "ask": 0.71631,
    "spread": 0.00012,
    "spread_pct": 0.016754,
    "timestamp": 1777914192.5292754
  },
  "TSM": {
    "bid": 399.5,
    "ask": 399.9,
    "spread": 0.4,
    "spread_pct": 0.100075,
    "timestamp": 1777914192.1823332
  },
  "MSTR": {
    "bid": 183.85,
    "ask": 184.53,
    "spread": 0.68,
    "spread_pct": 0.369184,
    "timestamp": 1777914192.2385695
  },
  "XPTUSD": {
    "bid": 1948.7,
    "ask": 1958.9,
    "spread": 10.2,
    "spread_pct": 0.52206,
    "timestamp": 1777914191.3335984
  },
  "COST": {
    "bid": 1010.08,
    "ask": 1011.64,
    "spread": 1.56,
    "spread_pct": 0.154324,
    "timestamp": 1777914192.1410217
  },
  "XALUSD": {
    "bid": 3502.44,
    "ask": 3517.91,
    "spread": 15.47,
    "spread_pct": 0.440719,
    "timestamp": 1777658171.7225325
  },
  "XPDUSD": {
    "bid": 1478.86,
    "ask": 1486.14,
    "spread": 7.28,
    "spread_pct": 0.491062,
    "timestamp": 1777914191.32455
  }
}