{
  "AAPL": {
    "bid": 273.61,
    "ask": 273.75,
    "spread": 0.14,
    "spread_pct": 0.051155,
    "timestamp": 1776973150.2095842
  },
  "COPPER": {
    "bid": 609.72,
    "ask": 610.12,
    "spread": 0.4,
    "spread_pct": 0.065582,
    "timestamp": 1776988778.3517394
  },
  "META": {
    "bid": 659.79,
    "ask": 660.61,
    "spread": 0.82,
    "spread_pct": 0.124205,
    "timestamp": 1776973151.2760155
  },
  "MSFT": {
    "bid": 415.82,
    "ask": 415.92,
    "spread": 0.1,
    "spread_pct": 0.024046,
    "timestamp": 1776973150.818721
  },
  "ORCL": {
    "bid": 175.42,
    "ask": 175.6,
    "spread": 0.18,
    "spread_pct": 0.102558,
    "timestamp": 1776973150.209661
  },
  "DJ30": {
    "bid": 49459.89,
    "ask": 49461.11,
    "spread": 1.22,
    "spread_pct": 0.002467,
    "timestamp": 1776988780.4870372
  },
  "TECH100": {
    "bid": 27078.51,
    "ask": 27078.99,
    "spread": 0.48,
    "spread_pct": 0.001773,
    "timestamp": 1776988782.6568599
  },
  "XAUUSD": {
    "bid": 4693.84,
    "ask": 4694.04,
    "spread": 0.2,
    "spread_pct": 0.004261,
    "timestamp": 1776988782.3487964
  },
  "UK100": {
    "bid": 10404.09,
    "ask": 10404.91,
    "spread": 0.82,
    "spread_pct": 0.007881,
    "timestamp": 1776973151.159052
  },
  "UKOIL": {
    "bid": 100.401,
    "ask": 100.439,
    "spread": 0.038,
    "spread_pct": 0.037841,
    "timestamp": 1776976648.878001
  },
  "INTEL": {
    "bid": 66.1,
    "ask": 66.22,
    "spread": 0.12,
    "spread_pct": 0.181378,
    "timestamp": 1776973151.209863
  },
  "JPN225": {
    "bid": 59408.23,
    "ask": 59416.77,
    "spread": 8.54,
    "spread_pct": 0.014374,
    "timestamp": 1776988782.7503974
  },
  "NZDUSD": {
    "bid": 0.58518,
    "ask": 0.58527,
    "spread": 9e-05,
    "spread_pct": 0.015379,
    "timestamp": 1776988782.4110498
  },
  "NFLX": {
    "bid": 92.56,
    "ask": 93.58,
    "spread": 1.02,
    "spread_pct": 1.095949,
    "timestamp": 1776973151.2760873
  },
  "AMD": {
    "bid": 303.35,
    "ask": 303.51,
    "spread": 0.16,
    "spread_pct": 0.05273,
    "timestamp": 1776973150.2097318
  },
  "GER30": {
    "bid": 24203.98,
    "ask": 24205.02,
    "spread": 1.04,
    "spread_pct": 0.004297,
    "timestamp": 1776973150.3233302
  },
  "XAGUSD": {
    "bid": 75.456,
    "ask": 75.558,
    "spread": 0.102,
    "spread_pct": 0.135087,
    "timestamp": 1776988782.1973796
  },
  "PLTR": {
    "bid": 141.54,
    "ask": 141.68,
    "spread": 0.14,
    "spread_pct": 0.098863,
    "timestamp": 1776973150.3746104
  },
  "GOOG": {
    "bid": 339.02,
    "ask": 339.46,
    "spread": 0.44,
    "spread_pct": 0.129702,
    "timestamp": 1776973151.204068
  },
  "NGAS": {
    "bid": 2.7213,
    "ask": 2.7337,
    "spread": 0.0124,
    "spread_pct": 0.454629,
    "timestamp": 1776988780.617144
  },
  "SP500": {
    "bid": 7152.71,
    "ask": 7153.04,
    "spread": 0.33,
    "spread_pct": 0.004614,
    "timestamp": 1776988781.6015463
  },
  "EURUSD": {
    "bid": 1.16828,
    "ask": 1.16839,
    "spread": 0.00011,
    "spread_pct": 0.009415,
    "timestamp": 1776988782.4109616
  },
  "NVIDIA": {
    "bid": 198.84,
    "ask": 199.18,
    "spread": 0.34,
    "spread_pct": 0.170846,
    "timestamp": 1776973150.3237202
  },
  "USOIL": {
    "bid": 96.781,
    "ask": 96.819,
    "spread": 0.038,
    "spread_pct": 0.039256,
    "timestamp": 1776988781.1873825
  },
  "TSLA": {
    "bid": 372.76,
    "ask": 373.3,
    "spread": 0.54,
    "spread_pct": 0.14476,
    "timestamp": 1776973151.2041981
  },
  "AMZN": {
    "bid": 255.39,
    "ask": 255.73,
    "spread": 0.34,
    "spread_pct": 0.133041,
    "timestamp": 1776973150.8186264
  },
  "GBPUSD": {
    "bid": 1.34652,
    "ask": 1.34662,
    "spread": 0.0001,
    "spread_pct": 0.007426,
    "timestamp": 1776988782.1075776
  },
  "AUDUSD": {
    "bid": 0.71286,
    "ask": 0.71296,
    "spread": 0.0001,
    "spread_pct": 0.014027,
    "timestamp": 1776988782.3488872
  },
  "TSM": {
    "bid": 380.76,
    "ask": 381.21,
    "spread": 0.45,
    "spread_pct": 0.118115,
    "timestamp": 1776973150.2023056
  },
  "MSTR": {
    "bid": 172.76,
    "ask": 173.46,
    "spread": 0.7,
    "spread_pct": 0.404367,
    "timestamp": 1776973150.3239782
  },
  "XPTUSD": {
    "bid": 2009.86,
    "ask": 2019.88,
    "spread": 10.02,
    "spread_pct": 0.497303,
    "timestamp": 1776988781.4755135
  },
  "COST": {
    "bid": 1011.84,
    "ask": 1012.46,
    "spread": 0.62,
    "spread_pct": 0.061256,
    "timestamp": 1776973143.3722465
  },
  "XALUSD": {
    "bid": 3618.39,
    "ask": 3633.81,
    "spread": 15.42,
    "spread_pct": 0.42525,
    "timestamp": 1776963133.4884648
  },
  "XPDUSD": {
    "bid": 1475.1,
    "ask": 1482.42,
    "spread": 7.32,
    "spread_pct": 0.495009,
    "timestamp": 1776988782.047088
  }
}