{
  "AAPL": {
    "bid": 300.18,
    "ask": 300.48,
    "spread": 0.3,
    "spread_pct": 0.09989,
    "timestamp": 1779108419.1808
  },
  "COPPER": {
    "bid": 658.63,
    "ask": 659.03,
    "spread": 0.4,
    "spread_pct": 0.060714,
    "timestamp": 1778745929.310647
  },
  "META": {
    "bid": 611.31,
    "ask": 611.92,
    "spread": 0.61,
    "spread_pct": 0.099736,
    "timestamp": 1779108419.3084908
  },
  "MSFT": {
    "bid": 421.29,
    "ask": 421.71,
    "spread": 0.42,
    "spread_pct": 0.099644,
    "timestamp": 1779108419.2169912
  },
  "ORCL": {
    "bid": 192.71,
    "ask": 193.1,
    "spread": 0.39,
    "spread_pct": 0.202172,
    "timestamp": 1779108419.3516324
  },
  "DJ30": {
    "bid": 49693.24,
    "ask": 49705.26,
    "spread": 12.02,
    "spread_pct": 0.024185,
    "timestamp": 1779108418.4634666
  },
  "TECH100": {
    "bid": 29380.55,
    "ask": 29385.99,
    "spread": 5.44,
    "spread_pct": 0.018514,
    "timestamp": 1779108419.1561227
  },
  "XAUUSD": {
    "bid": 4570.42,
    "ask": 4570.64,
    "spread": 0.22,
    "spread_pct": 0.004813,
    "timestamp": 1779108418.4174168
  },
  "UK100": {
    "bid": 10301.95,
    "ask": 10305.95,
    "spread": 4.0,
    "spread_pct": 0.03882,
    "timestamp": 1779108418.4637887
  },
  "UKOIL": {
    "bid": 107.448,
    "ask": 107.486,
    "spread": 0.038,
    "spread_pct": 0.03536,
    "timestamp": 1779108418.1478846
  },
  "INTEL": {
    "bid": 109.49,
    "ask": 109.65,
    "spread": 0.16,
    "spread_pct": 0.146025,
    "timestamp": 1778870975.797753
  },
  "JPN225": {
    "bid": 61772.63,
    "ask": 61782.37,
    "spread": 9.74,
    "spread_pct": 0.015766,
    "timestamp": 1779108418.3344114
  },
  "NZDUSD": {
    "bid": 0.58793,
    "ask": 0.58802,
    "spread": 9e-05,
    "spread_pct": 0.015307,
    "timestamp": 1779108418.1355622
  },
  "NFLX": {
    "bid": 87.04,
    "ask": 87.17,
    "spread": 0.13,
    "spread_pct": 0.149245,
    "timestamp": 1779108419.1152673
  },
  "AMD": {
    "bid": 428.73,
    "ask": 429.16,
    "spread": 0.43,
    "spread_pct": 0.100246,
    "timestamp": 1779108419.180721
  },
  "GER30": {
    "bid": 24392.01,
    "ask": 24393.05,
    "spread": 1.04,
    "spread_pct": 0.004264,
    "timestamp": 1779108418.4865365
  },
  "XAGUSD": {
    "bid": 77.292,
    "ask": 77.396,
    "spread": 0.104,
    "spread_pct": 0.134464,
    "timestamp": 1779108418.3543217
  },
  "PLTR": {
    "bid": 133.68,
    "ask": 133.81,
    "spread": 0.13,
    "spread_pct": 0.0972,
    "timestamp": 1779108419.2557127
  },
  "GOOG": {
    "bid": 395.93,
    "ask": 396.35,
    "spread": 0.42,
    "spread_pct": 0.106023,
    "timestamp": 1778870974.7875192
  },
  "NGAS": {
    "bid": 3.0284,
    "ask": 3.0414,
    "spread": 0.013,
    "spread_pct": 0.42835,
    "timestamp": 1779108418.7931721
  },
  "SP500": {
    "bid": 7449.39,
    "ask": 7449.73,
    "spread": 0.34,
    "spread_pct": 0.004564,
    "timestamp": 1779108418.4979298
  },
  "EURUSD": {
    "bid": 1.16549,
    "ask": 1.1656,
    "spread": 0.00011,
    "spread_pct": 0.009438,
    "timestamp": 1779108418.3983107
  },
  "NVIDIA": {
    "bid": 228.32,
    "ask": 228.66,
    "spread": 0.34,
    "spread_pct": 0.148803,
    "timestamp": 1778870975.3524938
  },
  "USOIL": {
    "bid": 99.139,
    "ask": 99.171,
    "spread": 0.032,
    "spread_pct": 0.032273,
    "timestamp": 1779108418.1477938
  },
  "TSLA": {
    "bid": 420.12,
    "ask": 420.62,
    "spread": 0.5,
    "spread_pct": 0.118943,
    "timestamp": 1779108419.2167494
  },
  "AMZN": {
    "bid": 264.05,
    "ask": 264.31,
    "spread": 0.26,
    "spread_pct": 0.098418,
    "timestamp": 1779108419.3858469
  },
  "GBPUSD": {
    "bid": 1.34007,
    "ask": 1.34018,
    "spread": 0.00011,
    "spread_pct": 0.008208,
    "timestamp": 1779108419.2558515
  },
  "AUDUSD": {
    "bid": 0.71821,
    "ask": 0.71832,
    "spread": 0.00011,
    "spread_pct": 0.015315,
    "timestamp": 1779108419.1806293
  },
  "TSM": {
    "bid": 409.87,
    "ask": 410.28,
    "spread": 0.41,
    "spread_pct": 0.099982,
    "timestamp": 1779108419.1805239
  },
  "MSTR": {
    "bid": 172.94,
    "ask": 173.11,
    "spread": 0.17,
    "spread_pct": 0.098252,
    "timestamp": 1779108419.146425
  },
  "XPTUSD": {
    "bid": 1977.27,
    "ask": 1987.39,
    "spread": 10.12,
    "spread_pct": 0.51051,
    "timestamp": 1779108419.1893716
  },
  "COST": {
    "bid": 1048.54,
    "ask": 1049.59,
    "spread": 1.05,
    "spread_pct": 0.100089,
    "timestamp": 1779108419.1153762
  },
  "XALUSD": {
    "bid": 3566.88,
    "ask": 3582.22,
    "spread": 15.34,
    "spread_pct": 0.429145,
    "timestamp": 1779108419.0021217
  },
  "XPDUSD": {
    "bid": 1421.93,
    "ask": 1429.27,
    "spread": 7.34,
    "spread_pct": 0.514871,
    "timestamp": 1779108418.4853542
  }
}