{
  "AAPL": {
    "bid": 292.56,
    "ask": 292.85,
    "spread": 0.29,
    "spread_pct": 0.099076,
    "timestamp": 1778530664.2203288
  },
  "COPPER": {
    "bid": 648.02,
    "ask": 648.42,
    "spread": 0.4,
    "spread_pct": 0.061707,
    "timestamp": 1778530661.210184
  },
  "META": {
    "bid": 598.88,
    "ask": 599.48,
    "spread": 0.6,
    "spread_pct": 0.100137,
    "timestamp": 1778530664.2103734
  },
  "MSFT": {
    "bid": 412.49,
    "ask": 412.9,
    "spread": 0.41,
    "spread_pct": 0.099347,
    "timestamp": 1778530664.3180976
  },
  "ORCL": {
    "bid": 193.66,
    "ask": 193.85,
    "spread": 0.19,
    "spread_pct": 0.098062,
    "timestamp": 1778530664.329402
  },
  "DJ30": {
    "bid": 49789.45,
    "ask": 49790.55,
    "spread": 1.1,
    "spread_pct": 0.002209,
    "timestamp": 1778530664.7313383
  },
  "TECH100": {
    "bid": 29399.67,
    "ask": 29400.08,
    "spread": 0.41,
    "spread_pct": 0.001395,
    "timestamp": 1778530664.698326
  },
  "XAUUSD": {
    "bid": 4734.61,
    "ask": 4734.83,
    "spread": 0.22,
    "spread_pct": 0.004647,
    "timestamp": 1778530664.3968215
  },
  "UK100": {
    "bid": 10243.59,
    "ask": 10244.41,
    "spread": 0.82,
    "spread_pct": 0.008005,
    "timestamp": 1778524134.958629
  },
  "UKOIL": {
    "bid": 104.38,
    "ask": 104.41,
    "spread": 0.03,
    "spread_pct": 0.028737,
    "timestamp": 1778530664.8362427
  },
  "INTEL": {
    "bid": 128.57,
    "ask": 128.71,
    "spread": 0.14,
    "spread_pct": 0.108831,
    "timestamp": 1778524135.4207752
  },
  "JPN225": {
    "bid": 62895.2,
    "ask": 62904.8,
    "spread": 9.6,
    "spread_pct": 0.015262,
    "timestamp": 1778530659.311717
  },
  "NZDUSD": {
    "bid": 0.59605,
    "ask": 0.59616,
    "spread": 0.00011,
    "spread_pct": 0.018453,
    "timestamp": 1778530662.7903314
  },
  "NFLX": {
    "bid": 85.42,
    "ask": 85.55,
    "spread": 0.13,
    "spread_pct": 0.152073,
    "timestamp": 1778530664.1743906
  },
  "AMD": {
    "bid": 458.19,
    "ask": 458.65,
    "spread": 0.46,
    "spread_pct": 0.100345,
    "timestamp": 1778530664.1189098
  },
  "GER30": {
    "bid": 24344.48,
    "ask": 24345.52,
    "spread": 1.04,
    "spread_pct": 0.004272,
    "timestamp": 1778524135.7186882
  },
  "XAGUSD": {
    "bid": 85.826,
    "ask": 85.931,
    "spread": 0.105,
    "spread_pct": 0.122266,
    "timestamp": 1778530664.2216122
  },
  "PLTR": {
    "bid": 136.18,
    "ask": 136.32,
    "spread": 0.14,
    "spread_pct": 0.102752,
    "timestamp": 1778530664.089409
  },
  "GOOG": {
    "bid": 392.6,
    "ask": 393.04,
    "spread": 0.44,
    "spread_pct": 0.112011,
    "timestamp": 1778524134.9171157
  },
  "NGAS": {
    "bid": 2.9199,
    "ask": 2.9331,
    "spread": 0.0132,
    "spread_pct": 0.451051,
    "timestamp": 1778530662.790436
  },
  "SP500": {
    "bid": 7434.45,
    "ask": 7434.8,
    "spread": 0.35,
    "spread_pct": 0.004708,
    "timestamp": 1778530664.6442668
  },
  "EURUSD": {
    "bid": 1.1779,
    "ask": 1.178,
    "spread": 0.0001,
    "spread_pct": 0.008489,
    "timestamp": 1778530663.6744123
  },
  "NVIDIA": {
    "bid": 221.09,
    "ask": 221.41,
    "spread": 0.32,
    "spread_pct": 0.144633,
    "timestamp": 1778524135.7189126
  },
  "USOIL": {
    "bid": 98.103,
    "ask": 98.137,
    "spread": 0.034,
    "spread_pct": 0.034651,
    "timestamp": 1778524136.1136856
  },
  "TSLA": {
    "bid": 444.57,
    "ask": 445.1,
    "spread": 0.53,
    "spread_pct": 0.119145,
    "timestamp": 1778530664.2106965
  },
  "AMZN": {
    "bid": 268.73,
    "ask": 269.0,
    "spread": 0.27,
    "spread_pct": 0.100422,
    "timestamp": 1778530664.1871614
  },
  "GBPUSD": {
    "bid": 1.36136,
    "ask": 1.36145,
    "spread": 9e-05,
    "spread_pct": 0.006611,
    "timestamp": 1778530664.6444037
  },
  "AUDUSD": {
    "bid": 0.72483,
    "ask": 0.72494,
    "spread": 0.00011,
    "spread_pct": 0.015175,
    "timestamp": 1778530655.2489684
  },
  "TSM": {
    "bid": 404.74,
    "ask": 405.14,
    "spread": 0.4,
    "spread_pct": 0.09878,
    "timestamp": 1778530664.3319283
  },
  "MSTR": {
    "bid": 195.78,
    "ask": 195.98,
    "spread": 0.2,
    "spread_pct": 0.102103,
    "timestamp": 1778530664.274482
  },
  "XPTUSD": {
    "bid": 2127.45,
    "ask": 2137.55,
    "spread": 10.1,
    "spread_pct": 0.473623,
    "timestamp": 1778530664.6550605
  },
  "COST": {
    "bid": 997.08,
    "ask": 998.1,
    "spread": 1.02,
    "spread_pct": 0.102246,
    "timestamp": 1778530664.2920434
  },
  "XALUSD": {
    "bid": 3567.63,
    "ask": 3582.97,
    "spread": 15.34,
    "spread_pct": 0.429055,
    "timestamp": 1778517709.7608929
  },
  "XPDUSD": {
    "bid": 1506.14,
    "ask": 1513.46,
    "spread": 7.32,
    "spread_pct": 0.484832,
    "timestamp": 1778530663.7943156
  }
}