{
  "AAPL": {
    "bid": 276.46,
    "ask": 276.74,
    "spread": 0.28,
    "spread_pct": 0.101229,
    "timestamp": 1777929550.2354677
  },
  "COPPER": {
    "bid": 586.11,
    "ask": 586.49,
    "spread": 0.38,
    "spread_pct": 0.064813,
    "timestamp": 1777925331.3133643
  },
  "META": {
    "bid": 610.0,
    "ask": 610.61,
    "spread": 0.61,
    "spread_pct": 0.09995,
    "timestamp": 1777929550.2719073
  },
  "MSFT": {
    "bid": 413.11,
    "ask": 413.52,
    "spread": 0.41,
    "spread_pct": 0.099198,
    "timestamp": 1777929550.1409826
  },
  "ORCL": {
    "bid": 180.39,
    "ask": 180.64,
    "spread": 0.25,
    "spread_pct": 0.138493,
    "timestamp": 1777929550.2372794
  },
  "DJ30": {
    "bid": 49024.49,
    "ask": 49036.51,
    "spread": 12.02,
    "spread_pct": 0.024515,
    "timestamp": 1777925337.0292659
  },
  "TECH100": {
    "bid": 27759.27,
    "ask": 27759.73,
    "spread": 0.46,
    "spread_pct": 0.001657,
    "timestamp": 1777925336.3614798
  },
  "XAUUSD": {
    "bid": 4515.83,
    "ask": 4516.03,
    "spread": 0.2,
    "spread_pct": 0.004429,
    "timestamp": 1777925337.008615
  },
  "UK100": {
    "bid": 10381.58,
    "ask": 10382.42,
    "spread": 0.84,
    "spread_pct": 0.008091,
    "timestamp": 1777662373.31854
  },
  "UKOIL": {
    "bid": 113.999,
    "ask": 114.031,
    "spread": 0.032,
    "spread_pct": 0.028066,
    "timestamp": 1777925329.8312502
  },
  "INTEL": {
    "bid": 96.46,
    "ask": 96.62,
    "spread": 0.16,
    "spread_pct": 0.165734,
    "timestamp": 1777920631.2741215
  },
  "JPN225": {
    "bid": 59483.13,
    "ask": 59491.87,
    "spread": 8.74,
    "spread_pct": 0.014692,
    "timestamp": 1777925336.5719671
  },
  "NZDUSD": {
    "bid": 0.58734,
    "ask": 0.58743,
    "spread": 9e-05,
    "spread_pct": 0.015322,
    "timestamp": 1777929549.4046192
  },
  "NFLX": {
    "bid": 91.16,
    "ask": 91.36,
    "spread": 0.2,
    "spread_pct": 0.219154,
    "timestamp": 1777929549.2616203
  },
  "AMD": {
    "bid": 343.0,
    "ask": 343.34,
    "spread": 0.34,
    "spread_pct": 0.099076,
    "timestamp": 1777929550.1595454
  },
  "GER30": {
    "bid": 23988.45,
    "ask": 23989.55,
    "spread": 1.1,
    "spread_pct": 0.004585,
    "timestamp": 1777920630.5081723
  },
  "XAGUSD": {
    "bid": 72.701,
    "ask": 72.802,
    "spread": 0.101,
    "spread_pct": 0.138829,
    "timestamp": 1777925337.0720537
  },
  "PLTR": {
    "bid": 146.4,
    "ask": 146.56,
    "spread": 0.16,
    "spread_pct": 0.10923,
    "timestamp": 1777929550.2718112
  },
  "GOOG": {
    "bid": 383.13,
    "ask": 383.53,
    "spread": 0.4,
    "spread_pct": 0.104349,
    "timestamp": 1777920631.1498659
  },
  "NGAS": {
    "bid": 2.8415,
    "ask": 2.8535,
    "spread": 0.012,
    "spread_pct": 0.421422,
    "timestamp": 1777925337.0087533
  },
  "SP500": {
    "bid": 7224.47,
    "ask": 7224.78,
    "spread": 0.31,
    "spread_pct": 0.004291,
    "timestamp": 1777925336.7855632
  },
  "EURUSD": {
    "bid": 1.16892,
    "ask": 1.16902,
    "spread": 0.0001,
    "spread_pct": 0.008555,
    "timestamp": 1777929534.5908263
  },
  "NVIDIA": {
    "bid": 197.45,
    "ask": 197.79,
    "spread": 0.34,
    "spread_pct": 0.172047,
    "timestamp": 1777920630.2724364
  },
  "USOIL": {
    "bid": 105.226,
    "ask": 105.264,
    "spread": 0.038,
    "spread_pct": 0.036106,
    "timestamp": 1777925336.4300852
  },
  "TSLA": {
    "bid": 392.59,
    "ask": 393.06,
    "spread": 0.47,
    "spread_pct": 0.119646,
    "timestamp": 1777929550.303971
  },
  "AMZN": {
    "bid": 271.84,
    "ask": 272.11,
    "spread": 0.27,
    "spread_pct": 0.099274,
    "timestamp": 1777929550.3247235
  },
  "GBPUSD": {
    "bid": 1.35271,
    "ask": 1.35283,
    "spread": 0.00012,
    "spread_pct": 0.008871,
    "timestamp": 1777929542.6077404
  },
  "AUDUSD": {
    "bid": 0.71696,
    "ask": 0.71706,
    "spread": 0.0001,
    "spread_pct": 0.013947,
    "timestamp": 1777925334.433625
  },
  "TSM": {
    "bid": 401.53,
    "ask": 401.93,
    "spread": 0.4,
    "spread_pct": 0.099569,
    "timestamp": 1777929550.3037035
  },
  "MSTR": {
    "bid": 184.07,
    "ask": 184.25,
    "spread": 0.18,
    "spread_pct": 0.097741,
    "timestamp": 1777929550.302513
  },
  "XPTUSD": {
    "bid": 1941.19,
    "ask": 1951.07,
    "spread": 9.88,
    "spread_pct": 0.507674,
    "timestamp": 1777925329.63584
  },
  "COST": {
    "bid": 1010.11,
    "ask": 1013.66,
    "spread": 3.55,
    "spread_pct": 0.35083,
    "timestamp": 1777929550.1408222
  },
  "XALUSD": {
    "bid": 3502.44,
    "ask": 3517.91,
    "spread": 15.47,
    "spread_pct": 0.440719,
    "timestamp": 1777658171.7225325
  },
  "XPDUSD": {
    "bid": 1480.21,
    "ask": 1487.74,
    "spread": 7.53,
    "spread_pct": 0.507421,
    "timestamp": 1777925336.4301617
  }
}