{
  "AAPL": {
    "bid": 267.58,
    "ask": 267.76,
    "spread": 0.18,
    "spread_pct": 0.067247,
    "timestamp": 1777319198.9201097
  },
  "COPPER": {
    "bid": 597.18,
    "ask": 597.58,
    "spread": 0.4,
    "spread_pct": 0.066959,
    "timestamp": 1777381860.4452474
  },
  "META": {
    "bid": 678.83,
    "ask": 679.65,
    "spread": 0.82,
    "spread_pct": 0.120723,
    "timestamp": 1777319197.8819156
  },
  "MSFT": {
    "bid": 425.55,
    "ask": 425.71,
    "spread": 0.16,
    "spread_pct": 0.037591,
    "timestamp": 1777319198.136073
  },
  "ORCL": {
    "bid": 172.93,
    "ask": 173.11,
    "spread": 0.18,
    "spread_pct": 0.104034,
    "timestamp": 1777319198.136018
  },
  "DJ30": {
    "bid": 49465.95,
    "ask": 49467.05,
    "spread": 1.1,
    "spread_pct": 0.002224,
    "timestamp": 1777381861.188806
  },
  "TECH100": {
    "bid": 27123.65,
    "ask": 27124.1,
    "spread": 0.45,
    "spread_pct": 0.001659,
    "timestamp": 1777381861.3379633
  },
  "XAUUSD": {
    "bid": 4573.0,
    "ask": 4573.18,
    "spread": 0.18,
    "spread_pct": 0.003936,
    "timestamp": 1777381861.1257646
  },
  "UK100": {
    "bid": 10325.6,
    "ask": 10326.4,
    "spread": 0.8,
    "spread_pct": 0.007747,
    "timestamp": 1777381861.416177
  },
  "UKOIL": {
    "bid": 104.49,
    "ask": 104.52,
    "spread": 0.03,
    "spread_pct": 0.028707,
    "timestamp": 1777381861.4159164
  },
  "INTEL": {
    "bid": 84.38,
    "ask": 84.5,
    "spread": 0.12,
    "spread_pct": 0.142113,
    "timestamp": 1777319198.1361268
  },
  "JPN225": {
    "bid": 59098.39,
    "ask": 59106.61,
    "spread": 8.22,
    "spread_pct": 0.013908,
    "timestamp": 1777381861.2634044
  },
  "NZDUSD": {
    "bid": 0.58746,
    "ask": 0.58757,
    "spread": 0.00011,
    "spread_pct": 0.018723,
    "timestamp": 1777381861.4160154
  },
  "NFLX": {
    "bid": 91.05,
    "ask": 92.13,
    "spread": 1.08,
    "spread_pct": 1.179168,
    "timestamp": 1777319198.306423
  },
  "AMD": {
    "bid": 335.56,
    "ask": 335.7,
    "spread": 0.14,
    "spread_pct": 0.041713,
    "timestamp": 1777319198.759899
  },
  "GER30": {
    "bid": 24140.48,
    "ask": 24141.52,
    "spread": 1.04,
    "spread_pct": 0.004308,
    "timestamp": 1777381861.1884809
  },
  "XAGUSD": {
    "bid": 72.492,
    "ask": 72.596,
    "spread": 0.104,
    "spread_pct": 0.143361,
    "timestamp": 1777381861.3378534
  },
  "PLTR": {
    "bid": 142.98,
    "ask": 143.16,
    "spread": 0.18,
    "spread_pct": 0.125813,
    "timestamp": 1777319198.0162265
  },
  "GOOG": {
    "bid": 351.42,
    "ask": 351.86,
    "spread": 0.44,
    "spread_pct": 0.125128,
    "timestamp": 1777319198.4449518
  },
  "NGAS": {
    "bid": 2.7245,
    "ask": 2.7365,
    "spread": 0.012,
    "spread_pct": 0.43948,
    "timestamp": 1777381861.3504195
  },
  "SP500": {
    "bid": 7163.7,
    "ask": 7164.05,
    "spread": 0.35,
    "spread_pct": 0.004886,
    "timestamp": 1777381861.1256285
  },
  "EURUSD": {
    "bid": 1.16943,
    "ask": 1.16951,
    "spread": 8e-05,
    "spread_pct": 0.006841,
    "timestamp": 1777381861.4837267
  },
  "NVIDIA": {
    "bid": 215.79,
    "ask": 216.1,
    "spread": 0.31,
    "spread_pct": 0.143555,
    "timestamp": 1777319198.4448855
  },
  "USOIL": {
    "bid": 100.076,
    "ask": 100.114,
    "spread": 0.038,
    "spread_pct": 0.037964,
    "timestamp": 1777381861.4162505
  },
  "TSLA": {
    "bid": 379.44,
    "ask": 379.96,
    "spread": 0.52,
    "spread_pct": 0.13695,
    "timestamp": 1777319198.4520955
  },
  "AMZN": {
    "bid": 260.85,
    "ask": 261.19,
    "spread": 0.34,
    "spread_pct": 0.130258,
    "timestamp": 1777319198.630619
  },
  "GBPUSD": {
    "bid": 1.34889,
    "ask": 1.349,
    "spread": 0.00011,
    "spread_pct": 0.008155,
    "timestamp": 1777381860.5559056
  },
  "AUDUSD": {
    "bid": 0.71631,
    "ask": 0.71642,
    "spread": 0.00011,
    "spread_pct": 0.015355,
    "timestamp": 1777381860.3788216
  },
  "TSM": {
    "bid": 403.65,
    "ask": 404.1,
    "spread": 0.45,
    "spread_pct": 0.111421,
    "timestamp": 1777319198.5634277
  },
  "MSTR": {
    "bid": 169.29,
    "ask": 169.99,
    "spread": 0.7,
    "spread_pct": 0.412639,
    "timestamp": 1777319197.1318383
  },
  "XPTUSD": {
    "bid": 1942.53,
    "ask": 1952.61,
    "spread": 10.08,
    "spread_pct": 0.517568,
    "timestamp": 1777381861.3498814
  },
  "COST": {
    "bid": 999.34,
    "ask": 999.9,
    "spread": 0.56,
    "spread_pct": 0.056021,
    "timestamp": 1777319193.9235065
  },
  "XALUSD": {
    "bid": 3532.33,
    "ask": 3547.67,
    "spread": 15.34,
    "spread_pct": 0.433333,
    "timestamp": 1777381853.2302594
  },
  "XPDUSD": {
    "bid": 1464.39,
    "ask": 1471.75,
    "spread": 7.36,
    "spread_pct": 0.501338,
    "timestamp": 1777381860.8350666
  }
}