{
  "AAPL": {
    "bid": 292.09,
    "ask": 292.38,
    "spread": 0.29,
    "spread_pct": 0.099235,
    "timestamp": 1778486700.22819
  },
  "COPPER": {
    "bid": 632.35,
    "ask": 632.75,
    "spread": 0.4,
    "spread_pct": 0.063236,
    "timestamp": 1778486700.607566
  },
  "META": {
    "bid": 608.05,
    "ask": 608.66,
    "spread": 0.61,
    "spread_pct": 0.10027,
    "timestamp": 1778486700.1899207
  },
  "MSFT": {
    "bid": 413.81,
    "ask": 414.22,
    "spread": 0.41,
    "spread_pct": 0.09903,
    "timestamp": 1778486700.30579
  },
  "ORCL": {
    "bid": 194.65,
    "ask": 194.94,
    "spread": 0.29,
    "spread_pct": 0.148874,
    "timestamp": 1778486700.1121588
  },
  "DJ30": {
    "bid": 49629.91,
    "ask": 49631.09,
    "spread": 1.18,
    "spread_pct": 0.002378,
    "timestamp": 1778486700.5889041
  },
  "TECH100": {
    "bid": 29322.03,
    "ask": 29322.47,
    "spread": 0.44,
    "spread_pct": 0.001501,
    "timestamp": 1778486700.588404
  },
  "XAUUSD": {
    "bid": 4668.54,
    "ask": 4668.74,
    "spread": 0.2,
    "spread_pct": 0.004284,
    "timestamp": 1778486700.154623
  },
  "UK100": {
    "bid": 10248.25,
    "ask": 10252.25,
    "spread": 4.0,
    "spread_pct": 0.039023,
    "timestamp": 1778486700.7047768
  },
  "UKOIL": {
    "bid": 104.369,
    "ask": 104.401,
    "spread": 0.032,
    "spread_pct": 0.030656,
    "timestamp": 1778486696.7207587
  },
  "INTEL": {
    "bid": 124.73,
    "ask": 124.89,
    "spread": 0.16,
    "spread_pct": 0.128195,
    "timestamp": 1778270030.4008458
  },
  "JPN225": {
    "bid": 62578.39,
    "ask": 62586.61,
    "spread": 8.22,
    "spread_pct": 0.013135,
    "timestamp": 1778486700.6608422
  },
  "NZDUSD": {
    "bid": 0.595,
    "ask": 0.5951,
    "spread": 0.0001,
    "spread_pct": 0.016805,
    "timestamp": 1778486700.7394328
  },
  "NFLX": {
    "bid": 87.24,
    "ask": 87.37,
    "spread": 0.13,
    "spread_pct": 0.148903,
    "timestamp": 1778486700.228093
  },
  "AMD": {
    "bid": 457.33,
    "ask": 457.79,
    "spread": 0.46,
    "spread_pct": 0.100533,
    "timestamp": 1778486700.3685586
  },
  "GER30": {
    "bid": 24349.46,
    "ask": 24350.54,
    "spread": 1.08,
    "spread_pct": 0.004435,
    "timestamp": 1778486700.6611466
  },
  "XAGUSD": {
    "bid": 80.316,
    "ask": 80.417,
    "spread": 0.101,
    "spread_pct": 0.125674,
    "timestamp": 1778486700.4873703
  },
  "PLTR": {
    "bid": 136.4,
    "ask": 136.54,
    "spread": 0.14,
    "spread_pct": 0.102587,
    "timestamp": 1778486700.3683307
  },
  "GOOG": {
    "bid": 401.27,
    "ask": 401.73,
    "spread": 0.46,
    "spread_pct": 0.11457,
    "timestamp": 1778270030.3699174
  },
  "NGAS": {
    "bid": 2.8043,
    "ask": 2.8167,
    "spread": 0.0124,
    "spread_pct": 0.441203,
    "timestamp": 1778486693.8423135
  },
  "SP500": {
    "bid": 7414.46,
    "ask": 7414.79,
    "spread": 0.33,
    "spread_pct": 0.004451,
    "timestamp": 1778486700.2952664
  },
  "EURUSD": {
    "bid": 1.1774,
    "ask": 1.17749,
    "spread": 9e-05,
    "spread_pct": 0.007644,
    "timestamp": 1778486700.7393322
  },
  "NVIDIA": {
    "bid": 214.87,
    "ask": 215.17,
    "spread": 0.3,
    "spread_pct": 0.139522,
    "timestamp": 1778270030.6704366
  },
  "USOIL": {
    "bid": 98.17,
    "ask": 98.21,
    "spread": 0.04,
    "spread_pct": 0.040737,
    "timestamp": 1778486700.1437695
  },
  "TSLA": {
    "bid": 426.66,
    "ask": 427.17,
    "spread": 0.51,
    "spread_pct": 0.119462,
    "timestamp": 1778486700.2845027
  },
  "AMZN": {
    "bid": 271.29,
    "ask": 271.56,
    "spread": 0.27,
    "spread_pct": 0.099475,
    "timestamp": 1778486700.1983304
  },
  "GBPUSD": {
    "bid": 1.36013,
    "ask": 1.36023,
    "spread": 0.0001,
    "spread_pct": 0.007352,
    "timestamp": 1778486700.660959
  },
  "AUDUSD": {
    "bid": 0.72422,
    "ask": 0.72433,
    "spread": 0.00011,
    "spread_pct": 0.015188,
    "timestamp": 1778486700.6083357
  },
  "TSM": {
    "bid": 404.51,
    "ask": 404.91,
    "spread": 0.4,
    "spread_pct": 0.098836,
    "timestamp": 1778486700.1281753
  },
  "MSTR": {
    "bid": 189.05,
    "ask": 189.24,
    "spread": 0.19,
    "spread_pct": 0.100452,
    "timestamp": 1778486700.1120484
  },
  "XPTUSD": {
    "bid": 2022.7,
    "ask": 2032.66,
    "spread": 9.96,
    "spread_pct": 0.491202,
    "timestamp": 1778486700.3385327
  },
  "COST": {
    "bid": 1005.11,
    "ask": 1008.8,
    "spread": 3.69,
    "spread_pct": 0.366451,
    "timestamp": 1778486700.11223
  },
  "XALUSD": {
    "bid": 3520.53,
    "ask": 3536.02,
    "spread": 15.49,
    "spread_pct": 0.439025,
    "timestamp": 1778486700.3684638
  },
  "XPDUSD": {
    "bid": 1464.46,
    "ask": 1471.94,
    "spread": 7.48,
    "spread_pct": 0.509467,
    "timestamp": 1778486699.7830803
  }
}