{
  "AAPL": {
    "bid": 292.7,
    "ask": 292.99,
    "spread": 0.29,
    "spread_pct": 0.099028,
    "timestamp": 1778539396.2313652
  },
  "COPPER": {
    "bid": 649.26,
    "ask": 649.64,
    "spread": 0.38,
    "spread_pct": 0.058511,
    "timestamp": 1778539394.1573782
  },
  "META": {
    "bid": 599.79,
    "ask": 600.39,
    "spread": 0.6,
    "spread_pct": 0.099985,
    "timestamp": 1778539396.2536404
  },
  "MSFT": {
    "bid": 412.26,
    "ask": 412.67,
    "spread": 0.41,
    "spread_pct": 0.099402,
    "timestamp": 1778539396.3288553
  },
  "ORCL": {
    "bid": 193.52,
    "ask": 193.71,
    "spread": 0.19,
    "spread_pct": 0.098133,
    "timestamp": 1778539396.2642097
  },
  "DJ30": {
    "bid": 49835.87,
    "ask": 49837.13,
    "spread": 1.26,
    "spread_pct": 0.002528,
    "timestamp": 1778539395.5924432
  },
  "TECH100": {
    "bid": 29447.29,
    "ask": 29447.75,
    "spread": 0.46,
    "spread_pct": 0.001562,
    "timestamp": 1778539394.2210872
  },
  "XAUUSD": {
    "bid": 4742.38,
    "ask": 4742.58,
    "spread": 0.2,
    "spread_pct": 0.004217,
    "timestamp": 1778539395.592357
  },
  "UK100": {
    "bid": 10243.59,
    "ask": 10244.41,
    "spread": 0.82,
    "spread_pct": 0.008005,
    "timestamp": 1778524134.958629
  },
  "UKOIL": {
    "bid": 104.38,
    "ask": 104.41,
    "spread": 0.03,
    "spread_pct": 0.028737,
    "timestamp": 1778530664.8362427
  },
  "INTEL": {
    "bid": 128.57,
    "ask": 128.71,
    "spread": 0.14,
    "spread_pct": 0.108831,
    "timestamp": 1778524135.4207752
  },
  "JPN225": {
    "bid": 62895.2,
    "ask": 62904.8,
    "spread": 9.6,
    "spread_pct": 0.015262,
    "timestamp": 1778530659.311717
  },
  "NZDUSD": {
    "bid": 0.59663,
    "ask": 0.59672,
    "spread": 9e-05,
    "spread_pct": 0.015084,
    "timestamp": 1778539396.549828
  },
  "NFLX": {
    "bid": 85.38,
    "ask": 85.6,
    "spread": 0.22,
    "spread_pct": 0.25734,
    "timestamp": 1778539396.262948
  },
  "AMD": {
    "bid": 459.37,
    "ask": 459.83,
    "spread": 0.46,
    "spread_pct": 0.100087,
    "timestamp": 1778539396.1779034
  },
  "GER30": {
    "bid": 24344.48,
    "ask": 24345.52,
    "spread": 1.04,
    "spread_pct": 0.004272,
    "timestamp": 1778524135.7186882
  },
  "XAGUSD": {
    "bid": 86.602,
    "ask": 86.707,
    "spread": 0.105,
    "spread_pct": 0.121171,
    "timestamp": 1778539394.4052072
  },
  "PLTR": {
    "bid": 136.06,
    "ask": 136.2,
    "spread": 0.14,
    "spread_pct": 0.102843,
    "timestamp": 1778539396.253505
  },
  "GOOG": {
    "bid": 392.6,
    "ask": 393.04,
    "spread": 0.44,
    "spread_pct": 0.112011,
    "timestamp": 1778524134.9171157
  },
  "NGAS": {
    "bid": 2.9174,
    "ask": 2.9296,
    "spread": 0.0122,
    "spread_pct": 0.417308,
    "timestamp": 1778539382.5695596
  },
  "SP500": {
    "bid": 7442.72,
    "ask": 7443.03,
    "spread": 0.31,
    "spread_pct": 0.004165,
    "timestamp": 1778539394.5634105
  },
  "EURUSD": {
    "bid": 1.17861,
    "ask": 1.17872,
    "spread": 0.00011,
    "spread_pct": 0.009333,
    "timestamp": 1778539396.549718
  },
  "NVIDIA": {
    "bid": 221.09,
    "ask": 221.41,
    "spread": 0.32,
    "spread_pct": 0.144633,
    "timestamp": 1778524135.7189126
  },
  "USOIL": {
    "bid": 94.827,
    "ask": 94.86,
    "spread": 0.033,
    "spread_pct": 0.034794,
    "timestamp": 1778539395.5190525
  },
  "TSLA": {
    "bid": 444.1,
    "ask": 444.63,
    "spread": 0.53,
    "spread_pct": 0.119271,
    "timestamp": 1778539396.2226117
  },
  "AMZN": {
    "bid": 269.09,
    "ask": 269.36,
    "spread": 0.27,
    "spread_pct": 0.100288,
    "timestamp": 1778539396.2741446
  },
  "GBPUSD": {
    "bid": 1.36083,
    "ask": 1.36095,
    "spread": 0.00012,
    "spread_pct": 0.008818,
    "timestamp": 1778539395.0633872
  },
  "AUDUSD": {
    "bid": 0.72506,
    "ask": 0.72517,
    "spread": 0.00011,
    "spread_pct": 0.01517,
    "timestamp": 1778539394.478227
  },
  "TSM": {
    "bid": 404.37,
    "ask": 404.77,
    "spread": 0.4,
    "spread_pct": 0.09887,
    "timestamp": 1778539396.1152956
  },
  "MSTR": {
    "bid": 194.69,
    "ask": 194.88,
    "spread": 0.19,
    "spread_pct": 0.097543,
    "timestamp": 1778539396.2958066
  },
  "XPTUSD": {
    "bid": 2139.82,
    "ask": 2149.85,
    "spread": 10.03,
    "spread_pct": 0.467635,
    "timestamp": 1778539387.7141786
  },
  "COST": {
    "bid": 998.07,
    "ask": 999.07,
    "spread": 1.0,
    "spread_pct": 0.100143,
    "timestamp": 1778539396.2318969
  },
  "XALUSD": {
    "bid": 3567.63,
    "ask": 3582.97,
    "spread": 15.34,
    "spread_pct": 0.429055,
    "timestamp": 1778517709.7608929
  },
  "XPDUSD": {
    "bid": 1513.84,
    "ask": 1521.26,
    "spread": 7.42,
    "spread_pct": 0.488946,
    "timestamp": 1778539385.6806958
  }
}