{
  "AAPL": {
    "bid": 293.54,
    "ask": 293.83,
    "spread": 0.29,
    "spread_pct": 0.098745,
    "timestamp": 1778562064.2604527
  },
  "COPPER": {
    "bid": 649.08,
    "ask": 649.48,
    "spread": 0.4,
    "spread_pct": 0.061607,
    "timestamp": 1778562064.3778005
  },
  "META": {
    "bid": 599.09,
    "ask": 599.69,
    "spread": 0.6,
    "spread_pct": 0.100102,
    "timestamp": 1778562064.1820066
  },
  "MSFT": {
    "bid": 412.56,
    "ask": 412.97,
    "spread": 0.41,
    "spread_pct": 0.09933,
    "timestamp": 1778562064.2898672
  },
  "ORCL": {
    "bid": 191.0,
    "ask": 191.19,
    "spread": 0.19,
    "spread_pct": 0.099427,
    "timestamp": 1778562064.128065
  },
  "DJ30": {
    "bid": 49770.45,
    "ask": 49771.55,
    "spread": 1.1,
    "spread_pct": 0.00221,
    "timestamp": 1778562064.444067
  },
  "TECH100": {
    "bid": 29283.76,
    "ask": 29284.18,
    "spread": 0.42,
    "spread_pct": 0.001434,
    "timestamp": 1778562064.1826043
  },
  "XAUUSD": {
    "bid": 4715.11,
    "ask": 4715.33,
    "spread": 0.22,
    "spread_pct": 0.004666,
    "timestamp": 1778562063.465141
  },
  "UK100": {
    "bid": 10208.13,
    "ask": 10208.87,
    "spread": 0.74,
    "spread_pct": 0.007249,
    "timestamp": 1778562061.3276532
  },
  "UKOIL": {
    "bid": 104.871,
    "ask": 104.909,
    "spread": 0.038,
    "spread_pct": 0.036228,
    "timestamp": 1778562064.0964408
  },
  "INTEL": {
    "bid": 128.57,
    "ask": 128.71,
    "spread": 0.14,
    "spread_pct": 0.108831,
    "timestamp": 1778524135.4207752
  },
  "JPN225": {
    "bid": 62722.5,
    "ask": 62762.5,
    "spread": 40.0,
    "spread_pct": 0.063753,
    "timestamp": 1778562064.6586878
  },
  "NZDUSD": {
    "bid": 0.59561,
    "ask": 0.59571,
    "spread": 0.0001,
    "spread_pct": 0.016788,
    "timestamp": 1778562064.8421524
  },
  "NFLX": {
    "bid": 85.65,
    "ask": 85.79,
    "spread": 0.14,
    "spread_pct": 0.163322,
    "timestamp": 1778562064.1385672
  },
  "AMD": {
    "bid": 448.47,
    "ask": 448.92,
    "spread": 0.45,
    "spread_pct": 0.100291,
    "timestamp": 1778562064.125529
  },
  "GER30": {
    "bid": 24194.84,
    "ask": 24195.96,
    "spread": 1.12,
    "spread_pct": 0.004629,
    "timestamp": 1778562061.142425
  },
  "XAGUSD": {
    "bid": 86.007,
    "ask": 86.112,
    "spread": 0.105,
    "spread_pct": 0.122009,
    "timestamp": 1778562064.1544535
  },
  "PLTR": {
    "bid": 134.9,
    "ask": 135.03,
    "spread": 0.13,
    "spread_pct": 0.096321,
    "timestamp": 1778562064.109585
  },
  "GOOG": {
    "bid": 392.6,
    "ask": 393.04,
    "spread": 0.44,
    "spread_pct": 0.112011,
    "timestamp": 1778524134.9171157
  },
  "NGAS": {
    "bid": 2.9257,
    "ask": 2.9383,
    "spread": 0.0126,
    "spread_pct": 0.429741,
    "timestamp": 1778562063.6594944
  },
  "SP500": {
    "bid": 7421.08,
    "ask": 7421.42,
    "spread": 0.34,
    "spread_pct": 0.004581,
    "timestamp": 1778562064.6585133
  },
  "EURUSD": {
    "bid": 1.1757,
    "ask": 1.17581,
    "spread": 0.00011,
    "spread_pct": 0.009356,
    "timestamp": 1778562064.4439662
  },
  "NVIDIA": {
    "bid": 221.09,
    "ask": 221.41,
    "spread": 0.32,
    "spread_pct": 0.144633,
    "timestamp": 1778524135.7189126
  },
  "USOIL": {
    "bid": 95.36,
    "ask": 95.397,
    "spread": 0.037,
    "spread_pct": 0.038793,
    "timestamp": 1778562063.9298224
  },
  "TSLA": {
    "bid": 437.35,
    "ask": 437.88,
    "spread": 0.53,
    "spread_pct": 0.121111,
    "timestamp": 1778562064.205701
  },
  "AMZN": {
    "bid": 268.0,
    "ask": 268.27,
    "spread": 0.27,
    "spread_pct": 0.100696,
    "timestamp": 1778562064.2269952
  },
  "GBPUSD": {
    "bid": 1.35848,
    "ask": 1.35856,
    "spread": 8e-05,
    "spread_pct": 0.005889,
    "timestamp": 1778562064.8422592
  },
  "AUDUSD": {
    "bid": 0.72321,
    "ask": 0.7233,
    "spread": 9e-05,
    "spread_pct": 0.012444,
    "timestamp": 1778562064.4749703
  },
  "TSM": {
    "bid": 403.01,
    "ask": 403.41,
    "spread": 0.4,
    "spread_pct": 0.099204,
    "timestamp": 1778562064.1281543
  },
  "MSTR": {
    "bid": 192.02,
    "ask": 192.21,
    "spread": 0.19,
    "spread_pct": 0.098899,
    "timestamp": 1778562064.1820745
  },
  "XPTUSD": {
    "bid": 2088.56,
    "ask": 2098.84,
    "spread": 10.28,
    "spread_pct": 0.490997,
    "timestamp": 1778562062.7223403
  },
  "COST": {
    "bid": 999.3,
    "ask": 1001.9,
    "spread": 2.6,
    "spread_pct": 0.259844,
    "timestamp": 1778562064.3402653
  },
  "XALUSD": {
    "bid": 3552.75,
    "ask": 3567.95,
    "spread": 15.2,
    "spread_pct": 0.426924,
    "timestamp": 1778562062.5684237
  },
  "XPDUSD": {
    "bid": 1494.12,
    "ask": 1501.38,
    "spread": 7.26,
    "spread_pct": 0.484727,
    "timestamp": 1778562063.7864985
  }
}