{
  "AAPL": {
    "bid": 292.13,
    "ask": 292.42,
    "spread": 0.29,
    "spread_pct": 0.099222,
    "timestamp": 1778458290.1817155
  },
  "COPPER": {
    "bid": 628.63,
    "ask": 629.03,
    "spread": 0.4,
    "spread_pct": 0.06361,
    "timestamp": 1778458288.5797906
  },
  "META": {
    "bid": 609.95,
    "ask": 610.56,
    "spread": 0.61,
    "spread_pct": 0.099958,
    "timestamp": 1778458290.1852567
  },
  "MSFT": {
    "bid": 414.55,
    "ask": 414.96,
    "spread": 0.41,
    "spread_pct": 0.098854,
    "timestamp": 1778458289.2776804
  },
  "ORCL": {
    "bid": 197.37,
    "ask": 197.57,
    "spread": 0.2,
    "spread_pct": 0.101281,
    "timestamp": 1778458290.1534119
  },
  "DJ30": {
    "bid": 49538.48,
    "ask": 49539.52,
    "spread": 1.04,
    "spread_pct": 0.002099,
    "timestamp": 1778458289.4078724
  },
  "TECH100": {
    "bid": 29366.29,
    "ask": 29371.71,
    "spread": 5.42,
    "spread_pct": 0.018455,
    "timestamp": 1778458289.5397332
  },
  "XAUUSD": {
    "bid": 4683.81,
    "ask": 4684.01,
    "spread": 0.2,
    "spread_pct": 0.00427,
    "timestamp": 1778458289.451742
  },
  "UK100": {
    "bid": 10239.14,
    "ask": 10239.86,
    "spread": 0.72,
    "spread_pct": 0.007032,
    "timestamp": 1778458289.3860881
  },
  "UKOIL": {
    "bid": 104.553,
    "ask": 104.587,
    "spread": 0.034,
    "spread_pct": 0.032514,
    "timestamp": 1778458289.616527
  },
  "INTEL": {
    "bid": 124.73,
    "ask": 124.89,
    "spread": 0.16,
    "spread_pct": 0.128195,
    "timestamp": 1778270030.4008458
  },
  "JPN225": {
    "bid": 63265.74,
    "ask": 63274.26,
    "spread": 8.52,
    "spread_pct": 0.013466,
    "timestamp": 1778458290.1722262
  },
  "NZDUSD": {
    "bid": 0.59495,
    "ask": 0.59504,
    "spread": 9e-05,
    "spread_pct": 0.015126,
    "timestamp": 1778458289.451625
  },
  "NFLX": {
    "bid": 87.49,
    "ask": 87.71,
    "spread": 0.22,
    "spread_pct": 0.251142,
    "timestamp": 1778458289.299164
  },
  "AMD": {
    "bid": 464.34,
    "ask": 464.8,
    "spread": 0.46,
    "spread_pct": 0.099016,
    "timestamp": 1778458289.1473904
  },
  "GER30": {
    "bid": 24450.95,
    "ask": 24452.05,
    "spread": 1.1,
    "spread_pct": 0.004499,
    "timestamp": 1778270029.1098595
  },
  "XAGUSD": {
    "bid": 79.902,
    "ask": 80.006,
    "spread": 0.104,
    "spread_pct": 0.130075,
    "timestamp": 1778458289.7363598
  },
  "PLTR": {
    "bid": 136.97,
    "ask": 137.11,
    "spread": 0.14,
    "spread_pct": 0.10216,
    "timestamp": 1778458289.1489336
  },
  "GOOG": {
    "bid": 401.27,
    "ask": 401.73,
    "spread": 0.46,
    "spread_pct": 0.11457,
    "timestamp": 1778270030.3699174
  },
  "NGAS": {
    "bid": 2.8016,
    "ask": 2.8144,
    "spread": 0.0128,
    "spread_pct": 0.45584,
    "timestamp": 1778458289.1604059
  },
  "SP500": {
    "bid": 7408.22,
    "ask": 7408.53,
    "spread": 0.31,
    "spread_pct": 0.004184,
    "timestamp": 1778458289.375198
  },
  "EURUSD": {
    "bid": 1.1769,
    "ask": 1.177,
    "spread": 0.0001,
    "spread_pct": 0.008497,
    "timestamp": 1778458289.4941635
  },
  "NVIDIA": {
    "bid": 214.87,
    "ask": 215.17,
    "spread": 0.3,
    "spread_pct": 0.139522,
    "timestamp": 1778270030.6704366
  },
  "USOIL": {
    "bid": 98.537,
    "ask": 98.573,
    "spread": 0.036,
    "spread_pct": 0.036528,
    "timestamp": 1778458287.639676
  },
  "TSLA": {
    "bid": 429.2,
    "ask": 429.72,
    "spread": 0.52,
    "spread_pct": 0.121082,
    "timestamp": 1778458289.1490335
  },
  "AMZN": {
    "bid": 272.28,
    "ask": 272.55,
    "spread": 0.27,
    "spread_pct": 0.099113,
    "timestamp": 1778458289.171321
  },
  "GBPUSD": {
    "bid": 1.35965,
    "ask": 1.35975,
    "spread": 0.0001,
    "spread_pct": 0.007355,
    "timestamp": 1778458288.169519
  },
  "AUDUSD": {
    "bid": 0.72349,
    "ask": 0.72359,
    "spread": 0.0001,
    "spread_pct": 0.013821,
    "timestamp": 1778458289.4518359
  },
  "TSM": {
    "bid": 408.99,
    "ask": 409.4,
    "spread": 0.41,
    "spread_pct": 0.100197,
    "timestamp": 1778458289.3766944
  },
  "MSTR": {
    "bid": 193.17,
    "ask": 193.36,
    "spread": 0.19,
    "spread_pct": 0.098311,
    "timestamp": 1778458290.1525657
  },
  "XPTUSD": {
    "bid": 2027.11,
    "ask": 2037.04,
    "spread": 9.93,
    "spread_pct": 0.488663,
    "timestamp": 1778458287.668392
  },
  "COST": {
    "bid": 1008.71,
    "ask": 1010.47,
    "spread": 1.76,
    "spread_pct": 0.174328,
    "timestamp": 1778458290.195259
  },
  "XALUSD": {
    "bid": 3494.4,
    "ask": 3509.85,
    "spread": 15.45,
    "spread_pct": 0.441161,
    "timestamp": 1778458288.0758872
  },
  "XPDUSD": {
    "bid": 1471.91,
    "ask": 1479.45,
    "spread": 7.54,
    "spread_pct": 0.510951,
    "timestamp": 1778458288.7170744
  }
}