{
  "AAPL": {
    "bid": 302.01,
    "ask": 302.31,
    "spread": 0.3,
    "spread_pct": 0.099285,
    "timestamp": 1779303866.092615
  },
  "COPPER": {
    "bid": 658.63,
    "ask": 659.03,
    "spread": 0.4,
    "spread_pct": 0.060714,
    "timestamp": 1778745929.310647
  },
  "META": {
    "bid": 605.18,
    "ask": 605.79,
    "spread": 0.61,
    "spread_pct": 0.100746,
    "timestamp": 1779303866.2974958
  },
  "MSFT": {
    "bid": 419.92,
    "ask": 420.34,
    "spread": 0.42,
    "spread_pct": 0.099969,
    "timestamp": 1779303866.1270273
  },
  "ORCL": {
    "bid": 185.38,
    "ask": 185.6,
    "spread": 0.22,
    "spread_pct": 0.118605,
    "timestamp": 1779303866.3325734
  },
  "DJ30": {
    "bid": 50067.5,
    "ask": 50068.5,
    "spread": 1.0,
    "spread_pct": 0.001997,
    "timestamp": 1779303865.1828034
  },
  "TECH100": {
    "bid": 29312.26,
    "ask": 29312.7,
    "spread": 0.44,
    "spread_pct": 0.001501,
    "timestamp": 1779303865.3141057
  },
  "XAUUSD": {
    "bid": 4543.25,
    "ask": 4543.45,
    "spread": 0.2,
    "spread_pct": 0.004402,
    "timestamp": 1779303866.1969464
  },
  "UK100": {
    "bid": 10463.05,
    "ask": 10467.05,
    "spread": 4.0,
    "spread_pct": 0.038222,
    "timestamp": 1779303865.3135343
  },
  "UKOIL": {
    "bid": 104.595,
    "ask": 104.627,
    "spread": 0.032,
    "spread_pct": 0.03059,
    "timestamp": 1779303865.7799308
  },
  "INTEL": {
    "bid": 118.43,
    "ask": 118.55,
    "spread": 0.12,
    "spread_pct": 0.101274,
    "timestamp": 1779303866.1968431
  },
  "JPN225": {
    "bid": 61449.84,
    "ask": 61457.16,
    "spread": 7.32,
    "spread_pct": 0.011911,
    "timestamp": 1779303866.3139408
  },
  "NZDUSD": {
    "bid": 0.58749,
    "ask": 0.5876,
    "spread": 0.00011,
    "spread_pct": 0.018722,
    "timestamp": 1779303860.9034638
  },
  "NFLX": {
    "bid": 88.22,
    "ask": 88.35,
    "spread": 0.13,
    "spread_pct": 0.14725,
    "timestamp": 1779303866.3020477
  },
  "AMD": {
    "bid": 445.32,
    "ask": 445.77,
    "spread": 0.45,
    "spread_pct": 0.101,
    "timestamp": 1779303866.2352793
  },
  "GER30": {
    "bid": 24804.06,
    "ask": 24805.06,
    "spread": 1.0,
    "spread_pct": 0.004032,
    "timestamp": 1779303865.3141782
  },
  "XAGUSD": {
    "bid": 76.22,
    "ask": 76.321,
    "spread": 0.101,
    "spread_pct": 0.132423,
    "timestamp": 1779303866.3138182
  },
  "PLTR": {
    "bid": 136.39,
    "ask": 136.53,
    "spread": 0.14,
    "spread_pct": 0.102594,
    "timestamp": 1779303866.297326
  },
  "GOOG": {
    "bid": 387.28,
    "ask": 387.72,
    "spread": 0.44,
    "spread_pct": 0.113548,
    "timestamp": 1779303862.4028034
  },
  "NGAS": {
    "bid": 3.0981,
    "ask": 3.1109,
    "spread": 0.0128,
    "spread_pct": 0.412305,
    "timestamp": 1779214079.4942377
  },
  "SP500": {
    "bid": 7439.54,
    "ask": 7439.86,
    "spread": 0.32,
    "spread_pct": 0.004301,
    "timestamp": 1779303865.1762018
  },
  "EURUSD": {
    "bid": 1.16313,
    "ask": 1.16322,
    "spread": 9e-05,
    "spread_pct": 0.007737,
    "timestamp": 1779303865.5082257
  },
  "NVIDIA": {
    "bid": 222.26,
    "ask": 222.59,
    "spread": 0.33,
    "spread_pct": 0.148365,
    "timestamp": 1779303864.8640544
  },
  "USOIL": {
    "bid": 97.872,
    "ask": 97.906,
    "spread": 0.034,
    "spread_pct": 0.034733,
    "timestamp": 1779303862.7832763
  },
  "TSLA": {
    "bid": 413.38,
    "ask": 413.9,
    "spread": 0.52,
    "spread_pct": 0.125713,
    "timestamp": 1779303866.314023
  },
  "AMZN": {
    "bid": 264.52,
    "ask": 264.78,
    "spread": 0.26,
    "spread_pct": 0.098243,
    "timestamp": 1779303866.322157
  },
  "GBPUSD": {
    "bid": 1.34439,
    "ask": 1.34451,
    "spread": 0.00012,
    "spread_pct": 0.008926,
    "timestamp": 1779303865.1042721
  },
  "AUDUSD": {
    "bid": 0.71591,
    "ask": 0.716,
    "spread": 9e-05,
    "spread_pct": 0.012571,
    "timestamp": 1779303865.3451629
  },
  "TSM": {
    "bid": 401.72,
    "ask": 402.12,
    "spread": 0.4,
    "spread_pct": 0.099522,
    "timestamp": 1779303866.2772746
  },
  "MSTR": {
    "bid": 166.12,
    "ask": 166.29,
    "spread": 0.17,
    "spread_pct": 0.102283,
    "timestamp": 1779303866.223949
  },
  "XPTUSD": {
    "bid": 1956.88,
    "ask": 1966.88,
    "spread": 10.0,
    "spread_pct": 0.509715,
    "timestamp": 1779303863.9794874
  },
  "COST": {
    "bid": 1077.26,
    "ask": 1078.34,
    "spread": 1.08,
    "spread_pct": 0.100204,
    "timestamp": 1779303866.3424823
  },
  "XALUSD": {
    "bid": 3626.63,
    "ask": 3641.87,
    "spread": 15.24,
    "spread_pct": 0.419344,
    "timestamp": 1779295033.2977886
  },
  "XPDUSD": {
    "bid": 1375.25,
    "ask": 1382.75,
    "spread": 7.5,
    "spread_pct": 0.543872,
    "timestamp": 1779303863.3034465
  }
}