{
  "AAPL": {
    "bid": 267.58,
    "ask": 267.76,
    "spread": 0.18,
    "spread_pct": 0.067247,
    "timestamp": 1777319198.9201097
  },
  "COPPER": {
    "bid": 608.26,
    "ask": 608.68,
    "spread": 0.42,
    "spread_pct": 0.069026,
    "timestamp": 1777322699.3738973
  },
  "META": {
    "bid": 678.83,
    "ask": 679.65,
    "spread": 0.82,
    "spread_pct": 0.120723,
    "timestamp": 1777319197.8819156
  },
  "MSFT": {
    "bid": 425.55,
    "ask": 425.71,
    "spread": 0.16,
    "spread_pct": 0.037591,
    "timestamp": 1777319198.136073
  },
  "ORCL": {
    "bid": 172.93,
    "ask": 173.11,
    "spread": 0.18,
    "spread_pct": 0.104034,
    "timestamp": 1777319198.136018
  },
  "DJ30": {
    "bid": 49343.41,
    "ask": 49344.59,
    "spread": 1.18,
    "spread_pct": 0.002391,
    "timestamp": 1777322706.538902
  },
  "TECH100": {
    "bid": 27435.04,
    "ask": 27435.46,
    "spread": 0.42,
    "spread_pct": 0.001531,
    "timestamp": 1777322709.6637526
  },
  "XAUUSD": {
    "bid": 4680.25,
    "ask": 4680.47,
    "spread": 0.22,
    "spread_pct": 0.0047,
    "timestamp": 1777322709.3001134
  },
  "UK100": {
    "bid": 10348.84,
    "ask": 10349.66,
    "spread": 0.82,
    "spread_pct": 0.007923,
    "timestamp": 1777319198.3063202
  },
  "UKOIL": {
    "bid": 101.88,
    "ask": 101.91,
    "spread": 0.03,
    "spread_pct": 0.029442,
    "timestamp": 1777322709.3570569
  },
  "INTEL": {
    "bid": 84.38,
    "ask": 84.5,
    "spread": 0.12,
    "spread_pct": 0.142113,
    "timestamp": 1777319198.1361268
  },
  "JPN225": {
    "bid": 60242.5,
    "ask": 60282.5,
    "spread": 40.0,
    "spread_pct": 0.066376,
    "timestamp": 1777322698.3867385
  },
  "NZDUSD": {
    "bid": 0.59093,
    "ask": 0.59103,
    "spread": 0.0001,
    "spread_pct": 0.016921,
    "timestamp": 1777322706.7229974
  },
  "NFLX": {
    "bid": 91.05,
    "ask": 92.13,
    "spread": 1.08,
    "spread_pct": 1.179168,
    "timestamp": 1777319198.306423
  },
  "AMD": {
    "bid": 335.56,
    "ask": 335.7,
    "spread": 0.14,
    "spread_pct": 0.041713,
    "timestamp": 1777319198.759899
  },
  "GER30": {
    "bid": 24259.47,
    "ask": 24260.53,
    "spread": 1.06,
    "spread_pct": 0.004369,
    "timestamp": 1777319197.562285
  },
  "XAGUSD": {
    "bid": 75.439,
    "ask": 75.541,
    "spread": 0.102,
    "spread_pct": 0.135117,
    "timestamp": 1777322709.300016
  },
  "PLTR": {
    "bid": 142.98,
    "ask": 143.16,
    "spread": 0.18,
    "spread_pct": 0.125813,
    "timestamp": 1777319198.0162265
  },
  "GOOG": {
    "bid": 351.42,
    "ask": 351.86,
    "spread": 0.44,
    "spread_pct": 0.125128,
    "timestamp": 1777319198.4449518
  },
  "NGAS": {
    "bid": 2.7245,
    "ask": 2.7365,
    "spread": 0.012,
    "spread_pct": 0.43948,
    "timestamp": 1777322704.822956
  },
  "SP500": {
    "bid": 7206.7,
    "ask": 7207.05,
    "spread": 0.35,
    "spread_pct": 0.004856,
    "timestamp": 1777322709.6531482
  },
  "EURUSD": {
    "bid": 1.17225,
    "ask": 1.17234,
    "spread": 9e-05,
    "spread_pct": 0.007677,
    "timestamp": 1777322709.1467052
  },
  "NVIDIA": {
    "bid": 215.79,
    "ask": 216.1,
    "spread": 0.31,
    "spread_pct": 0.143555,
    "timestamp": 1777319198.4448855
  },
  "USOIL": {
    "bid": 95.75,
    "ask": 97.62,
    "spread": 1.87,
    "spread_pct": 1.934116,
    "timestamp": 1777322708.33814
  },
  "TSLA": {
    "bid": 379.44,
    "ask": 379.96,
    "spread": 0.52,
    "spread_pct": 0.13695,
    "timestamp": 1777319198.4520955
  },
  "AMZN": {
    "bid": 260.85,
    "ask": 261.19,
    "spread": 0.34,
    "spread_pct": 0.130258,
    "timestamp": 1777319198.630619
  },
  "GBPUSD": {
    "bid": 1.35331,
    "ask": 1.3534,
    "spread": 9e-05,
    "spread_pct": 0.00665,
    "timestamp": 1777322709.5914383
  },
  "AUDUSD": {
    "bid": 0.71861,
    "ask": 0.71872,
    "spread": 0.00011,
    "spread_pct": 0.015306,
    "timestamp": 1777322708.7073493
  },
  "TSM": {
    "bid": 403.65,
    "ask": 404.1,
    "spread": 0.45,
    "spread_pct": 0.111421,
    "timestamp": 1777319198.5634277
  },
  "MSTR": {
    "bid": 169.29,
    "ask": 169.99,
    "spread": 0.7,
    "spread_pct": 0.412639,
    "timestamp": 1777319197.1318383
  },
  "XPTUSD": {
    "bid": 1983.87,
    "ask": 1994.15,
    "spread": 10.28,
    "spread_pct": 0.51684,
    "timestamp": 1777322709.8959668
  },
  "COST": {
    "bid": 999.34,
    "ask": 999.9,
    "spread": 0.56,
    "spread_pct": 0.056021,
    "timestamp": 1777319193.9235065
  },
  "XALUSD": {
    "bid": 3575.04,
    "ask": 3590.36,
    "spread": 15.32,
    "spread_pct": 0.42761,
    "timestamp": 1777308742.7481203
  },
  "XPDUSD": {
    "bid": 1472.13,
    "ask": 1479.41,
    "spread": 7.28,
    "spread_pct": 0.493302,
    "timestamp": 1777322701.832936
  }
}