{
  "AAPL": {
    "bid": 273.61,
    "ask": 273.75,
    "spread": 0.14,
    "spread_pct": 0.051155,
    "timestamp": 1776973150.2095842
  },
  "COPPER": {
    "bid": 607.2,
    "ask": 607.6,
    "spread": 0.4,
    "spread_pct": 0.065854,
    "timestamp": 1777017353.7706118
  },
  "META": {
    "bid": 659.79,
    "ask": 660.61,
    "spread": 0.82,
    "spread_pct": 0.124205,
    "timestamp": 1776973151.2760155
  },
  "MSFT": {
    "bid": 415.82,
    "ask": 415.92,
    "spread": 0.1,
    "spread_pct": 0.024046,
    "timestamp": 1776973150.818721
  },
  "ORCL": {
    "bid": 175.42,
    "ask": 175.6,
    "spread": 0.18,
    "spread_pct": 0.102558,
    "timestamp": 1776973150.209661
  },
  "DJ30": {
    "bid": 49401.46,
    "ask": 49402.54,
    "spread": 1.08,
    "spread_pct": 0.002186,
    "timestamp": 1777017353.3219273
  },
  "TECH100": {
    "bid": 27093.14,
    "ask": 27093.61,
    "spread": 0.47,
    "spread_pct": 0.001735,
    "timestamp": 1777017353.311898
  },
  "XAUUSD": {
    "bid": 4690.84,
    "ask": 4691.04,
    "spread": 0.2,
    "spread_pct": 0.004264,
    "timestamp": 1777017353.221966
  },
  "UK100": {
    "bid": 10420.0,
    "ask": 10424.0,
    "spread": 4.0,
    "spread_pct": 0.03838,
    "timestamp": 1777017353.5205975
  },
  "UKOIL": {
    "bid": 100.211,
    "ask": 100.249,
    "spread": 0.038,
    "spread_pct": 0.037913,
    "timestamp": 1777017353.3216577
  },
  "INTEL": {
    "bid": 66.1,
    "ask": 66.22,
    "spread": 0.12,
    "spread_pct": 0.181378,
    "timestamp": 1776973151.209863
  },
  "JPN225": {
    "bid": 59657.83,
    "ask": 59667.17,
    "spread": 9.34,
    "spread_pct": 0.015655,
    "timestamp": 1777017353.5206904
  },
  "NZDUSD": {
    "bid": 0.5854,
    "ask": 0.58552,
    "spread": 0.00012,
    "spread_pct": 0.020497,
    "timestamp": 1777017353.519879
  },
  "NFLX": {
    "bid": 92.56,
    "ask": 93.58,
    "spread": 1.02,
    "spread_pct": 1.095949,
    "timestamp": 1776973151.2760873
  },
  "AMD": {
    "bid": 303.35,
    "ask": 303.51,
    "spread": 0.16,
    "spread_pct": 0.05273,
    "timestamp": 1776973150.2097318
  },
  "GER30": {
    "bid": 24290.48,
    "ask": 24291.52,
    "spread": 1.04,
    "spread_pct": 0.004281,
    "timestamp": 1777017353.3213618
  },
  "XAGUSD": {
    "bid": 74.782,
    "ask": 74.885,
    "spread": 0.103,
    "spread_pct": 0.137639,
    "timestamp": 1777017353.392151
  },
  "PLTR": {
    "bid": 141.54,
    "ask": 141.68,
    "spread": 0.14,
    "spread_pct": 0.098863,
    "timestamp": 1776973150.3746104
  },
  "GOOG": {
    "bid": 339.02,
    "ask": 339.46,
    "spread": 0.44,
    "spread_pct": 0.129702,
    "timestamp": 1776973151.204068
  },
  "NGAS": {
    "bid": 2.72,
    "ask": 2.733,
    "spread": 0.013,
    "spread_pct": 0.476802,
    "timestamp": 1777017352.3083684
  },
  "SP500": {
    "bid": 7149.7,
    "ask": 7150.05,
    "spread": 0.35,
    "spread_pct": 0.004895,
    "timestamp": 1777017353.6494899
  },
  "EURUSD": {
    "bid": 1.16886,
    "ask": 1.16896,
    "spread": 0.0001,
    "spread_pct": 0.008555,
    "timestamp": 1777017353.7705083
  },
  "NVIDIA": {
    "bid": 198.84,
    "ask": 199.18,
    "spread": 0.34,
    "spread_pct": 0.170846,
    "timestamp": 1776973150.3237202
  },
  "USOIL": {
    "bid": 96.563,
    "ask": 96.597,
    "spread": 0.034,
    "spread_pct": 0.035204,
    "timestamp": 1777017353.2220407
  },
  "TSLA": {
    "bid": 372.76,
    "ask": 373.3,
    "spread": 0.54,
    "spread_pct": 0.14476,
    "timestamp": 1776973151.2041981
  },
  "AMZN": {
    "bid": 255.39,
    "ask": 255.73,
    "spread": 0.34,
    "spread_pct": 0.133041,
    "timestamp": 1776973150.8186264
  },
  "GBPUSD": {
    "bid": 1.34743,
    "ask": 1.34753,
    "spread": 0.0001,
    "spread_pct": 0.007421,
    "timestamp": 1777017353.3904114
  },
  "AUDUSD": {
    "bid": 0.71327,
    "ask": 0.71339,
    "spread": 0.00012,
    "spread_pct": 0.016823,
    "timestamp": 1777017353.1461484
  },
  "TSM": {
    "bid": 380.76,
    "ask": 381.21,
    "spread": 0.45,
    "spread_pct": 0.118115,
    "timestamp": 1776973150.2023056
  },
  "MSTR": {
    "bid": 172.76,
    "ask": 173.46,
    "spread": 0.7,
    "spread_pct": 0.404367,
    "timestamp": 1776973150.3239782
  },
  "XPTUSD": {
    "bid": 1988.18,
    "ask": 1998.12,
    "spread": 9.94,
    "spread_pct": 0.498708,
    "timestamp": 1777017353.715251
  },
  "COST": {
    "bid": 1011.84,
    "ask": 1012.46,
    "spread": 0.62,
    "spread_pct": 0.061256,
    "timestamp": 1776973143.3722465
  },
  "XALUSD": {
    "bid": 3605.25,
    "ask": 3620.7,
    "spread": 15.45,
    "spread_pct": 0.427625,
    "timestamp": 1777017346.8877835
  },
  "XPDUSD": {
    "bid": 1478.81,
    "ask": 1486.31,
    "spread": 7.5,
    "spread_pct": 0.505882,
    "timestamp": 1777017353.7151465
  }
}