{
  "AAPL": {
    "bid": 276.58,
    "ask": 276.86,
    "spread": 0.28,
    "spread_pct": 0.101185,
    "timestamp": 1777969612.1861646
  },
  "COPPER": {
    "bid": 595.15,
    "ask": 595.55,
    "spread": 0.4,
    "spread_pct": 0.067187,
    "timestamp": 1777969608.7617877
  },
  "META": {
    "bid": 613.36,
    "ask": 613.97,
    "spread": 0.61,
    "spread_pct": 0.099403,
    "timestamp": 1777969612.2759662
  },
  "MSFT": {
    "bid": 416.66,
    "ask": 417.08,
    "spread": 0.42,
    "spread_pct": 0.100751,
    "timestamp": 1777969612.1301858
  },
  "ORCL": {
    "bid": 185.29,
    "ask": 185.48,
    "spread": 0.19,
    "spread_pct": 0.102489,
    "timestamp": 1777969612.1862662
  },
  "DJ30": {
    "bid": 49219.91,
    "ask": 49221.09,
    "spread": 1.18,
    "spread_pct": 0.002397,
    "timestamp": 1777969611.7453659
  },
  "TECH100": {
    "bid": 27924.29,
    "ask": 27929.71,
    "spread": 5.42,
    "spread_pct": 0.019408,
    "timestamp": 1777969612.384045
  },
  "XAUUSD": {
    "bid": 4553.47,
    "ask": 4553.67,
    "spread": 0.2,
    "spread_pct": 0.004392,
    "timestamp": 1777969612.459993
  },
  "UK100": {
    "bid": 10290.83,
    "ask": 10291.67,
    "spread": 0.84,
    "spread_pct": 0.008162,
    "timestamp": 1777969611.1634028
  },
  "UKOIL": {
    "bid": 112.643,
    "ask": 112.677,
    "spread": 0.034,
    "spread_pct": 0.030179,
    "timestamp": 1777969612.2977476
  },
  "INTEL": {
    "bid": 96.46,
    "ask": 96.62,
    "spread": 0.16,
    "spread_pct": 0.165734,
    "timestamp": 1777920631.2741215
  },
  "JPN225": {
    "bid": 59878.41,
    "ask": 59886.59,
    "spread": 8.18,
    "spread_pct": 0.01366,
    "timestamp": 1777969609.2291367
  },
  "NZDUSD": {
    "bid": 0.58831,
    "ask": 0.58841,
    "spread": 0.0001,
    "spread_pct": 0.016996,
    "timestamp": 1777969611.4570773
  },
  "NFLX": {
    "bid": 91.35,
    "ask": 91.79,
    "spread": 0.44,
    "spread_pct": 0.480507,
    "timestamp": 1777969612.3611836
  },
  "AMD": {
    "bid": 348.06,
    "ask": 348.41,
    "spread": 0.35,
    "spread_pct": 0.100507,
    "timestamp": 1777969612.3614902
  },
  "GER30": {
    "bid": 24326.45,
    "ask": 24327.55,
    "spread": 1.1,
    "spread_pct": 0.004522,
    "timestamp": 1777969612.2987506
  },
  "XAGUSD": {
    "bid": 73.386,
    "ask": 73.489,
    "spread": 0.103,
    "spread_pct": 0.140255,
    "timestamp": 1777969612.5610707
  },
  "PLTR": {
    "bid": 142.01,
    "ask": 142.15,
    "spread": 0.14,
    "spread_pct": 0.098536,
    "timestamp": 1777969612.1891344
  },
  "GOOG": {
    "bid": 383.13,
    "ask": 383.53,
    "spread": 0.4,
    "spread_pct": 0.104349,
    "timestamp": 1777920631.1498659
  },
  "NGAS": {
    "bid": 2.8144,
    "ask": 2.8266,
    "spread": 0.0122,
    "spread_pct": 0.432547,
    "timestamp": 1777969611.2530172
  },
  "SP500": {
    "bid": 7255.2,
    "ask": 7255.55,
    "spread": 0.35,
    "spread_pct": 0.004824,
    "timestamp": 1777969612.1111572
  },
  "EURUSD": {
    "bid": 1.16953,
    "ask": 1.16963,
    "spread": 0.0001,
    "spread_pct": 0.00855,
    "timestamp": 1777969610.2949839
  },
  "NVIDIA": {
    "bid": 197.45,
    "ask": 197.79,
    "spread": 0.34,
    "spread_pct": 0.172047,
    "timestamp": 1777920630.2724364
  },
  "USOIL": {
    "bid": 103.543,
    "ask": 103.577,
    "spread": 0.034,
    "spread_pct": 0.032831,
    "timestamp": 1777969612.221219
  },
  "TSLA": {
    "bid": 393.79,
    "ask": 394.26,
    "spread": 0.47,
    "spread_pct": 0.119282,
    "timestamp": 1777969612.2212958
  },
  "AMZN": {
    "bid": 274.09,
    "ask": 274.36,
    "spread": 0.27,
    "spread_pct": 0.098459,
    "timestamp": 1777969612.220998
  },
  "GBPUSD": {
    "bid": 1.35486,
    "ask": 1.35498,
    "spread": 0.00012,
    "spread_pct": 0.008857,
    "timestamp": 1777969610.1188493
  },
  "AUDUSD": {
    "bid": 0.71629,
    "ask": 0.7164,
    "spread": 0.00011,
    "spread_pct": 0.015356,
    "timestamp": 1777969611.9533985
  },
  "TSM": {
    "bid": 402.51,
    "ask": 402.91,
    "spread": 0.4,
    "spread_pct": 0.099327,
    "timestamp": 1777969612.2978554
  },
  "MSTR": {
    "bid": 187.97,
    "ask": 188.16,
    "spread": 0.19,
    "spread_pct": 0.101029,
    "timestamp": 1777969612.3530643
  },
  "XPTUSD": {
    "bid": 1980.97,
    "ask": 1990.81,
    "spread": 9.84,
    "spread_pct": 0.495496,
    "timestamp": 1777969612.6359873
  },
  "COST": {
    "bid": 1012.78,
    "ask": 1015.03,
    "spread": 2.25,
    "spread_pct": 0.221914,
    "timestamp": 1777969612.2319288
  },
  "XALUSD": {
    "bid": 3521.68,
    "ask": 3537.12,
    "spread": 15.44,
    "spread_pct": 0.437468,
    "timestamp": 1777969608.6657135
  },
  "XPDUSD": {
    "bid": 1502.65,
    "ask": 1509.95,
    "spread": 7.3,
    "spread_pct": 0.484631,
    "timestamp": 1777969609.075316
  }
}