{
  "AAPL": {
    "bid": 294.61,
    "ask": 294.9,
    "spread": 0.29,
    "spread_pct": 0.098387,
    "timestamp": 1778627852.210752
  },
  "COPPER": {
    "bid": 662.79,
    "ask": 663.21,
    "spread": 0.42,
    "spread_pct": 0.063348,
    "timestamp": 1778627840.458853
  },
  "META": {
    "bid": 602.54,
    "ask": 603.14,
    "spread": 0.6,
    "spread_pct": 0.099529,
    "timestamp": 1778627852.2621317
  },
  "MSFT": {
    "bid": 407.63,
    "ask": 408.04,
    "spread": 0.41,
    "spread_pct": 0.100531,
    "timestamp": 1778627852.133296
  },
  "ORCL": {
    "bid": 186.95,
    "ask": 187.14,
    "spread": 0.19,
    "spread_pct": 0.10158,
    "timestamp": 1778627852.2819908
  },
  "DJ30": {
    "bid": 49858.86,
    "ask": 49860.14,
    "spread": 1.28,
    "spread_pct": 0.002567,
    "timestamp": 1778627836.7170663
  },
  "TECH100": {
    "bid": 29140.28,
    "ask": 29140.72,
    "spread": 0.44,
    "spread_pct": 0.00151,
    "timestamp": 1778627852.2395556
  },
  "XAUUSD": {
    "bid": 4718.96,
    "ask": 4719.16,
    "spread": 0.2,
    "spread_pct": 0.004238,
    "timestamp": 1778627852.3554616
  },
  "UK100": {
    "bid": 10286.58,
    "ask": 10287.42,
    "spread": 0.84,
    "spread_pct": 0.008166,
    "timestamp": 1778613498.3962438
  },
  "UKOIL": {
    "bid": 107.402,
    "ask": 107.438,
    "spread": 0.036,
    "spread_pct": 0.033513,
    "timestamp": 1778619214.680406
  },
  "INTEL": {
    "bid": 119.22,
    "ask": 119.34,
    "spread": 0.12,
    "spread_pct": 0.100604,
    "timestamp": 1778613498.5928645
  },
  "JPN225": {
    "bid": 62488.21,
    "ask": 62496.79,
    "spread": 8.58,
    "spread_pct": 0.01373,
    "timestamp": 1778619216.8631847
  },
  "NZDUSD": {
    "bid": 0.59525,
    "ask": 0.59536,
    "spread": 0.00011,
    "spread_pct": 0.018478,
    "timestamp": 1778627852.3443506
  },
  "NFLX": {
    "bid": 87.4,
    "ask": 87.53,
    "spread": 0.13,
    "spread_pct": 0.148631,
    "timestamp": 1778627852.2803805
  },
  "AMD": {
    "bid": 448.21,
    "ask": 448.66,
    "spread": 0.45,
    "spread_pct": 0.100349,
    "timestamp": 1778627852.1416996
  },
  "GER30": {
    "bid": 24107.99,
    "ask": 24109.07,
    "spread": 1.08,
    "spread_pct": 0.00448,
    "timestamp": 1778613498.7007039
  },
  "XAGUSD": {
    "bid": 86.672,
    "ask": 86.777,
    "spread": 0.105,
    "spread_pct": 0.121073,
    "timestamp": 1778627852.608447
  },
  "PLTR": {
    "bid": 136.58,
    "ask": 136.72,
    "spread": 0.14,
    "spread_pct": 0.102452,
    "timestamp": 1778627852.3330832
  },
  "GOOG": {
    "bid": 385.32,
    "ask": 385.72,
    "spread": 0.4,
    "spread_pct": 0.103756,
    "timestamp": 1778613498.329054
  },
  "NGAS": {
    "bid": 2.8208,
    "ask": 2.8332,
    "spread": 0.0124,
    "spread_pct": 0.438628,
    "timestamp": 1778623745.1289783
  },
  "SP500": {
    "bid": 7420.7,
    "ask": 7421.05,
    "spread": 0.35,
    "spread_pct": 0.004716,
    "timestamp": 1778627852.7311966
  },
  "EURUSD": {
    "bid": 1.17379,
    "ask": 1.17389,
    "spread": 0.0001,
    "spread_pct": 0.008519,
    "timestamp": 1778627852.7225554
  },
  "NVIDIA": {
    "bid": 220.74,
    "ask": 221.07,
    "spread": 0.33,
    "spread_pct": 0.149385,
    "timestamp": 1778613498.4447348
  },
  "USOIL": {
    "bid": 98.097,
    "ask": 98.133,
    "spread": 0.036,
    "spread_pct": 0.036692,
    "timestamp": 1778627845.9541447
  },
  "TSLA": {
    "bid": 432.25,
    "ask": 432.77,
    "spread": 0.52,
    "spread_pct": 0.120228,
    "timestamp": 1778627852.3332028
  },
  "AMZN": {
    "bid": 266.66,
    "ask": 266.93,
    "spread": 0.27,
    "spread_pct": 0.101201,
    "timestamp": 1778627852.3146343
  },
  "GBPUSD": {
    "bid": 1.35396,
    "ask": 1.35405,
    "spread": 9e-05,
    "spread_pct": 0.006647,
    "timestamp": 1778627851.7584057
  },
  "AUDUSD": {
    "bid": 0.72391,
    "ask": 0.72399,
    "spread": 8e-05,
    "spread_pct": 0.01105,
    "timestamp": 1778627852.239723
  },
  "TSM": {
    "bid": 395.4,
    "ask": 395.8,
    "spread": 0.4,
    "spread_pct": 0.101112,
    "timestamp": 1778627852.3553638
  },
  "MSTR": {
    "bid": 184.38,
    "ask": 184.56,
    "spread": 0.18,
    "spread_pct": 0.097577,
    "timestamp": 1778627852.3430328
  },
  "XPTUSD": {
    "bid": 2120.44,
    "ask": 2130.36,
    "spread": 9.92,
    "spread_pct": 0.466736,
    "timestamp": 1778627838.1573827
  },
  "COST": {
    "bid": 1018.6,
    "ask": 1020.83,
    "spread": 2.23,
    "spread_pct": 0.218689,
    "timestamp": 1778627852.3147497
  },
  "XALUSD": {
    "bid": 3557.03,
    "ask": 3572.27,
    "spread": 15.24,
    "spread_pct": 0.427531,
    "timestamp": 1778599401.8112879
  },
  "XPDUSD": {
    "bid": 1495.12,
    "ask": 1502.38,
    "spread": 7.26,
    "spread_pct": 0.484404,
    "timestamp": 1778627851.82455
  }
}