{
  "AAPL": {
    "bid": 300.98,
    "ask": 301.28,
    "spread": 0.3,
    "spread_pct": 0.099625,
    "timestamp": 1779317008.2434614
  },
  "COPPER": {
    "bid": 658.63,
    "ask": 659.03,
    "spread": 0.4,
    "spread_pct": 0.060714,
    "timestamp": 1778745929.310647
  },
  "META": {
    "bid": 603.26,
    "ask": 603.86,
    "spread": 0.6,
    "spread_pct": 0.09941,
    "timestamp": 1779317008.1337078
  },
  "MSFT": {
    "bid": 418.7,
    "ask": 419.12,
    "spread": 0.42,
    "spread_pct": 0.10026,
    "timestamp": 1779317008.3183026
  },
  "ORCL": {
    "bid": 186.6,
    "ask": 186.79,
    "spread": 0.19,
    "spread_pct": 0.10177,
    "timestamp": 1779317008.1861486
  },
  "DJ30": {
    "bid": 49971.58,
    "ask": 49972.82,
    "spread": 1.24,
    "spread_pct": 0.002481,
    "timestamp": 1779317006.3642297
  },
  "TECH100": {
    "bid": 29188.22,
    "ask": 29188.64,
    "spread": 0.42,
    "spread_pct": 0.001439,
    "timestamp": 1779317008.1541307
  },
  "XAUUSD": {
    "bid": 4541.49,
    "ask": 4541.69,
    "spread": 0.2,
    "spread_pct": 0.004404,
    "timestamp": 1779317008.3483932
  },
  "UK100": {
    "bid": 10463.05,
    "ask": 10467.05,
    "spread": 4.0,
    "spread_pct": 0.038222,
    "timestamp": 1779303865.3135343
  },
  "UKOIL": {
    "bid": 104.595,
    "ask": 104.627,
    "spread": 0.032,
    "spread_pct": 0.03059,
    "timestamp": 1779303865.7799308
  },
  "INTEL": {
    "bid": 118.43,
    "ask": 118.55,
    "spread": 0.12,
    "spread_pct": 0.101274,
    "timestamp": 1779303866.1968431
  },
  "JPN225": {
    "bid": 61449.84,
    "ask": 61457.16,
    "spread": 7.32,
    "spread_pct": 0.011911,
    "timestamp": 1779303866.3139408
  },
  "NZDUSD": {
    "bid": 0.58698,
    "ask": 0.58707,
    "spread": 9e-05,
    "spread_pct": 0.015332,
    "timestamp": 1779317004.3118753
  },
  "NFLX": {
    "bid": 87.72,
    "ask": 87.85,
    "spread": 0.13,
    "spread_pct": 0.148089,
    "timestamp": 1779317008.194575
  },
  "AMD": {
    "bid": 437.5,
    "ask": 437.94,
    "spread": 0.44,
    "spread_pct": 0.100521,
    "timestamp": 1779317008.2726378
  },
  "GER30": {
    "bid": 24804.06,
    "ask": 24805.06,
    "spread": 1.0,
    "spread_pct": 0.004032,
    "timestamp": 1779303865.3141782
  },
  "XAGUSD": {
    "bid": 75.604,
    "ask": 75.707,
    "spread": 0.103,
    "spread_pct": 0.136143,
    "timestamp": 1779317008.1537278
  },
  "PLTR": {
    "bid": 135.75,
    "ask": 135.89,
    "spread": 0.14,
    "spread_pct": 0.103078,
    "timestamp": 1779317008.1531234
  },
  "GOOG": {
    "bid": 387.28,
    "ask": 387.72,
    "spread": 0.44,
    "spread_pct": 0.113548,
    "timestamp": 1779303862.4028034
  },
  "NGAS": {
    "bid": 3.0981,
    "ask": 3.1109,
    "spread": 0.0128,
    "spread_pct": 0.412305,
    "timestamp": 1779214079.4942377
  },
  "SP500": {
    "bid": 7415.27,
    "ask": 7415.63,
    "spread": 0.36,
    "spread_pct": 0.004855,
    "timestamp": 1779317007.4623992
  },
  "EURUSD": {
    "bid": 1.16263,
    "ask": 1.16275,
    "spread": 0.00012,
    "spread_pct": 0.010321,
    "timestamp": 1779317008.6475651
  },
  "NVIDIA": {
    "bid": 222.26,
    "ask": 222.59,
    "spread": 0.33,
    "spread_pct": 0.148365,
    "timestamp": 1779303864.8640544
  },
  "USOIL": {
    "bid": 98.913,
    "ask": 98.949,
    "spread": 0.036,
    "spread_pct": 0.036389,
    "timestamp": 1779317008.0809584
  },
  "TSLA": {
    "bid": 414.14,
    "ask": 414.64,
    "spread": 0.5,
    "spread_pct": 0.120659,
    "timestamp": 1779317008.2157955
  },
  "AMZN": {
    "bid": 264.22,
    "ask": 264.48,
    "spread": 0.26,
    "spread_pct": 0.098354,
    "timestamp": 1779317008.1302202
  },
  "GBPUSD": {
    "bid": 1.3436,
    "ask": 1.34371,
    "spread": 0.00011,
    "spread_pct": 0.008187,
    "timestamp": 1779317008.4369178
  },
  "AUDUSD": {
    "bid": 0.71522,
    "ask": 0.71533,
    "spread": 0.00011,
    "spread_pct": 0.015379,
    "timestamp": 1779317007.3251123
  },
  "TSM": {
    "bid": 400.6,
    "ask": 401.0,
    "spread": 0.4,
    "spread_pct": 0.0998,
    "timestamp": 1779317008.2590964
  },
  "MSTR": {
    "bid": 165.34,
    "ask": 165.51,
    "spread": 0.17,
    "spread_pct": 0.102766,
    "timestamp": 1779317008.3944595
  },
  "XPTUSD": {
    "bid": 1948.04,
    "ask": 1958.16,
    "spread": 10.12,
    "spread_pct": 0.518151,
    "timestamp": 1779317007.9396956
  },
  "COST": {
    "bid": 1074.46,
    "ask": 1076.1,
    "spread": 1.64,
    "spread_pct": 0.152518,
    "timestamp": 1779317008.218719
  },
  "XALUSD": {
    "bid": 3626.63,
    "ask": 3641.87,
    "spread": 15.24,
    "spread_pct": 0.419344,
    "timestamp": 1779295033.2977886
  },
  "XPDUSD": {
    "bid": 1371.93,
    "ask": 1379.27,
    "spread": 7.34,
    "spread_pct": 0.533585,
    "timestamp": 1779317008.8771083
  }
}