{
  "AAPL": {
    "bid": 301.79,
    "ask": 302.09,
    "spread": 0.3,
    "spread_pct": 0.099357,
    "timestamp": 1779371108.1613963
  },
  "COPPER": {
    "bid": 658.63,
    "ask": 659.03,
    "spread": 0.4,
    "spread_pct": 0.060714,
    "timestamp": 1778745929.310647
  },
  "META": {
    "bid": 599.99,
    "ask": 600.59,
    "spread": 0.6,
    "spread_pct": 0.099952,
    "timestamp": 1779371108.2413874
  },
  "MSFT": {
    "bid": 420.72,
    "ask": 421.14,
    "spread": 0.42,
    "spread_pct": 0.099779,
    "timestamp": 1779371108.1664736
  },
  "ORCL": {
    "bid": 190.35,
    "ask": 190.53,
    "spread": 0.18,
    "spread_pct": 0.094518,
    "timestamp": 1779371108.5027485
  },
  "DJ30": {
    "bid": 49817.48,
    "ask": 49818.52,
    "spread": 1.04,
    "spread_pct": 0.002088,
    "timestamp": 1779371108.3700576
  },
  "TECH100": {
    "bid": 29215.62,
    "ask": 29216.02,
    "spread": 0.4,
    "spread_pct": 0.001369,
    "timestamp": 1779371108.1242669
  },
  "XAUUSD": {
    "bid": 4499.63,
    "ask": 4499.83,
    "spread": 0.2,
    "spread_pct": 0.004445,
    "timestamp": 1779371108.5026324
  },
  "UK100": {
    "bid": 10420.1,
    "ask": 10424.1,
    "spread": 4.0,
    "spread_pct": 0.03838,
    "timestamp": 1779371107.939779
  },
  "UKOIL": {
    "bid": 108.737,
    "ask": 108.769,
    "spread": 0.032,
    "spread_pct": 0.029424,
    "timestamp": 1779371108.3087099
  },
  "INTEL": {
    "bid": 115.51,
    "ask": 115.61,
    "spread": 0.1,
    "spread_pct": 0.086535,
    "timestamp": 1779371108.2304313
  },
  "JPN225": {
    "bid": 61383.93,
    "ask": 61393.07,
    "spread": 9.14,
    "spread_pct": 0.014889,
    "timestamp": 1779371107.1838226
  },
  "NZDUSD": {
    "bid": 0.58481,
    "ask": 0.58492,
    "spread": 0.00011,
    "spread_pct": 0.018808,
    "timestamp": 1779371108.5652704
  },
  "NFLX": {
    "bid": 87.11,
    "ask": 88.13,
    "spread": 1.02,
    "spread_pct": 1.164118,
    "timestamp": 1779371108.5026927
  },
  "AMD": {
    "bid": 444.24,
    "ask": 444.68,
    "spread": 0.44,
    "spread_pct": 0.098997,
    "timestamp": 1779371108.2387266
  },
  "GER30": {
    "bid": 24602.83,
    "ask": 24603.97,
    "spread": 1.14,
    "spread_pct": 0.004634,
    "timestamp": 1779371108.5025003
  },
  "XAGUSD": {
    "bid": 74.677,
    "ask": 74.78,
    "spread": 0.103,
    "spread_pct": 0.137832,
    "timestamp": 1779371108.3698862
  },
  "PLTR": {
    "bid": 137.3,
    "ask": 137.46,
    "spread": 0.16,
    "spread_pct": 0.116465,
    "timestamp": 1779371108.5654085
  },
  "GOOG": {
    "bid": 386.48,
    "ask": 386.92,
    "spread": 0.44,
    "spread_pct": 0.113783,
    "timestamp": 1779371108.502256
  },
  "NGAS": {
    "bid": 3.1829,
    "ask": 3.1957,
    "spread": 0.0128,
    "spread_pct": 0.401342,
    "timestamp": 1779371107.183883
  },
  "SP500": {
    "bid": 7412.77,
    "ask": 7413.11,
    "spread": 0.34,
    "spread_pct": 0.004587,
    "timestamp": 1779371108.2303314
  },
  "EURUSD": {
    "bid": 1.1579,
    "ask": 1.15799,
    "spread": 9e-05,
    "spread_pct": 0.007772,
    "timestamp": 1779371108.3087838
  },
  "NVIDIA": {
    "bid": 223.91,
    "ask": 224.26,
    "spread": 0.35,
    "spread_pct": 0.156191,
    "timestamp": 1779371108.3352668
  },
  "USOIL": {
    "bid": 101.28,
    "ask": 103.09,
    "spread": 1.81,
    "spread_pct": 1.771297,
    "timestamp": 1779371108.689061
  },
  "TSLA": {
    "bid": 422.58,
    "ask": 423.12,
    "spread": 0.54,
    "spread_pct": 0.127705,
    "timestamp": 1779371108.6889915
  },
  "AMZN": {
    "bid": 261.91,
    "ask": 262.17,
    "spread": 0.26,
    "spread_pct": 0.099221,
    "timestamp": 1779371108.2705836
  },
  "GBPUSD": {
    "bid": 1.33936,
    "ask": 1.33947,
    "spread": 0.00011,
    "spread_pct": 0.008213,
    "timestamp": 1779371108.123969
  },
  "AUDUSD": {
    "bid": 0.71174,
    "ask": 0.71183,
    "spread": 9e-05,
    "spread_pct": 0.012644,
    "timestamp": 1779371107.347767
  },
  "TSM": {
    "bid": 405.62,
    "ask": 406.03,
    "spread": 0.41,
    "spread_pct": 0.101029,
    "timestamp": 1779371108.1340945
  },
  "MSTR": {
    "bid": 164.1,
    "ask": 164.26,
    "spread": 0.16,
    "spread_pct": 0.097454,
    "timestamp": 1779371108.347587
  },
  "XPTUSD": {
    "bid": 1920.59,
    "ask": 1930.81,
    "spread": 10.22,
    "spread_pct": 0.530716,
    "timestamp": 1779371108.4701529
  },
  "COST": {
    "bid": 1041.26,
    "ask": 1043.29,
    "spread": 2.03,
    "spread_pct": 0.194766,
    "timestamp": 1779371108.3085954
  },
  "XALUSD": {
    "bid": 3634.93,
    "ask": 3650.37,
    "spread": 15.44,
    "spread_pct": 0.423867,
    "timestamp": 1779371105.4951339
  },
  "XPDUSD": {
    "bid": 1354.08,
    "ask": 1361.48,
    "spread": 7.4,
    "spread_pct": 0.545007,
    "timestamp": 1779371107.4516609
  }
}