{
  "AAPL": {
    "bid": 273.61,
    "ask": 273.75,
    "spread": 0.14,
    "spread_pct": 0.051155,
    "timestamp": 1776973150.2095842
  },
  "COPPER": {
    "bid": 606.76,
    "ask": 607.14,
    "spread": 0.38,
    "spread_pct": 0.062608,
    "timestamp": 1777010103.6728482
  },
  "META": {
    "bid": 659.79,
    "ask": 660.61,
    "spread": 0.82,
    "spread_pct": 0.124205,
    "timestamp": 1776973151.2760155
  },
  "MSFT": {
    "bid": 415.82,
    "ask": 415.92,
    "spread": 0.1,
    "spread_pct": 0.024046,
    "timestamp": 1776973150.818721
  },
  "ORCL": {
    "bid": 175.42,
    "ask": 175.6,
    "spread": 0.18,
    "spread_pct": 0.102558,
    "timestamp": 1776973150.209661
  },
  "DJ30": {
    "bid": 49415.99,
    "ask": 49417.01,
    "spread": 1.02,
    "spread_pct": 0.002064,
    "timestamp": 1777010103.4806335
  },
  "TECH100": {
    "bid": 27081.17,
    "ask": 27081.58,
    "spread": 0.41,
    "spread_pct": 0.001514,
    "timestamp": 1777010103.5601916
  },
  "XAUUSD": {
    "bid": 4684.5,
    "ask": 4684.68,
    "spread": 0.18,
    "spread_pct": 0.003842,
    "timestamp": 1777010103.1751125
  },
  "UK100": {
    "bid": 10400.39,
    "ask": 10401.11,
    "spread": 0.72,
    "spread_pct": 0.006923,
    "timestamp": 1777010100.11583
  },
  "UKOIL": {
    "bid": 99.129,
    "ask": 99.161,
    "spread": 0.032,
    "spread_pct": 0.032276,
    "timestamp": 1777010102.1979327
  },
  "INTEL": {
    "bid": 66.1,
    "ask": 66.22,
    "spread": 0.12,
    "spread_pct": 0.181378,
    "timestamp": 1776973151.209863
  },
  "JPN225": {
    "bid": 59746.39,
    "ask": 59753.61,
    "spread": 7.22,
    "spread_pct": 0.012084,
    "timestamp": 1777010103.6186883
  },
  "NZDUSD": {
    "bid": 0.58509,
    "ask": 0.58518,
    "spread": 9e-05,
    "spread_pct": 0.015381,
    "timestamp": 1777010103.7174456
  },
  "NFLX": {
    "bid": 92.56,
    "ask": 93.58,
    "spread": 1.02,
    "spread_pct": 1.095949,
    "timestamp": 1776973151.2760873
  },
  "AMD": {
    "bid": 303.35,
    "ask": 303.51,
    "spread": 0.16,
    "spread_pct": 0.05273,
    "timestamp": 1776973150.2097318
  },
  "GER30": {
    "bid": 24328.9,
    "ask": 24330.1,
    "spread": 1.2,
    "spread_pct": 0.004932,
    "timestamp": 1777010104.1539755
  },
  "XAGUSD": {
    "bid": 74.993,
    "ask": 75.098,
    "spread": 0.105,
    "spread_pct": 0.139915,
    "timestamp": 1777010104.2318108
  },
  "PLTR": {
    "bid": 141.54,
    "ask": 141.68,
    "spread": 0.14,
    "spread_pct": 0.098863,
    "timestamp": 1776973150.3746104
  },
  "GOOG": {
    "bid": 339.02,
    "ask": 339.46,
    "spread": 0.44,
    "spread_pct": 0.129702,
    "timestamp": 1776973151.204068
  },
  "NGAS": {
    "bid": 2.7178,
    "ask": 2.7302,
    "spread": 0.0124,
    "spread_pct": 0.455213,
    "timestamp": 1777010103.056697
  },
  "SP500": {
    "bid": 7149.72,
    "ask": 7150.03,
    "spread": 0.31,
    "spread_pct": 0.004336,
    "timestamp": 1777010104.1235535
  },
  "EURUSD": {
    "bid": 1.16817,
    "ask": 1.16828,
    "spread": 0.00011,
    "spread_pct": 0.009416,
    "timestamp": 1777010102.541569
  },
  "NVIDIA": {
    "bid": 198.84,
    "ask": 199.18,
    "spread": 0.34,
    "spread_pct": 0.170846,
    "timestamp": 1776973150.3237202
  },
  "USOIL": {
    "bid": 95.902,
    "ask": 95.938,
    "spread": 0.036,
    "spread_pct": 0.037531,
    "timestamp": 1777010102.816547
  },
  "TSLA": {
    "bid": 372.76,
    "ask": 373.3,
    "spread": 0.54,
    "spread_pct": 0.14476,
    "timestamp": 1776973151.2041981
  },
  "AMZN": {
    "bid": 255.39,
    "ask": 255.73,
    "spread": 0.34,
    "spread_pct": 0.133041,
    "timestamp": 1776973150.8186264
  },
  "GBPUSD": {
    "bid": 1.34651,
    "ask": 1.34659,
    "spread": 8e-05,
    "spread_pct": 0.005941,
    "timestamp": 1777010103.26308
  },
  "AUDUSD": {
    "bid": 0.71262,
    "ask": 0.71274,
    "spread": 0.00012,
    "spread_pct": 0.016838,
    "timestamp": 1777010103.8784351
  },
  "TSM": {
    "bid": 380.76,
    "ask": 381.21,
    "spread": 0.45,
    "spread_pct": 0.118115,
    "timestamp": 1776973150.2023056
  },
  "MSTR": {
    "bid": 172.76,
    "ask": 173.46,
    "spread": 0.7,
    "spread_pct": 0.404367,
    "timestamp": 1776973150.3239782
  },
  "XPTUSD": {
    "bid": 1992.56,
    "ask": 2002.76,
    "spread": 10.2,
    "spread_pct": 0.510597,
    "timestamp": 1777010103.3115578
  },
  "COST": {
    "bid": 1011.84,
    "ask": 1012.46,
    "spread": 0.62,
    "spread_pct": 0.061256,
    "timestamp": 1776973143.3722465
  },
  "XALUSD": {
    "bid": 3602.05,
    "ask": 3617.3,
    "spread": 15.25,
    "spread_pct": 0.422476,
    "timestamp": 1777010101.9158037
  },
  "XPDUSD": {
    "bid": 1469.96,
    "ask": 1477.46,
    "spread": 7.5,
    "spread_pct": 0.50892,
    "timestamp": 1777010103.2991414
  }
}