{
  "AAPL": {
    "bid": 281.52,
    "ask": 281.8,
    "spread": 0.28,
    "spread_pct": 0.099411,
    "timestamp": 1777634617.1624105
  },
  "COPPER": {
    "bid": 598.06,
    "ask": 598.44,
    "spread": 0.38,
    "spread_pct": 0.063519,
    "timestamp": 1777634616.553987
  },
  "META": {
    "bid": 613.48,
    "ask": 614.09,
    "spread": 0.61,
    "spread_pct": 0.099383,
    "timestamp": 1777634617.2372427
  },
  "MSFT": {
    "bid": 409.56,
    "ask": 409.97,
    "spread": 0.41,
    "spread_pct": 0.100057,
    "timestamp": 1777634617.1992223
  },
  "ORCL": {
    "bid": 163.85,
    "ask": 164.11,
    "spread": 0.26,
    "spread_pct": 0.158556,
    "timestamp": 1777634617.2349627
  },
  "DJ30": {
    "bid": 49972.45,
    "ask": 49973.55,
    "spread": 1.1,
    "spread_pct": 0.002201,
    "timestamp": 1777634617.5363026
  },
  "TECH100": {
    "bid": 27554.52,
    "ask": 27554.98,
    "spread": 0.46,
    "spread_pct": 0.001669,
    "timestamp": 1777634616.4160328
  },
  "XAUUSD": {
    "bid": 4573.15,
    "ask": 4573.35,
    "spread": 0.2,
    "spread_pct": 0.004373,
    "timestamp": 1777634617.2605445
  },
  "UK100": {
    "bid": 10322.14,
    "ask": 10322.86,
    "spread": 0.72,
    "spread_pct": 0.006975,
    "timestamp": 1777634614.0363784
  },
  "UKOIL": {
    "bid": 110.867,
    "ask": 110.903,
    "spread": 0.036,
    "spread_pct": 0.032466,
    "timestamp": 1777634617.2606382
  },
  "INTEL": {
    "bid": 92.57,
    "ask": 92.75,
    "spread": 0.18,
    "spread_pct": 0.194259,
    "timestamp": 1777575686.2138278
  },
  "JPN225": {
    "bid": 59205.39,
    "ask": 59214.61,
    "spread": 9.22,
    "spread_pct": 0.015572,
    "timestamp": 1777634611.6456752
  },
  "NZDUSD": {
    "bid": 0.58953,
    "ask": 0.58964,
    "spread": 0.00011,
    "spread_pct": 0.018657,
    "timestamp": 1777634616.5118933
  },
  "NFLX": {
    "bid": 93.49,
    "ask": 93.63,
    "spread": 0.14,
    "spread_pct": 0.149637,
    "timestamp": 1777634617.268184
  },
  "AMD": {
    "bid": 351.01,
    "ask": 351.36,
    "spread": 0.35,
    "spread_pct": 0.099663,
    "timestamp": 1777634617.2692235
  },
  "GER30": {
    "bid": 24426.99,
    "ask": 24428.01,
    "spread": 1.02,
    "spread_pct": 0.004176,
    "timestamp": 1777575685.1484106
  },
  "XAGUSD": {
    "bid": 73.517,
    "ask": 73.617,
    "spread": 0.1,
    "spread_pct": 0.135931,
    "timestamp": 1777634617.1600602
  },
  "PLTR": {
    "bid": 141.2,
    "ask": 141.34,
    "spread": 0.14,
    "spread_pct": 0.099101,
    "timestamp": 1777634617.2373507
  },
  "GOOG": {
    "bid": 381.5,
    "ask": 381.92,
    "spread": 0.42,
    "spread_pct": 0.110031,
    "timestamp": 1777575686.4626043
  },
  "NGAS": {
    "bid": 2.7744,
    "ask": 2.7866,
    "spread": 0.0122,
    "spread_pct": 0.43877,
    "timestamp": 1777634613.5664184
  },
  "SP500": {
    "bid": 7253.22,
    "ask": 7253.53,
    "spread": 0.31,
    "spread_pct": 0.004274,
    "timestamp": 1777634617.5724447
  },
  "EURUSD": {
    "bid": 1.1753,
    "ask": 1.1754,
    "spread": 0.0001,
    "spread_pct": 0.008508,
    "timestamp": 1777634617.1553156
  },
  "NVIDIA": {
    "bid": 201.78,
    "ask": 202.11,
    "spread": 0.33,
    "spread_pct": 0.163411,
    "timestamp": 1777575686.2136922
  },
  "USOIL": {
    "bid": 104.453,
    "ask": 104.488,
    "spread": 0.035,
    "spread_pct": 0.033502,
    "timestamp": 1777634617.1962802
  },
  "TSLA": {
    "bid": 381.3,
    "ask": 381.76,
    "spread": 0.46,
    "spread_pct": 0.120567,
    "timestamp": 1777634617.1574616
  },
  "AMZN": {
    "bid": 263.04,
    "ask": 263.3,
    "spread": 0.26,
    "spread_pct": 0.098795,
    "timestamp": 1777634617.1623297
  },
  "GBPUSD": {
    "bid": 1.36171,
    "ask": 1.36179,
    "spread": 8e-05,
    "spread_pct": 0.005875,
    "timestamp": 1777634616.765093
  },
  "AUDUSD": {
    "bid": 0.71979,
    "ask": 0.71987,
    "spread": 8e-05,
    "spread_pct": 0.011114,
    "timestamp": 1777634616.4474614
  },
  "TSM": {
    "bid": 394.44,
    "ask": 394.83,
    "spread": 0.39,
    "spread_pct": 0.098825,
    "timestamp": 1777634617.1066287
  },
  "MSTR": {
    "bid": 169.33,
    "ask": 169.5,
    "spread": 0.17,
    "spread_pct": 0.100345,
    "timestamp": 1777634617.2140596
  },
  "XPTUSD": {
    "bid": 1971.55,
    "ask": 1981.38,
    "spread": 9.83,
    "spread_pct": 0.497353,
    "timestamp": 1777634617.4756458
  },
  "COST": {
    "bid": 1011.9,
    "ask": 1018.28,
    "spread": 6.38,
    "spread_pct": 0.628516,
    "timestamp": 1777634617.2258492
  },
  "XALUSD": {
    "bid": 3508.8,
    "ask": 3524.05,
    "spread": 15.25,
    "spread_pct": 0.433679,
    "timestamp": 1777624500.6552138
  },
  "XPDUSD": {
    "bid": 1519.89,
    "ask": 1527.28,
    "spread": 7.39,
    "spread_pct": 0.48504,
    "timestamp": 1777634616.493388
  }
}