{
  "AAPL": {
    "bid": 272.97,
    "ask": 273.17,
    "spread": 0.2,
    "spread_pct": 0.073241,
    "timestamp": 1776963133.370796
  },
  "COPPER": {
    "bid": 614.17,
    "ask": 614.59,
    "spread": 0.42,
    "spread_pct": 0.068362,
    "timestamp": 1776963133.4889395
  },
  "META": {
    "bid": 665.28,
    "ask": 666.12,
    "spread": 0.84,
    "spread_pct": 0.126183,
    "timestamp": 1776963133.369444
  },
  "MSFT": {
    "bid": 417.17,
    "ask": 417.29,
    "spread": 0.12,
    "spread_pct": 0.028761,
    "timestamp": 1776963132.68177
  },
  "ORCL": {
    "bid": 177.97,
    "ask": 178.15,
    "spread": 0.18,
    "spread_pct": 0.10109,
    "timestamp": 1776963133.3709185
  },
  "DJ30": {
    "bid": 49578.98,
    "ask": 49580.02,
    "spread": 1.04,
    "spread_pct": 0.002098,
    "timestamp": 1776963133.4882996
  },
  "TECH100": {
    "bid": 27101.16,
    "ask": 27101.59,
    "spread": 0.43,
    "spread_pct": 0.001587,
    "timestamp": 1776963133.2503846
  },
  "XAUUSD": {
    "bid": 4736.22,
    "ask": 4736.4,
    "spread": 0.18,
    "spread_pct": 0.0038,
    "timestamp": 1776963133.119184
  },
  "UK100": {
    "bid": 10462.5,
    "ask": 10466.5,
    "spread": 4.0,
    "spread_pct": 0.038224,
    "timestamp": 1776963132.9220133
  },
  "UKOIL": {
    "bid": 97.722,
    "ask": 97.758,
    "spread": 0.036,
    "spread_pct": 0.036832,
    "timestamp": 1776963133.2508357
  },
  "INTEL": {
    "bid": 68.19,
    "ask": 68.29,
    "spread": 0.1,
    "spread_pct": 0.146542,
    "timestamp": 1776963132.50096
  },
  "JPN225": {
    "bid": 59433.06,
    "ask": 59441.94,
    "spread": 8.88,
    "spread_pct": 0.01494,
    "timestamp": 1776963132.7502341
  },
  "NZDUSD": {
    "bid": 0.58755,
    "ask": 0.58767,
    "spread": 0.00012,
    "spread_pct": 0.020422,
    "timestamp": 1776963132.8693986
  },
  "NFLX": {
    "bid": 92.09,
    "ask": 93.15,
    "spread": 1.06,
    "spread_pct": 1.144461,
    "timestamp": 1776963133.3698413
  },
  "AMD": {
    "bid": 309.71,
    "ask": 309.83,
    "spread": 0.12,
    "spread_pct": 0.038738,
    "timestamp": 1776963131.5006263
  },
  "GER30": {
    "bid": 24375.92,
    "ask": 24377.08,
    "spread": 1.16,
    "spread_pct": 0.004759,
    "timestamp": 1776963132.3503156
  },
  "XAGUSD": {
    "bid": 76.421,
    "ask": 76.523,
    "spread": 0.102,
    "spread_pct": 0.133382,
    "timestamp": 1776963133.1733975
  },
  "PLTR": {
    "bid": 142.8,
    "ask": 142.96,
    "spread": 0.16,
    "spread_pct": 0.111982,
    "timestamp": 1776963133.3710003
  },
  "GOOG": {
    "bid": 340.13,
    "ask": 340.53,
    "spread": 0.4,
    "spread_pct": 0.117533,
    "timestamp": 1776963132.5008144
  },
  "NGAS": {
    "bid": 2.7075,
    "ask": 2.7195,
    "spread": 0.012,
    "spread_pct": 0.442233,
    "timestamp": 1776963133.2509418
  },
  "SP500": {
    "bid": 7166.2,
    "ask": 7166.55,
    "spread": 0.35,
    "spread_pct": 0.004884,
    "timestamp": 1776963133.4887044
  },
  "EURUSD": {
    "bid": 1.17024,
    "ask": 1.17034,
    "spread": 0.0001,
    "spread_pct": 0.008545,
    "timestamp": 1776963132.3504822
  },
  "NVIDIA": {
    "bid": 201.6,
    "ask": 201.94,
    "spread": 0.34,
    "spread_pct": 0.168509,
    "timestamp": 1776963133.119043
  },
  "USOIL": {
    "bid": 94.146,
    "ask": 94.184,
    "spread": 0.038,
    "spread_pct": 0.040355,
    "timestamp": 1776963133.2409616
  },
  "TSLA": {
    "bid": 376.34,
    "ask": 376.86,
    "spread": 0.52,
    "spread_pct": 0.138078,
    "timestamp": 1776963132.5008907
  },
  "AMZN": {
    "bid": 256.75,
    "ask": 257.05,
    "spread": 0.3,
    "spread_pct": 0.116777,
    "timestamp": 1776963133.119387
  },
  "GBPUSD": {
    "bid": 1.34891,
    "ask": 1.34902,
    "spread": 0.00011,
    "spread_pct": 0.008154,
    "timestamp": 1776963133.1734943
  },
  "AUDUSD": {
    "bid": 0.71555,
    "ask": 0.71565,
    "spread": 0.0001,
    "spread_pct": 0.013974,
    "timestamp": 1776963133.1193097
  },
  "TSM": {
    "bid": 385.56,
    "ask": 386.03,
    "spread": 0.47,
    "spread_pct": 0.121826,
    "timestamp": 1776963132.8022168
  },
  "MSTR": {
    "bid": 179.32,
    "ask": 180.0,
    "spread": 0.68,
    "spread_pct": 0.378493,
    "timestamp": 1776963132.681983
  },
  "XPTUSD": {
    "bid": 2028.37,
    "ask": 2038.23,
    "spread": 9.86,
    "spread_pct": 0.484926,
    "timestamp": 1776963133.2507007
  },
  "COST": {
    "bid": 1012.58,
    "ask": 1013.14,
    "spread": 0.56,
    "spread_pct": 0.055289,
    "timestamp": 1776963132.061024
  },
  "XALUSD": {
    "bid": 3618.39,
    "ask": 3633.81,
    "spread": 15.42,
    "spread_pct": 0.42525,
    "timestamp": 1776963133.4884648
  },
  "XPDUSD": {
    "bid": 1487.85,
    "ask": 1495.29,
    "spread": 7.44,
    "spread_pct": 0.498803,
    "timestamp": 1776963127.1599083
  }
}