{
  "AAPL": {
    "bid": 298.32,
    "ask": 298.62,
    "spread": 0.3,
    "spread_pct": 0.100513,
    "timestamp": 1778784741.262632
  },
  "COPPER": {
    "bid": 658.63,
    "ask": 659.03,
    "spread": 0.4,
    "spread_pct": 0.060714,
    "timestamp": 1778745929.310647
  },
  "META": {
    "bid": 616.28,
    "ask": 617.12,
    "spread": 0.84,
    "spread_pct": 0.136209,
    "timestamp": 1778784741.65736
  },
  "MSFT": {
    "bid": 408.89,
    "ask": 409.3,
    "spread": 0.41,
    "spread_pct": 0.100221,
    "timestamp": 1778784741.2525792
  },
  "ORCL": {
    "bid": 196.93,
    "ask": 197.13,
    "spread": 0.2,
    "spread_pct": 0.101507,
    "timestamp": 1778784741.2953157
  },
  "DJ30": {
    "bid": 50163.23,
    "ask": 50164.43,
    "spread": 1.2,
    "spread_pct": 0.002392,
    "timestamp": 1778784740.2806573
  },
  "TECH100": {
    "bid": 29700.34,
    "ask": 29700.76,
    "spread": 0.42,
    "spread_pct": 0.001414,
    "timestamp": 1778784741.5951726
  },
  "XAUUSD": {
    "bid": 4669.43,
    "ask": 4669.63,
    "spread": 0.2,
    "spread_pct": 0.004283,
    "timestamp": 1778784741.3815835
  },
  "UK100": {
    "bid": 10392.15,
    "ask": 10392.87,
    "spread": 0.72,
    "spread_pct": 0.006928,
    "timestamp": 1778784739.8225543
  },
  "UKOIL": {
    "bid": 105.94,
    "ask": 105.974,
    "spread": 0.034,
    "spread_pct": 0.032088,
    "timestamp": 1778784740.5160015
  },
  "INTEL": {
    "bid": 116.42,
    "ask": 116.52,
    "spread": 0.1,
    "spread_pct": 0.085859,
    "timestamp": 1778784741.5946746
  },
  "JPN225": {
    "bid": 62940.9,
    "ask": 62950.6,
    "spread": 9.7,
    "spread_pct": 0.01541,
    "timestamp": 1778784741.5943975
  },
  "NZDUSD": {
    "bid": 0.59165,
    "ask": 0.59177,
    "spread": 0.00012,
    "spread_pct": 0.02028,
    "timestamp": 1778784741.6572356
  },
  "NFLX": {
    "bid": 86.75,
    "ask": 86.88,
    "spread": 0.13,
    "spread_pct": 0.149744,
    "timestamp": 1778784741.116326
  },
  "AMD": {
    "bid": 447.02,
    "ask": 447.47,
    "spread": 0.45,
    "spread_pct": 0.100616,
    "timestamp": 1778784741.3177352
  },
  "GER30": {
    "bid": 24411.98,
    "ask": 24413.24,
    "spread": 1.26,
    "spread_pct": 0.005161,
    "timestamp": 1778784741.0223985
  },
  "XAGUSD": {
    "bid": 84.362,
    "ask": 84.465,
    "spread": 0.103,
    "spread_pct": 0.122018,
    "timestamp": 1778784741.3461843
  },
  "PLTR": {
    "bid": 133.79,
    "ask": 133.92,
    "spread": 0.13,
    "spread_pct": 0.09712,
    "timestamp": 1778784741.1674194
  },
  "GOOG": {
    "bid": 399.93,
    "ask": 400.37,
    "spread": 0.44,
    "spread_pct": 0.109959,
    "timestamp": 1778784739.2200098
  },
  "NGAS": {
    "bid": 2.9078,
    "ask": 2.9204,
    "spread": 0.0126,
    "spread_pct": 0.43238,
    "timestamp": 1778784741.0221703
  },
  "SP500": {
    "bid": 7522.25,
    "ask": 7522.59,
    "spread": 0.34,
    "spread_pct": 0.00452,
    "timestamp": 1778784740.5154977
  },
  "EURUSD": {
    "bid": 1.16748,
    "ask": 1.16759,
    "spread": 0.00011,
    "spread_pct": 0.009422,
    "timestamp": 1778784740.2711172
  },
  "NVIDIA": {
    "bid": 235.8,
    "ask": 236.12,
    "spread": 0.32,
    "spread_pct": 0.135616,
    "timestamp": 1778784740.8841429
  },
  "USOIL": {
    "bid": 97.115,
    "ask": 97.149,
    "spread": 0.034,
    "spread_pct": 0.035004,
    "timestamp": 1778784741.3812578
  },
  "TSLA": {
    "bid": 445.57,
    "ask": 446.11,
    "spread": 0.54,
    "spread_pct": 0.12112,
    "timestamp": 1778784741.2730093
  },
  "AMZN": {
    "bid": 267.42,
    "ask": 267.74,
    "spread": 0.32,
    "spread_pct": 0.11959,
    "timestamp": 1778784741.457432
  },
  "GBPUSD": {
    "bid": 1.34026,
    "ask": 1.34035,
    "spread": 9e-05,
    "spread_pct": 0.006715,
    "timestamp": 1778784741.0579488
  },
  "AUDUSD": {
    "bid": 0.7223,
    "ask": 0.72241,
    "spread": 0.00011,
    "spread_pct": 0.015228,
    "timestamp": 1778784741.0795999
  },
  "TSM": {
    "bid": 418.53,
    "ask": 418.95,
    "spread": 0.42,
    "spread_pct": 0.100301,
    "timestamp": 1778784741.1682162
  },
  "MSTR": {
    "bid": 189.85,
    "ask": 190.04,
    "spread": 0.19,
    "spread_pct": 0.100029,
    "timestamp": 1778784741.3048255
  },
  "XPTUSD": {
    "bid": 2064.83,
    "ask": 2074.69,
    "spread": 9.86,
    "spread_pct": 0.476384,
    "timestamp": 1778784741.6574697
  },
  "COST": {
    "bid": 1034.84,
    "ask": 1035.91,
    "spread": 1.07,
    "spread_pct": 0.103344,
    "timestamp": 1778784741.263623
  },
  "XALUSD": {
    "bid": 3638.33,
    "ask": 3653.57,
    "spread": 15.24,
    "spread_pct": 0.417998,
    "timestamp": 1778777570.373426
  },
  "XPDUSD": {
    "bid": 1446.67,
    "ask": 1453.89,
    "spread": 7.22,
    "spread_pct": 0.497835,
    "timestamp": 1778784739.3263402
  }
}