{
  "AAPL": {
    "bid": 287.07,
    "ask": 287.36,
    "spread": 0.29,
    "spread_pct": 0.10097,
    "timestamp": 1778190081.141284
  },
  "COPPER": {
    "bid": 614.6,
    "ask": 615.0,
    "spread": 0.4,
    "spread_pct": 0.065062,
    "timestamp": 1778186515.566373
  },
  "META": {
    "bid": 615.23,
    "ask": 615.85,
    "spread": 0.62,
    "spread_pct": 0.100725,
    "timestamp": 1778190081.2699618
  },
  "MSFT": {
    "bid": 418.41,
    "ask": 418.83,
    "spread": 0.42,
    "spread_pct": 0.10033,
    "timestamp": 1778190081.332135
  },
  "ORCL": {
    "bid": 190.15,
    "ask": 190.67,
    "spread": 0.52,
    "spread_pct": 0.273095,
    "timestamp": 1778190081.3528638
  },
  "DJ30": {
    "bid": 49685.98,
    "ask": 49687.02,
    "spread": 1.04,
    "spread_pct": 0.002093,
    "timestamp": 1778186515.7692633
  },
  "TECH100": {
    "bid": 28672.42,
    "ask": 28672.83,
    "spread": 0.41,
    "spread_pct": 0.00143,
    "timestamp": 1778186516.3887827
  },
  "XAUUSD": {
    "bid": 4703.35,
    "ask": 4703.57,
    "spread": 0.22,
    "spread_pct": 0.004677,
    "timestamp": 1778186515.566581
  },
  "UK100": {
    "bid": 10232.75,
    "ask": 10236.75,
    "spread": 4.0,
    "spread_pct": 0.039083,
    "timestamp": 1778181255.228766
  },
  "UKOIL": {
    "bid": 102.538,
    "ask": 102.572,
    "spread": 0.034,
    "spread_pct": 0.033153,
    "timestamp": 1778186516.2652545
  },
  "INTEL": {
    "bid": 109.85,
    "ask": 110.01,
    "spread": 0.16,
    "spread_pct": 0.145547,
    "timestamp": 1778181256.3747072
  },
  "JPN225": {
    "bid": 62130.65,
    "ask": 62139.35,
    "spread": 8.7,
    "spread_pct": 0.014002,
    "timestamp": 1778186515.9625173
  },
  "NZDUSD": {
    "bid": 0.59399,
    "ask": 0.59408,
    "spread": 9e-05,
    "spread_pct": 0.015151,
    "timestamp": 1778190071.9205816
  },
  "NFLX": {
    "bid": 88.25,
    "ask": 88.38,
    "spread": 0.13,
    "spread_pct": 0.1472,
    "timestamp": 1778190081.17397
  },
  "AMD": {
    "bid": 406.09,
    "ask": 406.5,
    "spread": 0.41,
    "spread_pct": 0.100912,
    "timestamp": 1778190081.1740923
  },
  "GER30": {
    "bid": 24574.87,
    "ask": 24576.13,
    "spread": 1.26,
    "spread_pct": 0.005127,
    "timestamp": 1778181255.7407374
  },
  "XAGUSD": {
    "bid": 79.28,
    "ask": 79.383,
    "spread": 0.103,
    "spread_pct": 0.129835,
    "timestamp": 1778186516.4462297
  },
  "PLTR": {
    "bid": 136.03,
    "ask": 136.17,
    "spread": 0.14,
    "spread_pct": 0.102866,
    "timestamp": 1778190081.1751385
  },
  "GOOG": {
    "bid": 395.86,
    "ask": 396.26,
    "spread": 0.4,
    "spread_pct": 0.100995,
    "timestamp": 1778181255.3544738
  },
  "NGAS": {
    "bid": 2.7818,
    "ask": 2.7942,
    "spread": 0.0124,
    "spread_pct": 0.444763,
    "timestamp": 1778186515.5029228
  },
  "SP500": {
    "bid": 7360.09,
    "ask": 7360.41,
    "spread": 0.32,
    "spread_pct": 0.004348,
    "timestamp": 1778186515.4943252
  },
  "EURUSD": {
    "bid": 1.17276,
    "ask": 1.17285,
    "spread": 9e-05,
    "spread_pct": 0.007674,
    "timestamp": 1778190075.6218653
  },
  "NVIDIA": {
    "bid": 212.53,
    "ask": 212.85,
    "spread": 0.32,
    "spread_pct": 0.150454,
    "timestamp": 1778181256.3437207
  },
  "USOIL": {
    "bid": 97.129,
    "ask": 97.161,
    "spread": 0.032,
    "spread_pct": 0.03294,
    "timestamp": 1778186516.3396144
  },
  "TSLA": {
    "bid": 408.66,
    "ask": 409.15,
    "spread": 0.49,
    "spread_pct": 0.119832,
    "timestamp": 1778190081.3529644
  },
  "AMZN": {
    "bid": 270.71,
    "ask": 270.98,
    "spread": 0.27,
    "spread_pct": 0.099688,
    "timestamp": 1778190081.2697904
  },
  "GBPUSD": {
    "bid": 1.35534,
    "ask": 1.35545,
    "spread": 0.00011,
    "spread_pct": 0.008116,
    "timestamp": 1778190080.7749734
  },
  "AUDUSD": {
    "bid": 0.72044,
    "ask": 0.72053,
    "spread": 9e-05,
    "spread_pct": 0.012492,
    "timestamp": 1778190072.1636646
  },
  "TSM": {
    "bid": 413.55,
    "ask": 413.96,
    "spread": 0.41,
    "spread_pct": 0.099092,
    "timestamp": 1778190081.290417
  },
  "MSTR": {
    "bid": 178.3,
    "ask": 178.48,
    "spread": 0.18,
    "spread_pct": 0.100903,
    "timestamp": 1778190081.100488
  },
  "XPTUSD": {
    "bid": 2033.59,
    "ask": 2043.71,
    "spread": 10.12,
    "spread_pct": 0.496407,
    "timestamp": 1778186515.686598
  },
  "COST": {
    "bid": 1009.5,
    "ask": 1012.17,
    "spread": 2.67,
    "spread_pct": 0.264138,
    "timestamp": 1778190081.2698917
  },
  "XALUSD": {
    "bid": 3480.61,
    "ask": 3495.99,
    "spread": 15.38,
    "spread_pct": 0.440902,
    "timestamp": 1778174703.0287178
  },
  "XPDUSD": {
    "bid": 1490.2,
    "ask": 1497.44,
    "spread": 7.24,
    "spread_pct": 0.484663,
    "timestamp": 1778186515.6867082
  }
}