{
  "AAPL": {
    "bid": 295.69,
    "ask": 295.99,
    "spread": 0.3,
    "spread_pct": 0.101406,
    "timestamp": 1779193714.3744252
  },
  "COPPER": {
    "bid": 658.63,
    "ask": 659.03,
    "spread": 0.4,
    "spread_pct": 0.060714,
    "timestamp": 1778745929.310647
  },
  "META": {
    "bid": 609.02,
    "ask": 609.63,
    "spread": 0.61,
    "spread_pct": 0.100111,
    "timestamp": 1779193714.1281013
  },
  "MSFT": {
    "bid": 428.25,
    "ask": 428.68,
    "spread": 0.43,
    "spread_pct": 0.100358,
    "timestamp": 1779193714.2671041
  },
  "ORCL": {
    "bid": 185.6,
    "ask": 185.79,
    "spread": 0.19,
    "spread_pct": 0.102318,
    "timestamp": 1779193714.197686
  },
  "DJ30": {
    "bid": 49665.93,
    "ask": 49667.07,
    "spread": 1.14,
    "spread_pct": 0.002295,
    "timestamp": 1779193713.7785025
  },
  "TECH100": {
    "bid": 28856.04,
    "ask": 28856.5,
    "spread": 0.46,
    "spread_pct": 0.001594,
    "timestamp": 1779193714.3755074
  },
  "XAUUSD": {
    "bid": 4540.56,
    "ask": 4540.76,
    "spread": 0.2,
    "spread_pct": 0.004405,
    "timestamp": 1779193714.3760881
  },
  "UK100": {
    "bid": 10396.7,
    "ask": 10397.44,
    "spread": 0.74,
    "spread_pct": 0.007117,
    "timestamp": 1779193713.7269084
  },
  "UKOIL": {
    "bid": 110.537,
    "ask": 110.569,
    "spread": 0.032,
    "spread_pct": 0.028945,
    "timestamp": 1779193712.3746524
  },
  "INTEL": {
    "bid": 106.14,
    "ask": 106.3,
    "spread": 0.16,
    "spread_pct": 0.150631,
    "timestamp": 1779128030.307583
  },
  "JPN225": {
    "bid": 60417.32,
    "ask": 60424.68,
    "spread": 7.36,
    "spread_pct": 0.012181,
    "timestamp": 1779193713.1705883
  },
  "NZDUSD": {
    "bid": 0.58471,
    "ask": 0.58482,
    "spread": 0.00011,
    "spread_pct": 0.018811,
    "timestamp": 1779193713.4194014
  },
  "NFLX": {
    "bid": 89.94,
    "ask": 90.08,
    "spread": 0.14,
    "spread_pct": 0.155538,
    "timestamp": 1779193714.3525379
  },
  "AMD": {
    "bid": 413.16,
    "ask": 413.57,
    "spread": 0.41,
    "spread_pct": 0.099186,
    "timestamp": 1779193714.3183756
  },
  "GER30": {
    "bid": 24661.75,
    "ask": 24663.05,
    "spread": 1.3,
    "spread_pct": 0.005271,
    "timestamp": 1779193713.9886432
  },
  "XAGUSD": {
    "bid": 76.141,
    "ask": 76.244,
    "spread": 0.103,
    "spread_pct": 0.135184,
    "timestamp": 1779193713.2259223
  },
  "PLTR": {
    "bid": 134.92,
    "ask": 135.05,
    "spread": 0.13,
    "spread_pct": 0.096307,
    "timestamp": 1779193714.281409
  },
  "GOOG": {
    "bid": 399.9,
    "ask": 400.3,
    "spread": 0.4,
    "spread_pct": 0.099975,
    "timestamp": 1779128032.8518436
  },
  "NGAS": {
    "bid": 3.0503,
    "ask": 3.0627,
    "spread": 0.0124,
    "spread_pct": 0.405693,
    "timestamp": 1779193704.7771363
  },
  "SP500": {
    "bid": 7390.22,
    "ask": 7390.54,
    "spread": 0.32,
    "spread_pct": 0.00433,
    "timestamp": 1779193713.9885721
  },
  "EURUSD": {
    "bid": 1.16225,
    "ask": 1.16236,
    "spread": 0.00011,
    "spread_pct": 0.009464,
    "timestamp": 1779193714.375808
  },
  "NVIDIA": {
    "bid": 220.09,
    "ask": 220.42,
    "spread": 0.33,
    "spread_pct": 0.149826,
    "timestamp": 1779128032.1756685
  },
  "USOIL": {
    "bid": 103.487,
    "ask": 103.521,
    "spread": 0.034,
    "spread_pct": 0.032849,
    "timestamp": 1779193714.3772483
  },
  "TSLA": {
    "bid": 405.06,
    "ask": 405.55,
    "spread": 0.49,
    "spread_pct": 0.120897,
    "timestamp": 1779193714.197771
  },
  "AMZN": {
    "bid": 262.87,
    "ask": 263.13,
    "spread": 0.26,
    "spread_pct": 0.098859,
    "timestamp": 1779193714.3409944
  },
  "GBPUSD": {
    "bid": 1.3415,
    "ask": 1.34159,
    "spread": 9e-05,
    "spread_pct": 0.006709,
    "timestamp": 1779193714.4193869
  },
  "AUDUSD": {
    "bid": 0.71209,
    "ask": 0.71218,
    "spread": 9e-05,
    "spread_pct": 0.012638,
    "timestamp": 1779193714.377178
  },
  "TSM": {
    "bid": 389.66,
    "ask": 390.05,
    "spread": 0.39,
    "spread_pct": 0.100037,
    "timestamp": 1779193714.2145057
  },
  "MSTR": {
    "bid": 164.78,
    "ask": 164.94,
    "spread": 0.16,
    "spread_pct": 0.097052,
    "timestamp": 1779193714.245827
  },
  "XPTUSD": {
    "bid": 1955.75,
    "ask": 1965.67,
    "spread": 9.92,
    "spread_pct": 0.505939,
    "timestamp": 1779193714.0854251
  },
  "COST": {
    "bid": 1075.83,
    "ask": 1076.91,
    "spread": 1.08,
    "spread_pct": 0.100337,
    "timestamp": 1779193714.1172101
  },
  "XALUSD": {
    "bid": 3600.58,
    "ask": 3616.07,
    "spread": 15.49,
    "spread_pct": 0.429285,
    "timestamp": 1779193702.283541
  },
  "XPDUSD": {
    "bid": 1385.13,
    "ask": 1392.55,
    "spread": 7.42,
    "spread_pct": 0.534259,
    "timestamp": 1779193710.105579
  }
}