{
  "AAPL": {
    "bid": 267.58,
    "ask": 267.76,
    "spread": 0.18,
    "spread_pct": 0.067247,
    "timestamp": 1777319198.9201097
  },
  "COPPER": {
    "bid": 607.97,
    "ask": 608.37,
    "spread": 0.4,
    "spread_pct": 0.065771,
    "timestamp": 1777339177.4480925
  },
  "META": {
    "bid": 678.83,
    "ask": 679.65,
    "spread": 0.82,
    "spread_pct": 0.120723,
    "timestamp": 1777319197.8819156
  },
  "MSFT": {
    "bid": 425.55,
    "ask": 425.71,
    "spread": 0.16,
    "spread_pct": 0.037591,
    "timestamp": 1777319198.136073
  },
  "ORCL": {
    "bid": 172.93,
    "ask": 173.11,
    "spread": 0.18,
    "spread_pct": 0.104034,
    "timestamp": 1777319198.136018
  },
  "DJ30": {
    "bid": 49395.39,
    "ask": 49396.61,
    "spread": 1.22,
    "spread_pct": 0.00247,
    "timestamp": 1777339180.584459
  },
  "TECH100": {
    "bid": 27460.05,
    "ask": 27460.45,
    "spread": 0.4,
    "spread_pct": 0.001457,
    "timestamp": 1777339180.170951
  },
  "XAUUSD": {
    "bid": 4689.0,
    "ask": 4689.2,
    "spread": 0.2,
    "spread_pct": 0.004265,
    "timestamp": 1777339180.2358768
  },
  "UK100": {
    "bid": 10346.75,
    "ask": 10350.75,
    "spread": 4.0,
    "spread_pct": 0.038652,
    "timestamp": 1777339174.366792
  },
  "UKOIL": {
    "bid": 102.441,
    "ask": 102.479,
    "spread": 0.038,
    "spread_pct": 0.037088,
    "timestamp": 1777339173.7583153
  },
  "INTEL": {
    "bid": 84.38,
    "ask": 84.5,
    "spread": 0.12,
    "spread_pct": 0.142113,
    "timestamp": 1777319198.1361268
  },
  "JPN225": {
    "bid": 60267.5,
    "ask": 60307.5,
    "spread": 40.0,
    "spread_pct": 0.066349,
    "timestamp": 1777339180.1708386
  },
  "NZDUSD": {
    "bid": 0.59065,
    "ask": 0.59073,
    "spread": 8e-05,
    "spread_pct": 0.013543,
    "timestamp": 1777339179.8051069
  },
  "NFLX": {
    "bid": 91.05,
    "ask": 92.13,
    "spread": 1.08,
    "spread_pct": 1.179168,
    "timestamp": 1777319198.306423
  },
  "AMD": {
    "bid": 335.56,
    "ask": 335.7,
    "spread": 0.14,
    "spread_pct": 0.041713,
    "timestamp": 1777319198.759899
  },
  "GER30": {
    "bid": 24256.44,
    "ask": 24257.56,
    "spread": 1.12,
    "spread_pct": 0.004617,
    "timestamp": 1777339179.959893
  },
  "XAGUSD": {
    "bid": 75.58,
    "ask": 75.684,
    "spread": 0.104,
    "spread_pct": 0.137508,
    "timestamp": 1777339180.5018606
  },
  "PLTR": {
    "bid": 142.98,
    "ask": 143.16,
    "spread": 0.18,
    "spread_pct": 0.125813,
    "timestamp": 1777319198.0162265
  },
  "GOOG": {
    "bid": 351.42,
    "ask": 351.86,
    "spread": 0.44,
    "spread_pct": 0.125128,
    "timestamp": 1777319198.4449518
  },
  "NGAS": {
    "bid": 2.7204,
    "ask": 2.7326,
    "spread": 0.0122,
    "spread_pct": 0.44746,
    "timestamp": 1777329360.4792407
  },
  "SP500": {
    "bid": 7213.97,
    "ask": 7214.28,
    "spread": 0.31,
    "spread_pct": 0.004297,
    "timestamp": 1777339180.4341345
  },
  "EURUSD": {
    "bid": 1.17146,
    "ask": 1.17155,
    "spread": 9e-05,
    "spread_pct": 0.007682,
    "timestamp": 1777339180.1710334
  },
  "NVIDIA": {
    "bid": 215.79,
    "ask": 216.1,
    "spread": 0.31,
    "spread_pct": 0.143555,
    "timestamp": 1777319198.4448855
  },
  "USOIL": {
    "bid": 97.166,
    "ask": 97.204,
    "spread": 0.038,
    "spread_pct": 0.039101,
    "timestamp": 1777339176.5624354
  },
  "TSLA": {
    "bid": 379.44,
    "ask": 379.96,
    "spread": 0.52,
    "spread_pct": 0.13695,
    "timestamp": 1777319198.4520955
  },
  "AMZN": {
    "bid": 260.85,
    "ask": 261.19,
    "spread": 0.34,
    "spread_pct": 0.130258,
    "timestamp": 1777319198.630619
  },
  "GBPUSD": {
    "bid": 1.35261,
    "ask": 1.35269,
    "spread": 8e-05,
    "spread_pct": 0.005914,
    "timestamp": 1777339180.5020006
  },
  "AUDUSD": {
    "bid": 0.71837,
    "ask": 0.71847,
    "spread": 0.0001,
    "spread_pct": 0.013919,
    "timestamp": 1777339178.429301
  },
  "TSM": {
    "bid": 403.65,
    "ask": 404.1,
    "spread": 0.45,
    "spread_pct": 0.111421,
    "timestamp": 1777319198.5634277
  },
  "MSTR": {
    "bid": 169.29,
    "ask": 169.99,
    "spread": 0.7,
    "spread_pct": 0.412639,
    "timestamp": 1777319197.1318383
  },
  "XPTUSD": {
    "bid": 1987.57,
    "ask": 1997.5,
    "spread": 9.93,
    "spread_pct": 0.49836,
    "timestamp": 1777339178.7019508
  },
  "COST": {
    "bid": 999.34,
    "ask": 999.9,
    "spread": 0.56,
    "spread_pct": 0.056021,
    "timestamp": 1777319193.9235065
  },
  "XALUSD": {
    "bid": 3566.23,
    "ask": 3581.67,
    "spread": 15.44,
    "spread_pct": 0.432015,
    "timestamp": 1777339161.0594575
  },
  "XPDUSD": {
    "bid": 1468.51,
    "ask": 1475.87,
    "spread": 7.36,
    "spread_pct": 0.499935,
    "timestamp": 1777339179.2648997
  }
}