{
  "AAPL": {
    "bid": 289.6,
    "ask": 289.89,
    "spread": 0.29,
    "spread_pct": 0.100088,
    "timestamp": 1778238032.244437
  },
  "COPPER": {
    "bid": 628.3,
    "ask": 628.7,
    "spread": 0.4,
    "spread_pct": 0.063644,
    "timestamp": 1778238032.211879
  },
  "META": {
    "bid": 618.5,
    "ask": 619.12,
    "spread": 0.62,
    "spread_pct": 0.100192,
    "timestamp": 1778238032.2870448
  },
  "MSFT": {
    "bid": 421.44,
    "ask": 421.86,
    "spread": 0.42,
    "spread_pct": 0.099609,
    "timestamp": 1778238032.2117705
  },
  "ORCL": {
    "bid": 191.69,
    "ask": 192.09,
    "spread": 0.4,
    "spread_pct": 0.208453,
    "timestamp": 1778238032.1070693
  },
  "DJ30": {
    "bid": 49856.46,
    "ask": 49857.54,
    "spread": 1.08,
    "spread_pct": 0.002166,
    "timestamp": 1778238031.269165
  },
  "TECH100": {
    "bid": 28868.05,
    "ask": 28868.45,
    "spread": 0.4,
    "spread_pct": 0.001386,
    "timestamp": 1778238032.149104
  },
  "XAUUSD": {
    "bid": 4722.37,
    "ask": 4722.57,
    "spread": 0.2,
    "spread_pct": 0.004235,
    "timestamp": 1778238031.1413147
  },
  "UK100": {
    "bid": 10268.09,
    "ask": 10268.91,
    "spread": 0.82,
    "spread_pct": 0.007986,
    "timestamp": 1778238032.138602
  },
  "UKOIL": {
    "bid": 100.089,
    "ask": 100.121,
    "spread": 0.032,
    "spread_pct": 0.031966,
    "timestamp": 1778238031.765358
  },
  "INTEL": {
    "bid": 109.85,
    "ask": 110.01,
    "spread": 0.16,
    "spread_pct": 0.145547,
    "timestamp": 1778181256.3747072
  },
  "JPN225": {
    "bid": 62797.5,
    "ask": 62837.5,
    "spread": 40.0,
    "spread_pct": 0.063677,
    "timestamp": 1778238031.507436
  },
  "NZDUSD": {
    "bid": 0.59637,
    "ask": 0.59646,
    "spread": 9e-05,
    "spread_pct": 0.01509,
    "timestamp": 1778238030.9488833
  },
  "NFLX": {
    "bid": 88.1,
    "ask": 88.23,
    "spread": 0.13,
    "spread_pct": 0.147451,
    "timestamp": 1778238032.2128487
  },
  "AMD": {
    "bid": 414.11,
    "ask": 414.52,
    "spread": 0.41,
    "spread_pct": 0.098959,
    "timestamp": 1778238032.373241
  },
  "GER30": {
    "bid": 24555.43,
    "ask": 24556.57,
    "spread": 1.14,
    "spread_pct": 0.004642,
    "timestamp": 1778238031.1417136
  },
  "XAGUSD": {
    "bid": 80.622,
    "ask": 80.723,
    "spread": 0.101,
    "spread_pct": 0.125198,
    "timestamp": 1778238032.3321297
  },
  "PLTR": {
    "bid": 136.96,
    "ask": 137.1,
    "spread": 0.14,
    "spread_pct": 0.102167,
    "timestamp": 1778238032.29794
  },
  "GOOG": {
    "bid": 395.86,
    "ask": 396.26,
    "spread": 0.4,
    "spread_pct": 0.100995,
    "timestamp": 1778181255.3544738
  },
  "NGAS": {
    "bid": 2.8069,
    "ask": 2.8201,
    "spread": 0.0132,
    "spread_pct": 0.469167,
    "timestamp": 1778238031.269285
  },
  "SP500": {
    "bid": 7397.32,
    "ask": 7397.68,
    "spread": 0.36,
    "spread_pct": 0.004867,
    "timestamp": 1778238031.383149
  },
  "EURUSD": {
    "bid": 1.17643,
    "ask": 1.17652,
    "spread": 9e-05,
    "spread_pct": 0.00765,
    "timestamp": 1778238030.3763337
  },
  "NVIDIA": {
    "bid": 212.53,
    "ask": 212.85,
    "spread": 0.32,
    "spread_pct": 0.150454,
    "timestamp": 1778181256.3437207
  },
  "USOIL": {
    "bid": 93.77,
    "ask": 95.62,
    "spread": 1.85,
    "spread_pct": 1.953641,
    "timestamp": 1778238031.8321826
  },
  "TSLA": {
    "bid": 415.11,
    "ask": 415.61,
    "spread": 0.5,
    "spread_pct": 0.120378,
    "timestamp": 1778238032.1516714
  },
  "AMZN": {
    "bid": 271.64,
    "ask": 271.91,
    "spread": 0.27,
    "spread_pct": 0.099347,
    "timestamp": 1778238032.3323767
  },
  "GBPUSD": {
    "bid": 1.36043,
    "ask": 1.36055,
    "spread": 0.00012,
    "spread_pct": 0.00882,
    "timestamp": 1778238031.1408796
  },
  "AUDUSD": {
    "bid": 0.7237,
    "ask": 0.7238,
    "spread": 0.0001,
    "spread_pct": 0.013817,
    "timestamp": 1778238031.5097857
  },
  "TSM": {
    "bid": 414.6,
    "ask": 415.01,
    "spread": 0.41,
    "spread_pct": 0.098842,
    "timestamp": 1778238032.2333987
  },
  "MSTR": {
    "bid": 181.4,
    "ask": 181.58,
    "spread": 0.18,
    "spread_pct": 0.099179,
    "timestamp": 1778238032.2759783
  },
  "XPTUSD": {
    "bid": 2044.72,
    "ask": 2054.92,
    "spread": 10.2,
    "spread_pct": 0.497605,
    "timestamp": 1778238030.3764117
  },
  "COST": {
    "bid": 1010.12,
    "ask": 1011.45,
    "spread": 1.33,
    "spread_pct": 0.131581,
    "timestamp": 1778238032.2452502
  },
  "XALUSD": {
    "bid": 3506.33,
    "ask": 3521.62,
    "spread": 15.29,
    "spread_pct": 0.43512,
    "timestamp": 1778233823.0765233
  },
  "XPDUSD": {
    "bid": 1498.03,
    "ask": 1505.41,
    "spread": 7.38,
    "spread_pct": 0.491436,
    "timestamp": 1778238031.2071235
  }
}