{
  "AAPL": {
    "bid": 292.56,
    "ask": 292.85,
    "spread": 0.29,
    "spread_pct": 0.099076,
    "timestamp": 1778535907.187113
  },
  "COPPER": {
    "bid": 648.02,
    "ask": 648.42,
    "spread": 0.4,
    "spread_pct": 0.061707,
    "timestamp": 1778530661.210184
  },
  "META": {
    "bid": 599.83,
    "ask": 600.43,
    "spread": 0.6,
    "spread_pct": 0.099978,
    "timestamp": 1778535906.2103417
  },
  "MSFT": {
    "bid": 412.43,
    "ask": 412.84,
    "spread": 0.41,
    "spread_pct": 0.099361,
    "timestamp": 1778535906.2315269
  },
  "ORCL": {
    "bid": 193.64,
    "ask": 194.14,
    "spread": 0.5,
    "spread_pct": 0.257878,
    "timestamp": 1778535906.2102358
  },
  "DJ30": {
    "bid": 49789.45,
    "ask": 49790.55,
    "spread": 1.1,
    "spread_pct": 0.002209,
    "timestamp": 1778530664.7313383
  },
  "TECH100": {
    "bid": 29399.67,
    "ask": 29400.08,
    "spread": 0.41,
    "spread_pct": 0.001395,
    "timestamp": 1778530664.698326
  },
  "XAUUSD": {
    "bid": 4734.61,
    "ask": 4734.83,
    "spread": 0.22,
    "spread_pct": 0.004647,
    "timestamp": 1778530664.3968215
  },
  "UK100": {
    "bid": 10243.59,
    "ask": 10244.41,
    "spread": 0.82,
    "spread_pct": 0.008005,
    "timestamp": 1778524134.958629
  },
  "UKOIL": {
    "bid": 104.38,
    "ask": 104.41,
    "spread": 0.03,
    "spread_pct": 0.028737,
    "timestamp": 1778530664.8362427
  },
  "INTEL": {
    "bid": 128.57,
    "ask": 128.71,
    "spread": 0.14,
    "spread_pct": 0.108831,
    "timestamp": 1778524135.4207752
  },
  "JPN225": {
    "bid": 62895.2,
    "ask": 62904.8,
    "spread": 9.6,
    "spread_pct": 0.015262,
    "timestamp": 1778530659.311717
  },
  "NZDUSD": {
    "bid": 0.59597,
    "ask": 0.59609,
    "spread": 0.00012,
    "spread_pct": 0.020133,
    "timestamp": 1778535906.8891711
  },
  "NFLX": {
    "bid": 85.32,
    "ask": 85.54,
    "spread": 0.22,
    "spread_pct": 0.257521,
    "timestamp": 1778535907.268336
  },
  "AMD": {
    "bid": 458.76,
    "ask": 459.22,
    "spread": 0.46,
    "spread_pct": 0.10022,
    "timestamp": 1778535907.2687097
  },
  "GER30": {
    "bid": 24344.48,
    "ask": 24345.52,
    "spread": 1.04,
    "spread_pct": 0.004272,
    "timestamp": 1778524135.7186882
  },
  "XAGUSD": {
    "bid": 85.826,
    "ask": 85.931,
    "spread": 0.105,
    "spread_pct": 0.122266,
    "timestamp": 1778530664.2216122
  },
  "PLTR": {
    "bid": 136.02,
    "ask": 136.16,
    "spread": 0.14,
    "spread_pct": 0.102873,
    "timestamp": 1778535906.230835
  },
  "GOOG": {
    "bid": 392.6,
    "ask": 393.04,
    "spread": 0.44,
    "spread_pct": 0.112011,
    "timestamp": 1778524134.9171157
  },
  "NGAS": {
    "bid": 2.9199,
    "ask": 2.9331,
    "spread": 0.0132,
    "spread_pct": 0.451051,
    "timestamp": 1778530662.790436
  },
  "SP500": {
    "bid": 7434.45,
    "ask": 7434.8,
    "spread": 0.35,
    "spread_pct": 0.004708,
    "timestamp": 1778530664.6442668
  },
  "EURUSD": {
    "bid": 1.1782,
    "ask": 1.17832,
    "spread": 0.00012,
    "spread_pct": 0.010185,
    "timestamp": 1778535906.3509095
  },
  "NVIDIA": {
    "bid": 221.09,
    "ask": 221.41,
    "spread": 0.32,
    "spread_pct": 0.144633,
    "timestamp": 1778524135.7189126
  },
  "USOIL": {
    "bid": 98.103,
    "ask": 98.137,
    "spread": 0.034,
    "spread_pct": 0.034651,
    "timestamp": 1778524136.1136856
  },
  "TSLA": {
    "bid": 443.97,
    "ask": 444.5,
    "spread": 0.53,
    "spread_pct": 0.119306,
    "timestamp": 1778535907.2186685
  },
  "AMZN": {
    "bid": 268.62,
    "ask": 268.89,
    "spread": 0.27,
    "spread_pct": 0.100463,
    "timestamp": 1778535907.2681801
  },
  "GBPUSD": {
    "bid": 1.36076,
    "ask": 1.36086,
    "spread": 0.0001,
    "spread_pct": 0.007349,
    "timestamp": 1778535906.5361767
  },
  "AUDUSD": {
    "bid": 0.72468,
    "ask": 0.72477,
    "spread": 9e-05,
    "spread_pct": 0.012419,
    "timestamp": 1778535893.8605864
  },
  "TSM": {
    "bid": 403.86,
    "ask": 404.26,
    "spread": 0.4,
    "spread_pct": 0.098995,
    "timestamp": 1778535907.2215726
  },
  "MSTR": {
    "bid": 194.54,
    "ask": 194.73,
    "spread": 0.19,
    "spread_pct": 0.097619,
    "timestamp": 1778535906.209992
  },
  "XPTUSD": {
    "bid": 2127.45,
    "ask": 2137.55,
    "spread": 10.1,
    "spread_pct": 0.473623,
    "timestamp": 1778530664.6550605
  },
  "COST": {
    "bid": 997.78,
    "ask": 998.78,
    "spread": 1.0,
    "spread_pct": 0.100172,
    "timestamp": 1778535907.143358
  },
  "XALUSD": {
    "bid": 3567.63,
    "ask": 3582.97,
    "spread": 15.34,
    "spread_pct": 0.429055,
    "timestamp": 1778517709.7608929
  },
  "XPDUSD": {
    "bid": 1506.14,
    "ask": 1513.46,
    "spread": 7.32,
    "spread_pct": 0.484832,
    "timestamp": 1778530663.7943156
  }
}