{
  "AAPL": {
    "bid": 294.09,
    "ask": 294.38,
    "spread": 0.29,
    "spread_pct": 0.098561,
    "timestamp": 1778674936.0994337
  },
  "COPPER": {
    "bid": 661.7,
    "ask": 662.1,
    "spread": 0.4,
    "spread_pct": 0.060432,
    "timestamp": 1778674935.8877237
  },
  "META": {
    "bid": 599.54,
    "ask": 600.14,
    "spread": 0.6,
    "spread_pct": 0.100027,
    "timestamp": 1778674936.3132296
  },
  "MSFT": {
    "bid": 405.6,
    "ask": 406.01,
    "spread": 0.41,
    "spread_pct": 0.101034,
    "timestamp": 1778674936.2067294
  },
  "ORCL": {
    "bid": 188.87,
    "ask": 189.06,
    "spread": 0.19,
    "spread_pct": 0.100548,
    "timestamp": 1778674936.1852245
  },
  "DJ30": {
    "bid": 49698.41,
    "ask": 49699.59,
    "spread": 1.18,
    "spread_pct": 0.002374,
    "timestamp": 1778674935.7669723
  },
  "TECH100": {
    "bid": 29326.46,
    "ask": 29326.9,
    "spread": 0.44,
    "spread_pct": 0.0015,
    "timestamp": 1778674936.3262787
  },
  "XAUUSD": {
    "bid": 4688.91,
    "ask": 4689.11,
    "spread": 0.2,
    "spread_pct": 0.004265,
    "timestamp": 1778674936.4958034
  },
  "UK100": {
    "bid": 10264.25,
    "ask": 10268.25,
    "spread": 4.0,
    "spread_pct": 0.038963,
    "timestamp": 1778674935.1336453
  },
  "UKOIL": {
    "bid": 107.544,
    "ask": 107.576,
    "spread": 0.032,
    "spread_pct": 0.029751,
    "timestamp": 1778674936.2066138
  },
  "INTEL": {
    "bid": 119.22,
    "ask": 119.34,
    "spread": 0.12,
    "spread_pct": 0.100604,
    "timestamp": 1778613498.5928645
  },
  "JPN225": {
    "bid": 62935.62,
    "ask": 62944.38,
    "spread": 8.76,
    "spread_pct": 0.013918,
    "timestamp": 1778674936.4957335
  },
  "NZDUSD": {
    "bid": 0.5927,
    "ask": 0.59279,
    "spread": 9e-05,
    "spread_pct": 0.015184,
    "timestamp": 1778674935.3833358
  },
  "NFLX": {
    "bid": 86.92,
    "ask": 87.14,
    "spread": 0.22,
    "spread_pct": 0.252786,
    "timestamp": 1778674936.3016512
  },
  "AMD": {
    "bid": 457.99,
    "ask": 458.45,
    "spread": 0.46,
    "spread_pct": 0.100388,
    "timestamp": 1778674936.1850998
  },
  "GER30": {
    "bid": 24162.61,
    "ask": 24163.85,
    "spread": 1.24,
    "spread_pct": 0.005132,
    "timestamp": 1778674936.143834
  },
  "XAGUSD": {
    "bid": 86.487,
    "ask": 86.588,
    "spread": 0.101,
    "spread_pct": 0.116712,
    "timestamp": 1778674936.4956603
  },
  "PLTR": {
    "bid": 134.99,
    "ask": 135.13,
    "spread": 0.14,
    "spread_pct": 0.103658,
    "timestamp": 1778674936.2053154
  },
  "GOOG": {
    "bid": 385.32,
    "ask": 385.72,
    "spread": 0.4,
    "spread_pct": 0.103756,
    "timestamp": 1778613498.329054
  },
  "NGAS": {
    "bid": 2.8338,
    "ask": 2.8462,
    "spread": 0.0124,
    "spread_pct": 0.43662,
    "timestamp": 1778674936.326193
  },
  "SP500": {
    "bid": 7434.71,
    "ask": 7435.04,
    "spread": 0.33,
    "spread_pct": 0.004439,
    "timestamp": 1778674936.326074
  },
  "EURUSD": {
    "bid": 1.17065,
    "ask": 1.17076,
    "spread": 0.00011,
    "spread_pct": 0.009396,
    "timestamp": 1778674936.326357
  },
  "NVIDIA": {
    "bid": 220.74,
    "ask": 221.07,
    "spread": 0.33,
    "spread_pct": 0.149385,
    "timestamp": 1778613498.4447348
  },
  "USOIL": {
    "bid": 98.104,
    "ask": 98.138,
    "spread": 0.034,
    "spread_pct": 0.034651,
    "timestamp": 1778674936.4955819
  },
  "TSLA": {
    "bid": 437.73,
    "ask": 438.26,
    "spread": 0.53,
    "spread_pct": 0.121006,
    "timestamp": 1778674936.1853242
  },
  "AMZN": {
    "bid": 265.27,
    "ask": 265.54,
    "spread": 0.27,
    "spread_pct": 0.101731,
    "timestamp": 1778674936.2814991
  },
  "GBPUSD": {
    "bid": 1.34994,
    "ask": 1.35004,
    "spread": 0.0001,
    "spread_pct": 0.007407,
    "timestamp": 1778674935.319492
  },
  "AUDUSD": {
    "bid": 0.72457,
    "ask": 0.72468,
    "spread": 0.00011,
    "spread_pct": 0.01518,
    "timestamp": 1778674935.7049904
  },
  "TSM": {
    "bid": 400.66,
    "ask": 401.06,
    "spread": 0.4,
    "spread_pct": 0.099785,
    "timestamp": 1778674936.2505064
  },
  "MSTR": {
    "bid": 184.04,
    "ask": 184.22,
    "spread": 0.18,
    "spread_pct": 0.097757,
    "timestamp": 1778674936.2177336
  },
  "XPTUSD": {
    "bid": 2128.13,
    "ask": 2137.97,
    "spread": 9.84,
    "spread_pct": 0.461311,
    "timestamp": 1778674936.152691
  },
  "COST": {
    "bid": 1013.99,
    "ask": 1015.0,
    "spread": 1.01,
    "spread_pct": 0.099557,
    "timestamp": 1778674936.2494068
  },
  "XALUSD": {
    "bid": 3644.25,
    "ask": 3659.45,
    "spread": 15.2,
    "spread_pct": 0.416227,
    "timestamp": 1778674936.5587623
  },
  "XPDUSD": {
    "bid": 1489.87,
    "ask": 1497.23,
    "spread": 7.36,
    "spread_pct": 0.492786,
    "timestamp": 1778674936.1430023
  }
}