{
  "AAPL": {
    "bid": 300.71,
    "ask": 301.01,
    "spread": 0.3,
    "spread_pct": 0.099714,
    "timestamp": 1779359250.1165557
  },
  "COPPER": {
    "bid": 658.63,
    "ask": 659.03,
    "spread": 0.4,
    "spread_pct": 0.060714,
    "timestamp": 1778745929.310647
  },
  "META": {
    "bid": 602.45,
    "ask": 603.05,
    "spread": 0.6,
    "spread_pct": 0.099544,
    "timestamp": 1779359250.2146423
  },
  "MSFT": {
    "bid": 417.6,
    "ask": 418.02,
    "spread": 0.42,
    "spread_pct": 0.100524,
    "timestamp": 1779359250.151319
  },
  "ORCL": {
    "bid": 190.37,
    "ask": 190.56,
    "spread": 0.19,
    "spread_pct": 0.099756,
    "timestamp": 1779359250.2364318
  },
  "DJ30": {
    "bid": 50110.87,
    "ask": 50112.13,
    "spread": 1.26,
    "spread_pct": 0.002514,
    "timestamp": 1779359250.3291771
  },
  "TECH100": {
    "bid": 29284.99,
    "ask": 29285.45,
    "spread": 0.46,
    "spread_pct": 0.001571,
    "timestamp": 1779359250.3286343
  },
  "XAUUSD": {
    "bid": 4520.17,
    "ask": 4520.37,
    "spread": 0.2,
    "spread_pct": 0.004425,
    "timestamp": 1779359250.5012217
  },
  "UK100": {
    "bid": 10416.26,
    "ask": 10417.1,
    "spread": 0.84,
    "spread_pct": 0.008064,
    "timestamp": 1779359250.1417902
  },
  "UKOIL": {
    "bid": 105.561,
    "ask": 105.593,
    "spread": 0.032,
    "spread_pct": 0.03031,
    "timestamp": 1779359250.194268
  },
  "INTEL": {
    "bid": 118.43,
    "ask": 118.55,
    "spread": 0.12,
    "spread_pct": 0.101274,
    "timestamp": 1779303866.1968431
  },
  "JPN225": {
    "bid": 61227.89,
    "ask": 61235.23,
    "spread": 7.34,
    "spread_pct": 0.011987,
    "timestamp": 1779359250.2045722
  },
  "NZDUSD": {
    "bid": 0.58599,
    "ask": 0.58607,
    "spread": 8e-05,
    "spread_pct": 0.013651,
    "timestamp": 1779359250.7075558
  },
  "NFLX": {
    "bid": 87.82,
    "ask": 87.95,
    "spread": 0.13,
    "spread_pct": 0.147921,
    "timestamp": 1779359250.1413949
  },
  "AMD": {
    "bid": 441.34,
    "ask": 441.78,
    "spread": 0.44,
    "spread_pct": 0.099647,
    "timestamp": 1779359250.1415262
  },
  "GER30": {
    "bid": 24768.28,
    "ask": 24769.52,
    "spread": 1.24,
    "spread_pct": 0.005006,
    "timestamp": 1779359250.6944344
  },
  "XAGUSD": {
    "bid": 75.016,
    "ask": 75.119,
    "spread": 0.103,
    "spread_pct": 0.13721,
    "timestamp": 1779359250.95881
  },
  "PLTR": {
    "bid": 135.37,
    "ask": 135.51,
    "spread": 0.14,
    "spread_pct": 0.103367,
    "timestamp": 1779359250.0876002
  },
  "GOOG": {
    "bid": 387.28,
    "ask": 387.72,
    "spread": 0.44,
    "spread_pct": 0.113548,
    "timestamp": 1779303862.4028034
  },
  "NGAS": {
    "bid": 3.1623,
    "ask": 3.1753,
    "spread": 0.013,
    "spread_pct": 0.41025,
    "timestamp": 1779359250.7076917
  },
  "SP500": {
    "bid": 7433.85,
    "ask": 7434.21,
    "spread": 0.36,
    "spread_pct": 0.004843,
    "timestamp": 1779359250.7074583
  },
  "EURUSD": {
    "bid": 1.16139,
    "ask": 1.16149,
    "spread": 0.0001,
    "spread_pct": 0.00861,
    "timestamp": 1779359250.4582312
  },
  "NVIDIA": {
    "bid": 222.26,
    "ask": 222.59,
    "spread": 0.33,
    "spread_pct": 0.148365,
    "timestamp": 1779303864.8640544
  },
  "USOIL": {
    "bid": 99.083,
    "ask": 99.115,
    "spread": 0.032,
    "spread_pct": 0.032291,
    "timestamp": 1779359250.3904617
  },
  "TSLA": {
    "bid": 421.35,
    "ask": 421.86,
    "spread": 0.51,
    "spread_pct": 0.120966,
    "timestamp": 1779359250.1858966
  },
  "AMZN": {
    "bid": 265.01,
    "ask": 265.28,
    "spread": 0.27,
    "spread_pct": 0.101831,
    "timestamp": 1779359250.2255774
  },
  "GBPUSD": {
    "bid": 1.34303,
    "ask": 1.34314,
    "spread": 0.00011,
    "spread_pct": 0.00819,
    "timestamp": 1779359250.7518501
  },
  "AUDUSD": {
    "bid": 0.71276,
    "ask": 0.71285,
    "spread": 9e-05,
    "spread_pct": 0.012626,
    "timestamp": 1779359250.7076268
  },
  "TSM": {
    "bid": 401.2,
    "ask": 401.6,
    "spread": 0.4,
    "spread_pct": 0.099651,
    "timestamp": 1779359250.3288772
  },
  "MSTR": {
    "bid": 165.9,
    "ask": 166.07,
    "spread": 0.17,
    "spread_pct": 0.102419,
    "timestamp": 1779359250.1619115
  },
  "XPTUSD": {
    "bid": 1936.4,
    "ask": 1946.34,
    "spread": 9.94,
    "spread_pct": 0.51201,
    "timestamp": 1779359250.7624135
  },
  "COST": {
    "bid": 1070.11,
    "ask": 1073.94,
    "spread": 3.83,
    "spread_pct": 0.357268,
    "timestamp": 1779359250.141706
  },
  "XALUSD": {
    "bid": 3648.5,
    "ask": 3663.85,
    "spread": 15.35,
    "spread_pct": 0.419838,
    "timestamp": 1779359250.3292687
  },
  "XPDUSD": {
    "bid": 1357.83,
    "ask": 1365.17,
    "spread": 7.34,
    "spread_pct": 0.539111,
    "timestamp": 1779359250.076233
  }
}