{
  "AAPL": {
    "bid": 298.14,
    "ask": 298.44,
    "spread": 0.3,
    "spread_pct": 0.100573,
    "timestamp": 1778745929.2885273
  },
  "COPPER": {
    "bid": 658.63,
    "ask": 659.03,
    "spread": 0.4,
    "spread_pct": 0.060714,
    "timestamp": 1778745929.310647
  },
  "META": {
    "bid": 614.9,
    "ask": 615.52,
    "spread": 0.62,
    "spread_pct": 0.100779,
    "timestamp": 1778745929.2886448
  },
  "MSFT": {
    "bid": 403.81,
    "ask": 404.21,
    "spread": 0.4,
    "spread_pct": 0.099007,
    "timestamp": 1778745929.1177087
  },
  "ORCL": {
    "bid": 189.75,
    "ask": 190.01,
    "spread": 0.26,
    "spread_pct": 0.136929,
    "timestamp": 1778745929.2668867
  },
  "DJ30": {
    "bid": 49939.38,
    "ask": 49940.62,
    "spread": 1.24,
    "spread_pct": 0.002483,
    "timestamp": 1778745929.3199842
  },
  "TECH100": {
    "bid": 29549.99,
    "ask": 29550.47,
    "spread": 0.48,
    "spread_pct": 0.001624,
    "timestamp": 1778745929.5809872
  },
  "XAUUSD": {
    "bid": 4697.42,
    "ask": 4697.62,
    "spread": 0.2,
    "spread_pct": 0.004258,
    "timestamp": 1778745929.3116057
  },
  "UK100": {
    "bid": 10331.5,
    "ask": 10335.5,
    "spread": 4.0,
    "spread_pct": 0.038709,
    "timestamp": 1778745928.5458117
  },
  "UKOIL": {
    "bid": 106.651,
    "ask": 106.689,
    "spread": 0.038,
    "spread_pct": 0.035624,
    "timestamp": 1778745928.2738826
  },
  "INTEL": {
    "bid": 121.1,
    "ask": 121.24,
    "spread": 0.14,
    "spread_pct": 0.11554,
    "timestamp": 1778700391.9036784
  },
  "JPN225": {
    "bid": 62553.73,
    "ask": 62561.27,
    "spread": 7.54,
    "spread_pct": 0.012053,
    "timestamp": 1778745929.5278482
  },
  "NZDUSD": {
    "bid": 0.59302,
    "ask": 0.59312,
    "spread": 0.0001,
    "spread_pct": 0.016861,
    "timestamp": 1778745929.527669
  },
  "NFLX": {
    "bid": 87.68,
    "ask": 87.81,
    "spread": 0.13,
    "spread_pct": 0.148157,
    "timestamp": 1778745929.1812882
  },
  "AMD": {
    "bid": 442.28,
    "ask": 442.72,
    "spread": 0.44,
    "spread_pct": 0.099435,
    "timestamp": 1778745929.370934
  },
  "GER30": {
    "bid": 24372.61,
    "ask": 24373.85,
    "spread": 1.24,
    "spread_pct": 0.005088,
    "timestamp": 1778745929.740505
  },
  "XAGUSD": {
    "bid": 87.003,
    "ask": 87.104,
    "spread": 0.101,
    "spread_pct": 0.116021,
    "timestamp": 1778745929.4339437
  },
  "PLTR": {
    "bid": 129.79,
    "ask": 129.92,
    "spread": 0.13,
    "spread_pct": 0.100112,
    "timestamp": 1778745929.2678971
  },
  "GOOG": {
    "bid": 402.22,
    "ask": 402.62,
    "spread": 0.4,
    "spread_pct": 0.099399,
    "timestamp": 1778700392.2463646
  },
  "NGAS": {
    "bid": 2.8835,
    "ask": 2.8965,
    "spread": 0.013,
    "spread_pct": 0.449827,
    "timestamp": 1778745927.3745713
  },
  "SP500": {
    "bid": 7477.97,
    "ask": 7478.28,
    "spread": 0.31,
    "spread_pct": 0.004145,
    "timestamp": 1778745929.6350045
  },
  "EURUSD": {
    "bid": 1.17061,
    "ask": 1.17073,
    "spread": 0.00012,
    "spread_pct": 0.010251,
    "timestamp": 1778745928.622431
  },
  "NVIDIA": {
    "bid": 226.33,
    "ask": 226.63,
    "spread": 0.3,
    "spread_pct": 0.132462,
    "timestamp": 1778700392.3255315
  },
  "USOIL": {
    "bid": 97.644,
    "ask": 97.681,
    "spread": 0.037,
    "spread_pct": 0.037886,
    "timestamp": 1778745928.6563194
  },
  "TSLA": {
    "bid": 447.44,
    "ask": 447.98,
    "spread": 0.54,
    "spread_pct": 0.120614,
    "timestamp": 1778745929.361429
  },
  "AMZN": {
    "bid": 269.36,
    "ask": 269.63,
    "spread": 0.27,
    "spread_pct": 0.100187,
    "timestamp": 1778745929.1811862
  },
  "GBPUSD": {
    "bid": 1.35054,
    "ask": 1.35063,
    "spread": 9e-05,
    "spread_pct": 0.006664,
    "timestamp": 1778745929.2791514
  },
  "AUDUSD": {
    "bid": 0.7244,
    "ask": 0.72448,
    "spread": 8e-05,
    "spread_pct": 0.011043,
    "timestamp": 1778745929.6361938
  },
  "TSM": {
    "bid": 404.91,
    "ask": 405.32,
    "spread": 0.41,
    "spread_pct": 0.101206,
    "timestamp": 1778745929.2367208
  },
  "MSTR": {
    "bid": 178.65,
    "ask": 178.83,
    "spread": 0.18,
    "spread_pct": 0.100705,
    "timestamp": 1778745929.3099878
  },
  "XPTUSD": {
    "bid": 2123.1,
    "ask": 2133.3,
    "spread": 10.2,
    "spread_pct": 0.479278,
    "timestamp": 1778745927.621388
  },
  "COST": {
    "bid": 1027.36,
    "ask": 1029.18,
    "spread": 1.82,
    "spread_pct": 0.176996,
    "timestamp": 1778745929.2187448
  },
  "XALUSD": {
    "bid": 3643.5,
    "ask": 3658.85,
    "spread": 15.35,
    "spread_pct": 0.420413,
    "timestamp": 1778745922.2275262
  },
  "XPDUSD": {
    "bid": 1495.03,
    "ask": 1502.44,
    "spread": 7.41,
    "spread_pct": 0.494417,
    "timestamp": 1778745926.2263386
  }
}