{
  "AAPL": {
    "bid": 270.04,
    "ask": 270.22,
    "spread": 0.18,
    "spread_pct": 0.066635,
    "timestamp": 1777059403.1095536
  },
  "COPPER": {
    "bid": 607.09,
    "ask": 607.47,
    "spread": 0.38,
    "spread_pct": 0.062574,
    "timestamp": 1777246535.1970127
  },
  "META": {
    "bid": 676.18,
    "ask": 677.0,
    "spread": 0.82,
    "spread_pct": 0.121196,
    "timestamp": 1777059400.6640484
  },
  "MSFT": {
    "bid": 423.33,
    "ask": 423.49,
    "spread": 0.16,
    "spread_pct": 0.037788,
    "timestamp": 1777059402.2954955
  },
  "ORCL": {
    "bid": 173.44,
    "ask": 173.6,
    "spread": 0.16,
    "spread_pct": 0.092208,
    "timestamp": 1777059402.2959394
  },
  "DJ30": {
    "bid": 49263.47,
    "ask": 49264.53,
    "spread": 1.06,
    "spread_pct": 0.002152,
    "timestamp": 1777246548.5804236
  },
  "TECH100": {
    "bid": 27377.78,
    "ask": 27378.22,
    "spread": 0.44,
    "spread_pct": 0.001607,
    "timestamp": 1777246548.6454256
  },
  "XAUUSD": {
    "bid": 4679.56,
    "ask": 4679.76,
    "spread": 0.2,
    "spread_pct": 0.004274,
    "timestamp": 1777246548.235369
  },
  "UK100": {
    "bid": 10389.61,
    "ask": 10390.39,
    "spread": 0.78,
    "spread_pct": 0.007507,
    "timestamp": 1777059402.9202387
  },
  "UKOIL": {
    "bid": 101.307,
    "ask": 101.343,
    "spread": 0.036,
    "spread_pct": 0.035529,
    "timestamp": 1777246530.1461697
  },
  "INTEL": {
    "bid": 80.89,
    "ask": 81.03,
    "spread": 0.14,
    "spread_pct": 0.172925,
    "timestamp": 1777059403.1093316
  },
  "JPN225": {
    "bid": 59923.41,
    "ask": 59931.59,
    "spread": 8.18,
    "spread_pct": 0.01365,
    "timestamp": 1777246541.18694
  },
  "NZDUSD": {
    "bid": 0.58696,
    "ask": 0.58705,
    "spread": 9e-05,
    "spread_pct": 0.015332,
    "timestamp": 1777246548.0955443
  },
  "NFLX": {
    "bid": 91.9,
    "ask": 92.94,
    "spread": 1.04,
    "spread_pct": 1.125298,
    "timestamp": 1777059402.984387
  },
  "AMD": {
    "bid": 345.64,
    "ask": 345.84,
    "spread": 0.2,
    "spread_pct": 0.057847,
    "timestamp": 1777059403.1096587
  },
  "GER30": {
    "bid": 24359.89,
    "ask": 24361.11,
    "spread": 1.22,
    "spread_pct": 0.005008,
    "timestamp": 1777059402.4746032
  },
  "XAGUSD": {
    "bid": 74.849,
    "ask": 74.954,
    "spread": 0.105,
    "spread_pct": 0.140184,
    "timestamp": 1777246548.3505244
  },
  "PLTR": {
    "bid": 142.59,
    "ask": 142.73,
    "spread": 0.14,
    "spread_pct": 0.098135,
    "timestamp": 1777059403.1097336
  },
  "GOOG": {
    "bid": 344.29,
    "ask": 344.71,
    "spread": 0.42,
    "spread_pct": 0.121916,
    "timestamp": 1777059402.4018574
  },
  "NGAS": {
    "bid": 2.6888,
    "ask": 2.7012,
    "spread": 0.0124,
    "spread_pct": 0.460111,
    "timestamp": 1777244135.8843641
  },
  "SP500": {
    "bid": 7176.95,
    "ask": 7177.3,
    "spread": 0.35,
    "spread_pct": 0.004877,
    "timestamp": 1777246548.5803392
  },
  "EURUSD": {
    "bid": 1.1706,
    "ask": 1.17071,
    "spread": 0.00011,
    "spread_pct": 0.009396,
    "timestamp": 1777246548.5813746
  },
  "NVIDIA": {
    "bid": 208.25,
    "ask": 208.58,
    "spread": 0.33,
    "spread_pct": 0.158338,
    "timestamp": 1777059402.2326934
  },
  "USOIL": {
    "bid": 96.161,
    "ask": 96.199,
    "spread": 0.038,
    "spread_pct": 0.039509,
    "timestamp": 1777246546.630468
  },
  "TSLA": {
    "bid": 376.97,
    "ask": 377.49,
    "spread": 0.52,
    "spread_pct": 0.137847,
    "timestamp": 1777059402.600363
  },
  "AMZN": {
    "bid": 263.79,
    "ask": 264.09,
    "spread": 0.3,
    "spread_pct": 0.113662,
    "timestamp": 1777059402.2325428
  },
  "GBPUSD": {
    "bid": 1.3514,
    "ask": 1.35148,
    "spread": 8e-05,
    "spread_pct": 0.00592,
    "timestamp": 1777246548.2772636
  },
  "AUDUSD": {
    "bid": 0.71434,
    "ask": 0.71444,
    "spread": 0.0001,
    "spread_pct": 0.013998,
    "timestamp": 1777246548.0956554
  },
  "TSM": {
    "bid": 403.31,
    "ask": 403.78,
    "spread": 0.47,
    "spread_pct": 0.116468,
    "timestamp": 1777059402.232916
  },
  "MSTR": {
    "bid": 170.66,
    "ask": 171.38,
    "spread": 0.72,
    "spread_pct": 0.421003,
    "timestamp": 1777059402.9841743
  },
  "XPTUSD": {
    "bid": 1995.99,
    "ask": 2005.97,
    "spread": 9.98,
    "spread_pct": 0.498756,
    "timestamp": 1777246548.912699
  },
  "COST": {
    "bid": 1010.06,
    "ask": 1010.62,
    "spread": 0.56,
    "spread_pct": 0.055427,
    "timestamp": 1777059400.371591
  },
  "XALUSD": {
    "bid": 3595.73,
    "ask": 3611.07,
    "spread": 15.34,
    "spread_pct": 0.425709,
    "timestamp": 1777052799.255632
  },
  "XPDUSD": {
    "bid": 1482.62,
    "ask": 1490.1,
    "spread": 7.48,
    "spread_pct": 0.503243,
    "timestamp": 1777246548.9128382
  }
}