{
  "AAPL": {
    "bid": 298.82,
    "ask": 299.12,
    "spread": 0.3,
    "spread_pct": 0.100345,
    "timestamp": 1778706485.325463
  },
  "COPPER": {
    "bid": 661.81,
    "ask": 662.19,
    "spread": 0.38,
    "spread_pct": 0.057402,
    "timestamp": 1778700391.5426102
  },
  "META": {
    "bid": 615.13,
    "ask": 615.75,
    "spread": 0.62,
    "spread_pct": 0.100741,
    "timestamp": 1778706485.3303945
  },
  "MSFT": {
    "bid": 404.85,
    "ask": 405.26,
    "spread": 0.41,
    "spread_pct": 0.101221,
    "timestamp": 1778706485.2228556
  },
  "ORCL": {
    "bid": 190.23,
    "ask": 190.42,
    "spread": 0.19,
    "spread_pct": 0.099829,
    "timestamp": 1778706485.1593688
  },
  "DJ30": {
    "bid": 49805.98,
    "ask": 49807.02,
    "spread": 1.04,
    "spread_pct": 0.002088,
    "timestamp": 1778700391.3836904
  },
  "TECH100": {
    "bid": 29510.28,
    "ask": 29510.7,
    "spread": 0.42,
    "spread_pct": 0.001423,
    "timestamp": 1778700392.32532
  },
  "XAUUSD": {
    "bid": 4687.48,
    "ask": 4687.7,
    "spread": 0.22,
    "spread_pct": 0.004693,
    "timestamp": 1778700392.3246207
  },
  "UK100": {
    "bid": 10341.63,
    "ask": 10342.37,
    "spread": 0.74,
    "spread_pct": 0.007155,
    "timestamp": 1778700391.7556927
  },
  "UKOIL": {
    "bid": 105.766,
    "ask": 105.804,
    "spread": 0.038,
    "spread_pct": 0.035922,
    "timestamp": 1778700391.5422468
  },
  "INTEL": {
    "bid": 121.1,
    "ask": 121.24,
    "spread": 0.14,
    "spread_pct": 0.11554,
    "timestamp": 1778700391.9036784
  },
  "JPN225": {
    "bid": 63398.59,
    "ask": 63406.41,
    "spread": 7.82,
    "spread_pct": 0.012334,
    "timestamp": 1778700391.6914995
  },
  "NZDUSD": {
    "bid": 0.59334,
    "ask": 0.59345,
    "spread": 0.00011,
    "spread_pct": 0.018537,
    "timestamp": 1778700390.3719516
  },
  "NFLX": {
    "bid": 87.65,
    "ask": 87.78,
    "spread": 0.13,
    "spread_pct": 0.148207,
    "timestamp": 1778706485.2979543
  },
  "AMD": {
    "bid": 445.98,
    "ask": 446.43,
    "spread": 0.45,
    "spread_pct": 0.100851,
    "timestamp": 1778706485.2056358
  },
  "GER30": {
    "bid": 24266.27,
    "ask": 24267.53,
    "spread": 1.26,
    "spread_pct": 0.005192,
    "timestamp": 1778700391.5525467
  },
  "XAGUSD": {
    "bid": 87.737,
    "ask": 87.838,
    "spread": 0.101,
    "spread_pct": 0.115051,
    "timestamp": 1778700391.7550247
  },
  "PLTR": {
    "bid": 130.13,
    "ask": 130.26,
    "spread": 0.13,
    "spread_pct": 0.09985,
    "timestamp": 1778706485.3493903
  },
  "GOOG": {
    "bid": 402.22,
    "ask": 402.62,
    "spread": 0.4,
    "spread_pct": 0.099399,
    "timestamp": 1778700392.2463646
  },
  "NGAS": {
    "bid": 2.8535,
    "ask": 2.8655,
    "spread": 0.012,
    "spread_pct": 0.419654,
    "timestamp": 1778700392.1488366
  },
  "SP500": {
    "bid": 7476.47,
    "ask": 7476.78,
    "spread": 0.31,
    "spread_pct": 0.004146,
    "timestamp": 1778700392.1486917
  },
  "EURUSD": {
    "bid": 1.17093,
    "ask": 1.17102,
    "spread": 9e-05,
    "spread_pct": 0.007686,
    "timestamp": 1778700391.2482126
  },
  "NVIDIA": {
    "bid": 226.33,
    "ask": 226.63,
    "spread": 0.3,
    "spread_pct": 0.132462,
    "timestamp": 1778700392.3255315
  },
  "USOIL": {
    "bid": 96.819,
    "ask": 96.857,
    "spread": 0.038,
    "spread_pct": 0.039241,
    "timestamp": 1778700391.3104672
  },
  "TSLA": {
    "bid": 446.05,
    "ask": 446.59,
    "spread": 0.54,
    "spread_pct": 0.120989,
    "timestamp": 1778706485.405671
  },
  "AMZN": {
    "bid": 270.27,
    "ask": 270.54,
    "spread": 0.27,
    "spread_pct": 0.09985,
    "timestamp": 1778706485.1136327
  },
  "GBPUSD": {
    "bid": 1.35205,
    "ask": 1.35214,
    "spread": 9e-05,
    "spread_pct": 0.006656,
    "timestamp": 1778700392.0536919
  },
  "AUDUSD": {
    "bid": 0.72558,
    "ask": 0.72567,
    "spread": 9e-05,
    "spread_pct": 0.012403,
    "timestamp": 1778700391.5849113
  },
  "TSM": {
    "bid": 400.64,
    "ask": 401.04,
    "spread": 0.4,
    "spread_pct": 0.09979,
    "timestamp": 1778706485.1478758
  },
  "MSTR": {
    "bid": 178.31,
    "ask": 178.49,
    "spread": 0.18,
    "spread_pct": 0.100897,
    "timestamp": 1778706485.2681499
  },
  "XPTUSD": {
    "bid": 2148.61,
    "ask": 2158.49,
    "spread": 9.88,
    "spread_pct": 0.458777,
    "timestamp": 1778700384.7873282
  },
  "COST": {
    "bid": 1029.29,
    "ask": 1030.32,
    "spread": 1.03,
    "spread_pct": 0.100019,
    "timestamp": 1778706485.1137369
  },
  "XALUSD": {
    "bid": 3642.65,
    "ask": 3657.95,
    "spread": 15.3,
    "spread_pct": 0.419144,
    "timestamp": 1778693630.2598474
  },
  "XPDUSD": {
    "bid": 1502.29,
    "ask": 1509.71,
    "spread": 7.42,
    "spread_pct": 0.492696,
    "timestamp": 1778700384.8829713
  }
}