{
  "AAPL": {
    "bid": 273.61,
    "ask": 273.75,
    "spread": 0.14,
    "spread_pct": 0.051155,
    "timestamp": 1776973150.2095842
  },
  "COPPER": {
    "bid": 607.95,
    "ask": 608.35,
    "spread": 0.4,
    "spread_pct": 0.065773,
    "timestamp": 1777031727.2758644
  },
  "META": {
    "bid": 659.79,
    "ask": 660.61,
    "spread": 0.82,
    "spread_pct": 0.124205,
    "timestamp": 1776973151.2760155
  },
  "MSFT": {
    "bid": 415.82,
    "ask": 415.92,
    "spread": 0.1,
    "spread_pct": 0.024046,
    "timestamp": 1776973150.818721
  },
  "ORCL": {
    "bid": 175.42,
    "ask": 175.6,
    "spread": 0.18,
    "spread_pct": 0.102558,
    "timestamp": 1776973150.209661
  },
  "DJ30": {
    "bid": 49460.95,
    "ask": 49462.05,
    "spread": 1.1,
    "spread_pct": 0.002224,
    "timestamp": 1777031727.5827856
  },
  "TECH100": {
    "bid": 27276.92,
    "ask": 27277.33,
    "spread": 0.41,
    "spread_pct": 0.001503,
    "timestamp": 1777031727.3397074
  },
  "XAUUSD": {
    "bid": 4705.51,
    "ask": 4705.69,
    "spread": 0.18,
    "spread_pct": 0.003825,
    "timestamp": 1777031727.5176013
  },
  "UK100": {
    "bid": 10432.65,
    "ask": 10433.35,
    "spread": 0.7,
    "spread_pct": 0.006709,
    "timestamp": 1777031727.5177224
  },
  "UKOIL": {
    "bid": 98.703,
    "ask": 98.737,
    "spread": 0.034,
    "spread_pct": 0.034441,
    "timestamp": 1777031727.2348785
  },
  "INTEL": {
    "bid": 66.1,
    "ask": 66.22,
    "spread": 0.12,
    "spread_pct": 0.181378,
    "timestamp": 1776973151.209863
  },
  "JPN225": {
    "bid": 59901.43,
    "ask": 59908.57,
    "spread": 7.14,
    "spread_pct": 0.011919,
    "timestamp": 1777031727.4789553
  },
  "NZDUSD": {
    "bid": 0.58722,
    "ask": 0.58732,
    "spread": 0.0001,
    "spread_pct": 0.017028,
    "timestamp": 1777031727.1419966
  },
  "NFLX": {
    "bid": 92.56,
    "ask": 93.58,
    "spread": 1.02,
    "spread_pct": 1.095949,
    "timestamp": 1776973151.2760873
  },
  "AMD": {
    "bid": 303.35,
    "ask": 303.51,
    "spread": 0.16,
    "spread_pct": 0.05273,
    "timestamp": 1776973150.2097318
  },
  "GER30": {
    "bid": 24317.87,
    "ask": 24319.13,
    "spread": 1.26,
    "spread_pct": 0.005181,
    "timestamp": 1777031727.3397915
  },
  "XAGUSD": {
    "bid": 75.827,
    "ask": 75.931,
    "spread": 0.104,
    "spread_pct": 0.13706,
    "timestamp": 1777031728.1961136
  },
  "PLTR": {
    "bid": 141.54,
    "ask": 141.68,
    "spread": 0.14,
    "spread_pct": 0.098863,
    "timestamp": 1776973150.3746104
  },
  "GOOG": {
    "bid": 339.02,
    "ask": 339.46,
    "spread": 0.44,
    "spread_pct": 0.129702,
    "timestamp": 1776973151.204068
  },
  "NGAS": {
    "bid": 2.6912,
    "ask": 2.7038,
    "spread": 0.0126,
    "spread_pct": 0.467099,
    "timestamp": 1777031727.234952
  },
  "SP500": {
    "bid": 7170.2,
    "ask": 7170.55,
    "spread": 0.35,
    "spread_pct": 0.004881,
    "timestamp": 1777031727.2347813
  },
  "EURUSD": {
    "bid": 1.17144,
    "ask": 1.17156,
    "spread": 0.00012,
    "spread_pct": 0.010243,
    "timestamp": 1777031727.7041929
  },
  "NVIDIA": {
    "bid": 198.84,
    "ask": 199.18,
    "spread": 0.34,
    "spread_pct": 0.170846,
    "timestamp": 1776973150.3237202
  },
  "USOIL": {
    "bid": 94.746,
    "ask": 94.784,
    "spread": 0.038,
    "spread_pct": 0.040099,
    "timestamp": 1777031727.234685
  },
  "TSLA": {
    "bid": 372.76,
    "ask": 373.3,
    "spread": 0.54,
    "spread_pct": 0.14476,
    "timestamp": 1776973151.2041981
  },
  "AMZN": {
    "bid": 255.39,
    "ask": 255.73,
    "spread": 0.34,
    "spread_pct": 0.133041,
    "timestamp": 1776973150.8186264
  },
  "GBPUSD": {
    "bid": 1.3493,
    "ask": 1.34939,
    "spread": 9e-05,
    "spread_pct": 0.00667,
    "timestamp": 1777031727.4798226
  },
  "AUDUSD": {
    "bid": 0.71437,
    "ask": 0.71447,
    "spread": 0.0001,
    "spread_pct": 0.013997,
    "timestamp": 1777031727.517832
  },
  "TSM": {
    "bid": 380.76,
    "ask": 381.21,
    "spread": 0.45,
    "spread_pct": 0.118115,
    "timestamp": 1776973150.2023056
  },
  "MSTR": {
    "bid": 172.76,
    "ask": 173.46,
    "spread": 0.7,
    "spread_pct": 0.404367,
    "timestamp": 1776973150.3239782
  },
  "XPTUSD": {
    "bid": 1990.38,
    "ask": 2000.62,
    "spread": 10.24,
    "spread_pct": 0.513155,
    "timestamp": 1777031728.1080635
  },
  "COST": {
    "bid": 1011.84,
    "ask": 1012.46,
    "spread": 0.62,
    "spread_pct": 0.061256,
    "timestamp": 1776973143.3722465
  },
  "XALUSD": {
    "bid": 3593.71,
    "ask": 3609.09,
    "spread": 15.38,
    "spread_pct": 0.427056,
    "timestamp": 1777031726.0567563
  },
  "XPDUSD": {
    "bid": 1486.32,
    "ask": 1493.54,
    "spread": 7.22,
    "spread_pct": 0.484587,
    "timestamp": 1777031722.2365258
  }
}