{
  "AAPL": {
    "bid": 298.2,
    "ask": 298.5,
    "spread": 0.3,
    "spread_pct": 0.100553,
    "timestamp": 1779083271.2172573
  },
  "COPPER": {
    "bid": 658.63,
    "ask": 659.03,
    "spread": 0.4,
    "spread_pct": 0.060714,
    "timestamp": 1778745929.310647
  },
  "META": {
    "bid": 609.41,
    "ask": 610.02,
    "spread": 0.61,
    "spread_pct": 0.100047,
    "timestamp": 1779083271.245233
  },
  "MSFT": {
    "bid": 419.5,
    "ask": 419.92,
    "spread": 0.42,
    "spread_pct": 0.100069,
    "timestamp": 1779083271.3379507
  },
  "ORCL": {
    "bid": 191.33,
    "ask": 191.52,
    "spread": 0.19,
    "spread_pct": 0.099256,
    "timestamp": 1779083271.330455
  },
  "DJ30": {
    "bid": 49272.75,
    "ask": 49273.95,
    "spread": 1.2,
    "spread_pct": 0.002435,
    "timestamp": 1779083271.5297837
  },
  "TECH100": {
    "bid": 29072.45,
    "ask": 29072.89,
    "spread": 0.44,
    "spread_pct": 0.001513,
    "timestamp": 1779083271.529624
  },
  "XAUUSD": {
    "bid": 4542.15,
    "ask": 4542.33,
    "spread": 0.18,
    "spread_pct": 0.003963,
    "timestamp": 1779083271.404716
  },
  "UK100": {
    "bid": 10172.14,
    "ask": 10172.86,
    "spread": 0.72,
    "spread_pct": 0.007078,
    "timestamp": 1779083271.181179
  },
  "UKOIL": {
    "bid": 110.679,
    "ask": 110.713,
    "spread": 0.034,
    "spread_pct": 0.030715,
    "timestamp": 1779083269.5746393
  },
  "INTEL": {
    "bid": 109.49,
    "ask": 109.65,
    "spread": 0.16,
    "spread_pct": 0.146025,
    "timestamp": 1778870975.797753
  },
  "JPN225": {
    "bid": 61098.72,
    "ask": 61107.78,
    "spread": 9.06,
    "spread_pct": 0.014827,
    "timestamp": 1779083271.5297332
  },
  "NZDUSD": {
    "bid": 0.58386,
    "ask": 0.58397,
    "spread": 0.00011,
    "spread_pct": 0.018838,
    "timestamp": 1779083271.4046495
  },
  "NFLX": {
    "bid": 86.66,
    "ask": 86.79,
    "spread": 0.13,
    "spread_pct": 0.149899,
    "timestamp": 1779083271.3710542
  },
  "AMD": {
    "bid": 421.17,
    "ask": 421.59,
    "spread": 0.42,
    "spread_pct": 0.099673,
    "timestamp": 1779083271.3490345
  },
  "GER30": {
    "bid": 23812.49,
    "ask": 23813.65,
    "spread": 1.16,
    "spread_pct": 0.004871,
    "timestamp": 1779083271.0889523
  },
  "XAGUSD": {
    "bid": 75.337,
    "ask": 75.441,
    "spread": 0.104,
    "spread_pct": 0.137951,
    "timestamp": 1779083271.404548
  },
  "PLTR": {
    "bid": 132.73,
    "ask": 132.86,
    "spread": 0.13,
    "spread_pct": 0.097895,
    "timestamp": 1779083271.27654
  },
  "GOOG": {
    "bid": 395.93,
    "ask": 396.35,
    "spread": 0.42,
    "spread_pct": 0.106023,
    "timestamp": 1778870974.7875192
  },
  "NGAS": {
    "bid": 3.023,
    "ask": 3.0362,
    "spread": 0.0132,
    "spread_pct": 0.435701,
    "timestamp": 1779083264.2105072
  },
  "SP500": {
    "bid": 7387.8,
    "ask": 7388.16,
    "spread": 0.36,
    "spread_pct": 0.004873,
    "timestamp": 1779083271.025512
  },
  "EURUSD": {
    "bid": 1.16198,
    "ask": 1.16209,
    "spread": 0.00011,
    "spread_pct": 0.009466,
    "timestamp": 1779083271.257116
  },
  "NVIDIA": {
    "bid": 228.32,
    "ask": 228.66,
    "spread": 0.34,
    "spread_pct": 0.148803,
    "timestamp": 1778870975.3524938
  },
  "USOIL": {
    "bid": 102.642,
    "ask": 102.674,
    "spread": 0.032,
    "spread_pct": 0.031171,
    "timestamp": 1779083271.7747643
  },
  "TSLA": {
    "bid": 415.96,
    "ask": 416.46,
    "spread": 0.5,
    "spread_pct": 0.120132,
    "timestamp": 1779083271.193297
  },
  "AMZN": {
    "bid": 262.05,
    "ask": 262.31,
    "spread": 0.26,
    "spread_pct": 0.099169,
    "timestamp": 1779083271.3294418
  },
  "GBPUSD": {
    "bid": 1.33236,
    "ask": 1.33246,
    "spread": 0.0001,
    "spread_pct": 0.007505,
    "timestamp": 1779083271.978322
  },
  "AUDUSD": {
    "bid": 0.71319,
    "ask": 0.71327,
    "spread": 8e-05,
    "spread_pct": 0.011217,
    "timestamp": 1779083270.1546333
  },
  "TSM": {
    "bid": 402.33,
    "ask": 402.73,
    "spread": 0.4,
    "spread_pct": 0.099371,
    "timestamp": 1779083271.307939
  },
  "MSTR": {
    "bid": 170.61,
    "ask": 170.78,
    "spread": 0.17,
    "spread_pct": 0.099593,
    "timestamp": 1779083271.1219735
  },
  "XPTUSD": {
    "bid": 1968.28,
    "ask": 1978.48,
    "spread": 10.2,
    "spread_pct": 0.51688,
    "timestamp": 1779083270.9000876
  },
  "COST": {
    "bid": 1047.26,
    "ask": 1048.31,
    "spread": 1.05,
    "spread_pct": 0.100211,
    "timestamp": 1779083271.1485887
  },
  "XALUSD": {
    "bid": 3533.66,
    "ask": 3549.14,
    "spread": 15.48,
    "spread_pct": 0.437115,
    "timestamp": 1779067783.3899486
  },
  "XPDUSD": {
    "bid": 1396.7,
    "ask": 1404.1,
    "spread": 7.4,
    "spread_pct": 0.52842,
    "timestamp": 1779083271.8367136
  }
}