{
  "AAPL": {
    "bid": 298.72,
    "ask": 299.02,
    "spread": 0.3,
    "spread_pct": 0.100378,
    "timestamp": 1779060639.2857845
  },
  "COPPER": {
    "bid": 658.63,
    "ask": 659.03,
    "spread": 0.4,
    "spread_pct": 0.060714,
    "timestamp": 1778745929.310647
  },
  "META": {
    "bid": 611.67,
    "ask": 612.28,
    "spread": 0.61,
    "spread_pct": 0.099677,
    "timestamp": 1779060639.3950195
  },
  "MSFT": {
    "bid": 419.65,
    "ask": 420.07,
    "spread": 0.42,
    "spread_pct": 0.100033,
    "timestamp": 1779060639.1360278
  },
  "ORCL": {
    "bid": 191.9,
    "ask": 192.09,
    "spread": 0.19,
    "spread_pct": 0.098961,
    "timestamp": 1779060639.298873
  },
  "DJ30": {
    "bid": 49464.98,
    "ask": 49466.02,
    "spread": 1.04,
    "spread_pct": 0.002102,
    "timestamp": 1779060639.5591471
  },
  "TECH100": {
    "bid": 29131.85,
    "ask": 29132.25,
    "spread": 0.4,
    "spread_pct": 0.001373,
    "timestamp": 1779060639.4922974
  },
  "XAUUSD": {
    "bid": 4536.6,
    "ask": 4536.82,
    "spread": 0.22,
    "spread_pct": 0.004849,
    "timestamp": 1779060639.526082
  },
  "UK100": {
    "bid": 10205.21,
    "ask": 10205.99,
    "spread": 0.78,
    "spread_pct": 0.007643,
    "timestamp": 1778870975.7984908
  },
  "UKOIL": {
    "bid": 110.735,
    "ask": 110.773,
    "spread": 0.038,
    "spread_pct": 0.03431,
    "timestamp": 1779060626.1624656
  },
  "INTEL": {
    "bid": 109.49,
    "ask": 109.65,
    "spread": 0.16,
    "spread_pct": 0.146025,
    "timestamp": 1778870975.797753
  },
  "JPN225": {
    "bid": 61519.42,
    "ask": 61526.58,
    "spread": 7.16,
    "spread_pct": 0.011638,
    "timestamp": 1779060639.6574843
  },
  "NZDUSD": {
    "bid": 0.58343,
    "ask": 0.58355,
    "spread": 0.00012,
    "spread_pct": 0.020566,
    "timestamp": 1779060639.716499
  },
  "NFLX": {
    "bid": 86.83,
    "ask": 86.96,
    "spread": 0.13,
    "spread_pct": 0.149606,
    "timestamp": 1779060639.121848
  },
  "AMD": {
    "bid": 419.07,
    "ask": 419.49,
    "spread": 0.42,
    "spread_pct": 0.100172,
    "timestamp": 1779060639.188106
  },
  "GER30": {
    "bid": 23954.91,
    "ask": 23956.15,
    "spread": 1.24,
    "spread_pct": 0.005176,
    "timestamp": 1778870975.3529613
  },
  "XAGUSD": {
    "bid": 76.102,
    "ask": 76.207,
    "spread": 0.105,
    "spread_pct": 0.137878,
    "timestamp": 1779060639.4921827
  },
  "PLTR": {
    "bid": 133.23,
    "ask": 133.36,
    "spread": 0.13,
    "spread_pct": 0.097528,
    "timestamp": 1779060639.286896
  },
  "GOOG": {
    "bid": 395.93,
    "ask": 396.35,
    "spread": 0.42,
    "spread_pct": 0.106023,
    "timestamp": 1778870974.7875192
  },
  "NGAS": {
    "bid": 3.0162,
    "ask": 3.029,
    "spread": 0.0128,
    "spread_pct": 0.423476,
    "timestamp": 1779060626.3834155
  },
  "SP500": {
    "bid": 7410.98,
    "ask": 7411.32,
    "spread": 0.34,
    "spread_pct": 0.004588,
    "timestamp": 1779060639.4920976
  },
  "EURUSD": {
    "bid": 1.16181,
    "ask": 1.16189,
    "spread": 8e-05,
    "spread_pct": 0.006886,
    "timestamp": 1779060638.1242573
  },
  "NVIDIA": {
    "bid": 228.32,
    "ask": 228.66,
    "spread": 0.34,
    "spread_pct": 0.148803,
    "timestamp": 1778870975.3524938
  },
  "USOIL": {
    "bid": 102.662,
    "ask": 102.698,
    "spread": 0.036,
    "spread_pct": 0.03506,
    "timestamp": 1779060634.3708422
  },
  "TSLA": {
    "bid": 419.66,
    "ask": 420.16,
    "spread": 0.5,
    "spread_pct": 0.119073,
    "timestamp": 1779060639.3204653
  },
  "AMZN": {
    "bid": 262.41,
    "ask": 262.67,
    "spread": 0.26,
    "spread_pct": 0.099033,
    "timestamp": 1779060639.2858803
  },
  "GBPUSD": {
    "bid": 1.33133,
    "ask": 1.33141,
    "spread": 8e-05,
    "spread_pct": 0.006009,
    "timestamp": 1779060638.203185
  },
  "AUDUSD": {
    "bid": 0.71391,
    "ask": 0.71403,
    "spread": 0.00012,
    "spread_pct": 0.016807,
    "timestamp": 1779060639.5592515
  },
  "TSM": {
    "bid": 401.0,
    "ask": 401.4,
    "spread": 0.4,
    "spread_pct": 0.099701,
    "timestamp": 1779060639.1893744
  },
  "MSTR": {
    "bid": 172.42,
    "ask": 172.59,
    "spread": 0.17,
    "spread_pct": 0.098548,
    "timestamp": 1779060639.122343
  },
  "XPTUSD": {
    "bid": 1981.06,
    "ask": 1990.88,
    "spread": 9.82,
    "spread_pct": 0.494469,
    "timestamp": 1779060638.7114723
  },
  "COST": {
    "bid": 1050.0,
    "ask": 1051.05,
    "spread": 1.05,
    "spread_pct": 0.09995,
    "timestamp": 1779060639.3633173
  },
  "XALUSD": {
    "bid": 3559.49,
    "ask": 3574.91,
    "spread": 15.42,
    "spread_pct": 0.432272,
    "timestamp": 1778864538.7208347
  },
  "XPDUSD": {
    "bid": 1412.57,
    "ask": 1419.83,
    "spread": 7.26,
    "spread_pct": 0.512639,
    "timestamp": 1779060637.3416986
  }
}