{
  "AAPL": {
    "bid": 273.61,
    "ask": 273.75,
    "spread": 0.14,
    "spread_pct": 0.051155,
    "timestamp": 1776973150.2095842
  },
  "COPPER": {
    "bid": 605.22,
    "ask": 605.62,
    "spread": 0.4,
    "spread_pct": 0.06607,
    "timestamp": 1777027899.7594469
  },
  "META": {
    "bid": 659.79,
    "ask": 660.61,
    "spread": 0.82,
    "spread_pct": 0.124205,
    "timestamp": 1776973151.2760155
  },
  "MSFT": {
    "bid": 415.82,
    "ask": 415.92,
    "spread": 0.1,
    "spread_pct": 0.024046,
    "timestamp": 1776973150.818721
  },
  "ORCL": {
    "bid": 175.42,
    "ask": 175.6,
    "spread": 0.18,
    "spread_pct": 0.102558,
    "timestamp": 1776973150.209661
  },
  "DJ30": {
    "bid": 49359.88,
    "ask": 49361.12,
    "spread": 1.24,
    "spread_pct": 0.002512,
    "timestamp": 1777027900.5265565
  },
  "TECH100": {
    "bid": 27179.04,
    "ask": 27179.46,
    "spread": 0.42,
    "spread_pct": 0.001545,
    "timestamp": 1777027901.4069483
  },
  "XAUUSD": {
    "bid": 4679.48,
    "ask": 4679.68,
    "spread": 0.2,
    "spread_pct": 0.004274,
    "timestamp": 1777027901.406749
  },
  "UK100": {
    "bid": 10408.5,
    "ask": 10412.5,
    "spread": 4.0,
    "spread_pct": 0.038423,
    "timestamp": 1777027901.581637
  },
  "UKOIL": {
    "bid": 100.433,
    "ask": 100.467,
    "spread": 0.034,
    "spread_pct": 0.033848,
    "timestamp": 1777027900.5264862
  },
  "INTEL": {
    "bid": 66.1,
    "ask": 66.22,
    "spread": 0.12,
    "spread_pct": 0.181378,
    "timestamp": 1776973151.209863
  },
  "JPN225": {
    "bid": 59658.96,
    "ask": 59666.04,
    "spread": 7.08,
    "spread_pct": 0.011867,
    "timestamp": 1777027900.9481585
  },
  "NZDUSD": {
    "bid": 0.58605,
    "ask": 0.58614,
    "spread": 9e-05,
    "spread_pct": 0.015356,
    "timestamp": 1777027901.5801692
  },
  "NFLX": {
    "bid": 92.56,
    "ask": 93.58,
    "spread": 1.02,
    "spread_pct": 1.095949,
    "timestamp": 1776973151.2760873
  },
  "AMD": {
    "bid": 303.35,
    "ask": 303.51,
    "spread": 0.16,
    "spread_pct": 0.05273,
    "timestamp": 1776973150.2097318
  },
  "GER30": {
    "bid": 24225.35,
    "ask": 24226.65,
    "spread": 1.3,
    "spread_pct": 0.005366,
    "timestamp": 1777027900.5262446
  },
  "XAGUSD": {
    "bid": 74.849,
    "ask": 74.949,
    "spread": 0.1,
    "spread_pct": 0.133513,
    "timestamp": 1777027901.4068625
  },
  "PLTR": {
    "bid": 141.54,
    "ask": 141.68,
    "spread": 0.14,
    "spread_pct": 0.098863,
    "timestamp": 1776973150.3746104
  },
  "GOOG": {
    "bid": 339.02,
    "ask": 339.46,
    "spread": 0.44,
    "spread_pct": 0.129702,
    "timestamp": 1776973151.204068
  },
  "NGAS": {
    "bid": 2.7039,
    "ask": 2.7171,
    "spread": 0.0132,
    "spread_pct": 0.486995,
    "timestamp": 1777027896.5194483
  },
  "SP500": {
    "bid": 7151.35,
    "ask": 7151.65,
    "spread": 0.3,
    "spread_pct": 0.004195,
    "timestamp": 1777027901.581838
  },
  "EURUSD": {
    "bid": 1.16997,
    "ask": 1.17008,
    "spread": 0.00011,
    "spread_pct": 0.009402,
    "timestamp": 1777027901.3392496
  },
  "NVIDIA": {
    "bid": 198.84,
    "ask": 199.18,
    "spread": 0.34,
    "spread_pct": 0.170846,
    "timestamp": 1776973150.3237202
  },
  "USOIL": {
    "bid": 97.082,
    "ask": 97.118,
    "spread": 0.036,
    "spread_pct": 0.037075,
    "timestamp": 1777027900.4164088
  },
  "TSLA": {
    "bid": 372.76,
    "ask": 373.3,
    "spread": 0.54,
    "spread_pct": 0.14476,
    "timestamp": 1776973151.2041981
  },
  "AMZN": {
    "bid": 255.39,
    "ask": 255.73,
    "spread": 0.34,
    "spread_pct": 0.133041,
    "timestamp": 1776973150.8186264
  },
  "GBPUSD": {
    "bid": 1.34884,
    "ask": 1.34895,
    "spread": 0.00011,
    "spread_pct": 0.008155,
    "timestamp": 1777027901.4493442
  },
  "AUDUSD": {
    "bid": 0.7135,
    "ask": 0.71362,
    "spread": 0.00012,
    "spread_pct": 0.016817,
    "timestamp": 1777027901.581757
  },
  "TSM": {
    "bid": 380.76,
    "ask": 381.21,
    "spread": 0.45,
    "spread_pct": 0.118115,
    "timestamp": 1776973150.2023056
  },
  "MSTR": {
    "bid": 172.76,
    "ask": 173.46,
    "spread": 0.7,
    "spread_pct": 0.404367,
    "timestamp": 1776973150.3239782
  },
  "XPTUSD": {
    "bid": 1981.31,
    "ask": 1991.37,
    "spread": 10.06,
    "spread_pct": 0.506459,
    "timestamp": 1777027897.0815864
  },
  "COST": {
    "bid": 1011.84,
    "ask": 1012.46,
    "spread": 0.62,
    "spread_pct": 0.061256,
    "timestamp": 1776973143.3722465
  },
  "XALUSD": {
    "bid": 3599.98,
    "ask": 3615.47,
    "spread": 15.49,
    "spread_pct": 0.429356,
    "timestamp": 1777027889.868341
  },
  "XPDUSD": {
    "bid": 1472.05,
    "ask": 1479.38,
    "spread": 7.33,
    "spread_pct": 0.496708,
    "timestamp": 1777027901.3391442
  }
}