{
  "AAPL": {
    "bid": 297.21,
    "ask": 297.51,
    "spread": 0.3,
    "spread_pct": 0.100888,
    "timestamp": 1779155455.2525527
  },
  "COPPER": {
    "bid": 658.63,
    "ask": 659.03,
    "spread": 0.4,
    "spread_pct": 0.060714,
    "timestamp": 1778745929.310647
  },
  "META": {
    "bid": 611.1,
    "ask": 611.71,
    "spread": 0.61,
    "spread_pct": 0.09977,
    "timestamp": 1779155456.2660208
  },
  "MSFT": {
    "bid": 422.82,
    "ask": 423.24,
    "spread": 0.42,
    "spread_pct": 0.099284,
    "timestamp": 1779155455.302154
  },
  "ORCL": {
    "bid": 186.19,
    "ask": 186.38,
    "spread": 0.19,
    "spread_pct": 0.101994,
    "timestamp": 1779155456.201676
  },
  "DJ30": {
    "bid": 49758.38,
    "ask": 49770.4,
    "spread": 12.02,
    "spread_pct": 0.024154,
    "timestamp": 1779155456.2887723
  },
  "TECH100": {
    "bid": 29056.82,
    "ask": 29057.22,
    "spread": 0.4,
    "spread_pct": 0.001377,
    "timestamp": 1779155456.1257703
  },
  "XAUUSD": {
    "bid": 4568.0,
    "ask": 4568.2,
    "spread": 0.2,
    "spread_pct": 0.004378,
    "timestamp": 1779155455.301508
  },
  "UK100": {
    "bid": 10334.33,
    "ask": 10338.33,
    "spread": 4.0,
    "spread_pct": 0.038698,
    "timestamp": 1779155455.3013668
  },
  "UKOIL": {
    "bid": 109.433,
    "ask": 109.463,
    "spread": 0.03,
    "spread_pct": 0.02741,
    "timestamp": 1779155453.989746
  },
  "INTEL": {
    "bid": 106.14,
    "ask": 106.3,
    "spread": 0.16,
    "spread_pct": 0.150631,
    "timestamp": 1779128030.307583
  },
  "JPN225": {
    "bid": 60940.77,
    "ask": 60949.73,
    "spread": 8.96,
    "spread_pct": 0.014702,
    "timestamp": 1779155455.3020158
  },
  "NZDUSD": {
    "bid": 0.58595,
    "ask": 0.58604,
    "spread": 9e-05,
    "spread_pct": 0.015358,
    "timestamp": 1779155455.2928162
  },
  "NFLX": {
    "bid": 89.58,
    "ask": 89.71,
    "spread": 0.13,
    "spread_pct": 0.145016,
    "timestamp": 1779155456.1134083
  },
  "AMD": {
    "bid": 419.18,
    "ask": 419.6,
    "spread": 0.42,
    "spread_pct": 0.100145,
    "timestamp": 1779155455.2638834
  },
  "GER30": {
    "bid": 24382.32,
    "ask": 24383.48,
    "spread": 1.16,
    "spread_pct": 0.004757,
    "timestamp": 1779155456.1335113
  },
  "XAGUSD": {
    "bid": 77.236,
    "ask": 77.339,
    "spread": 0.103,
    "spread_pct": 0.133269,
    "timestamp": 1779155455.4305055
  },
  "PLTR": {
    "bid": 134.04,
    "ask": 134.17,
    "spread": 0.13,
    "spread_pct": 0.096939,
    "timestamp": 1779155455.2106767
  },
  "GOOG": {
    "bid": 399.9,
    "ask": 400.3,
    "spread": 0.4,
    "spread_pct": 0.099975,
    "timestamp": 1779128032.8518436
  },
  "NGAS": {
    "bid": 3.0194,
    "ask": 3.0318,
    "spread": 0.0124,
    "spread_pct": 0.409836,
    "timestamp": 1779147708.8849235
  },
  "SP500": {
    "bid": 7419.94,
    "ask": 7420.3,
    "spread": 0.36,
    "spread_pct": 0.004852,
    "timestamp": 1779155455.1179645
  },
  "EURUSD": {
    "bid": 1.16495,
    "ask": 1.16504,
    "spread": 9e-05,
    "spread_pct": 0.007725,
    "timestamp": 1779155455.4937196
  },
  "NVIDIA": {
    "bid": 220.09,
    "ask": 220.42,
    "spread": 0.33,
    "spread_pct": 0.149826,
    "timestamp": 1779128032.1756685
  },
  "USOIL": {
    "bid": 102.455,
    "ask": 102.495,
    "spread": 0.04,
    "spread_pct": 0.039034,
    "timestamp": 1779155452.5288584
  },
  "TSLA": {
    "bid": 408.24,
    "ask": 408.73,
    "spread": 0.49,
    "spread_pct": 0.119955,
    "timestamp": 1779155456.2493587
  },
  "AMZN": {
    "bid": 264.29,
    "ask": 264.55,
    "spread": 0.26,
    "spread_pct": 0.098328,
    "timestamp": 1779155455.2100418
  },
  "GBPUSD": {
    "bid": 1.34209,
    "ask": 1.34219,
    "spread": 0.0001,
    "spread_pct": 0.007451,
    "timestamp": 1779155455.1193228
  },
  "AUDUSD": {
    "bid": 0.71481,
    "ask": 0.71493,
    "spread": 0.00012,
    "spread_pct": 0.016786,
    "timestamp": 1779155456.1260898
  },
  "TSM": {
    "bid": 394.43,
    "ask": 394.82,
    "spread": 0.39,
    "spread_pct": 0.098828,
    "timestamp": 1779155456.1807313
  },
  "MSTR": {
    "bid": 166.44,
    "ask": 166.61,
    "spread": 0.17,
    "spread_pct": 0.102087,
    "timestamp": 1779155455.210173
  },
  "XPTUSD": {
    "bid": 1979.83,
    "ask": 1989.83,
    "spread": 10.0,
    "spread_pct": 0.503821,
    "timestamp": 1779155455.6415403
  },
  "COST": {
    "bid": 1064.4,
    "ask": 1071.75,
    "spread": 7.35,
    "spread_pct": 0.688154,
    "timestamp": 1779155456.1346855
  },
  "XALUSD": {
    "bid": 3572.13,
    "ask": 3587.37,
    "spread": 15.24,
    "spread_pct": 0.425728,
    "timestamp": 1779155445.1595538
  },
  "XPDUSD": {
    "bid": 1409.13,
    "ask": 1416.67,
    "spread": 7.54,
    "spread_pct": 0.533654,
    "timestamp": 1779155455.119728
  }
}