{
  "AAPL": {
    "bid": 294.97,
    "ask": 295.27,
    "spread": 0.3,
    "spread_pct": 0.101654,
    "timestamp": 1778849787.2371023
  },
  "COPPER": {
    "bid": 658.63,
    "ask": 659.03,
    "spread": 0.4,
    "spread_pct": 0.060714,
    "timestamp": 1778745929.310647
  },
  "META": {
    "bid": 609.17,
    "ask": 609.78,
    "spread": 0.61,
    "spread_pct": 0.100086,
    "timestamp": 1778849787.1943884
  },
  "MSFT": {
    "bid": 410.48,
    "ask": 410.89,
    "spread": 0.41,
    "spread_pct": 0.099833,
    "timestamp": 1778849787.1547425
  },
  "ORCL": {
    "bid": 190.08,
    "ask": 190.3,
    "spread": 0.22,
    "spread_pct": 0.115674,
    "timestamp": 1778849787.1924741
  },
  "DJ30": {
    "bid": 49722.95,
    "ask": 49724.05,
    "spread": 1.1,
    "spread_pct": 0.002212,
    "timestamp": 1778849787.5899916
  },
  "TECH100": {
    "bid": 29192.63,
    "ask": 29193.09,
    "spread": 0.46,
    "spread_pct": 0.001576,
    "timestamp": 1778849787.2174983
  },
  "XAUUSD": {
    "bid": 4553.55,
    "ask": 4553.73,
    "spread": 0.18,
    "spread_pct": 0.003953,
    "timestamp": 1778849786.5341544
  },
  "UK100": {
    "bid": 10192.85,
    "ask": 10193.57,
    "spread": 0.72,
    "spread_pct": 0.007064,
    "timestamp": 1778849787.2172751
  },
  "UKOIL": {
    "bid": 108.212,
    "ask": 108.244,
    "spread": 0.032,
    "spread_pct": 0.029567,
    "timestamp": 1778849787.4440732
  },
  "INTEL": {
    "bid": 116.42,
    "ask": 116.52,
    "spread": 0.1,
    "spread_pct": 0.085859,
    "timestamp": 1778784741.5946746
  },
  "JPN225": {
    "bid": 61830.46,
    "ask": 61838.04,
    "spread": 7.58,
    "spread_pct": 0.012259,
    "timestamp": 1778849786.1103168
  },
  "NZDUSD": {
    "bid": 0.58436,
    "ask": 0.58447,
    "spread": 0.00011,
    "spread_pct": 0.018822,
    "timestamp": 1778849787.5993955
  },
  "NFLX": {
    "bid": 87.04,
    "ask": 87.17,
    "spread": 0.13,
    "spread_pct": 0.149245,
    "timestamp": 1778849787.0954912
  },
  "AMD": {
    "bid": 433.26,
    "ask": 433.69,
    "spread": 0.43,
    "spread_pct": 0.099198,
    "timestamp": 1778849787.192312
  },
  "GER30": {
    "bid": 24029.64,
    "ask": 24030.82,
    "spread": 1.18,
    "spread_pct": 0.00491,
    "timestamp": 1778849787.4442809
  },
  "XAGUSD": {
    "bid": 77.537,
    "ask": 77.64,
    "spread": 0.103,
    "spread_pct": 0.132752,
    "timestamp": 1778849787.217418
  },
  "PLTR": {
    "bid": 131.9,
    "ask": 132.03,
    "spread": 0.13,
    "spread_pct": 0.098511,
    "timestamp": 1778849787.0956438
  },
  "GOOG": {
    "bid": 399.93,
    "ask": 400.37,
    "spread": 0.44,
    "spread_pct": 0.109959,
    "timestamp": 1778784739.2200098
  },
  "NGAS": {
    "bid": 2.9444,
    "ask": 2.9568,
    "spread": 0.0124,
    "spread_pct": 0.420254,
    "timestamp": 1778849780.0034153
  },
  "SP500": {
    "bid": 7437.08,
    "ask": 7437.38,
    "spread": 0.3,
    "spread_pct": 0.004034,
    "timestamp": 1778849787.2171543
  },
  "EURUSD": {
    "bid": 1.16269,
    "ask": 1.16279,
    "spread": 0.0001,
    "spread_pct": 0.0086,
    "timestamp": 1778849787.1151736
  },
  "NVIDIA": {
    "bid": 235.8,
    "ask": 236.12,
    "spread": 0.32,
    "spread_pct": 0.135616,
    "timestamp": 1778784740.8841429
  },
  "USOIL": {
    "bid": 99.856,
    "ask": 99.89,
    "spread": 0.034,
    "spread_pct": 0.034043,
    "timestamp": 1778849787.7941146
  },
  "TSLA": {
    "bid": 432.18,
    "ask": 432.7,
    "spread": 0.52,
    "spread_pct": 0.120248,
    "timestamp": 1778849787.2603772
  },
  "AMZN": {
    "bid": 262.3,
    "ask": 262.56,
    "spread": 0.26,
    "spread_pct": 0.099074,
    "timestamp": 1778849787.2701774
  },
  "GBPUSD": {
    "bid": 1.3353,
    "ask": 1.33541,
    "spread": 0.00011,
    "spread_pct": 0.008238,
    "timestamp": 1778849786.2957845
  },
  "AUDUSD": {
    "bid": 0.71521,
    "ask": 0.71532,
    "spread": 0.00011,
    "spread_pct": 0.015379,
    "timestamp": 1778849787.1553018
  },
  "TSM": {
    "bid": 406.61,
    "ask": 407.02,
    "spread": 0.41,
    "spread_pct": 0.100783,
    "timestamp": 1778849787.3349204
  },
  "MSTR": {
    "bid": 182.48,
    "ask": 182.66,
    "spread": 0.18,
    "spread_pct": 0.098592,
    "timestamp": 1778849787.1150477
  },
  "XPTUSD": {
    "bid": 1980.55,
    "ask": 1990.63,
    "spread": 10.08,
    "spread_pct": 0.507658,
    "timestamp": 1778849787.5995023
  },
  "COST": {
    "bid": 1042.27,
    "ask": 1043.31,
    "spread": 1.04,
    "spread_pct": 0.099732,
    "timestamp": 1778849787.2700598
  },
  "XALUSD": {
    "bid": 3555.05,
    "ask": 3570.3,
    "spread": 15.25,
    "spread_pct": 0.428049,
    "timestamp": 1778849785.7206006
  },
  "XPDUSD": {
    "bid": 1421.3,
    "ask": 1428.7,
    "spread": 7.4,
    "spread_pct": 0.519298,
    "timestamp": 1778849786.156165
  }
}