{
  "AAPL": {
    "bid": 270.04,
    "ask": 270.22,
    "spread": 0.18,
    "spread_pct": 0.066635,
    "timestamp": 1777059403.1095536
  },
  "COPPER": {
    "bid": 608.84,
    "ask": 609.26,
    "spread": 0.42,
    "spread_pct": 0.06896,
    "timestamp": 1777062426.2202063
  },
  "META": {
    "bid": 676.18,
    "ask": 677.0,
    "spread": 0.82,
    "spread_pct": 0.121196,
    "timestamp": 1777059400.6640484
  },
  "MSFT": {
    "bid": 423.33,
    "ask": 423.49,
    "spread": 0.16,
    "spread_pct": 0.037788,
    "timestamp": 1777059402.2954955
  },
  "ORCL": {
    "bid": 173.44,
    "ask": 173.6,
    "spread": 0.16,
    "spread_pct": 0.092208,
    "timestamp": 1777059402.2959394
  },
  "DJ30": {
    "bid": 49379.89,
    "ask": 49381.11,
    "spread": 1.22,
    "spread_pct": 0.002471,
    "timestamp": 1777062432.0814762
  },
  "TECH100": {
    "bid": 27419.29,
    "ask": 27419.71,
    "spread": 0.42,
    "spread_pct": 0.001532,
    "timestamp": 1777062433.5412138
  },
  "XAUUSD": {
    "bid": 4708.5,
    "ask": 4708.7,
    "spread": 0.2,
    "spread_pct": 0.004248,
    "timestamp": 1777062433.387468
  },
  "UK100": {
    "bid": 10389.61,
    "ask": 10390.39,
    "spread": 0.78,
    "spread_pct": 0.007507,
    "timestamp": 1777059402.9202387
  },
  "UKOIL": {
    "bid": 100.537,
    "ask": 100.573,
    "spread": 0.036,
    "spread_pct": 0.035801,
    "timestamp": 1777062433.0437837
  },
  "INTEL": {
    "bid": 80.89,
    "ask": 81.03,
    "spread": 0.14,
    "spread_pct": 0.172925,
    "timestamp": 1777059403.1093316
  },
  "JPN225": {
    "bid": 59977.99,
    "ask": 59987.01,
    "spread": 9.02,
    "spread_pct": 0.015038,
    "timestamp": 1777062424.5481002
  },
  "NZDUSD": {
    "bid": 0.58811,
    "ask": 0.58821,
    "spread": 0.0001,
    "spread_pct": 0.017002,
    "timestamp": 1777062428.1343555
  },
  "NFLX": {
    "bid": 91.9,
    "ask": 92.94,
    "spread": 1.04,
    "spread_pct": 1.125298,
    "timestamp": 1777059402.984387
  },
  "AMD": {
    "bid": 345.64,
    "ask": 345.84,
    "spread": 0.2,
    "spread_pct": 0.057847,
    "timestamp": 1777059403.1096587
  },
  "GER30": {
    "bid": 24359.89,
    "ask": 24361.11,
    "spread": 1.22,
    "spread_pct": 0.005008,
    "timestamp": 1777059402.4746032
  },
  "XAGUSD": {
    "bid": 75.794,
    "ask": 75.898,
    "spread": 0.104,
    "spread_pct": 0.13712,
    "timestamp": 1777062433.3876011
  },
  "PLTR": {
    "bid": 142.59,
    "ask": 142.73,
    "spread": 0.14,
    "spread_pct": 0.098135,
    "timestamp": 1777059403.1097336
  },
  "GOOG": {
    "bid": 344.29,
    "ask": 344.71,
    "spread": 0.42,
    "spread_pct": 0.121916,
    "timestamp": 1777059402.4018574
  },
  "NGAS": {
    "bid": 2.6798,
    "ask": 2.6922,
    "spread": 0.0124,
    "spread_pct": 0.461653,
    "timestamp": 1777062426.8813388
  },
  "SP500": {
    "bid": 7190.97,
    "ask": 7191.28,
    "spread": 0.31,
    "spread_pct": 0.004311,
    "timestamp": 1777062433.5409305
  },
  "EURUSD": {
    "bid": 1.1718,
    "ask": 1.17189,
    "spread": 9e-05,
    "spread_pct": 0.00768,
    "timestamp": 1777062432.1292794
  },
  "NVIDIA": {
    "bid": 208.25,
    "ask": 208.58,
    "spread": 0.33,
    "spread_pct": 0.158338,
    "timestamp": 1777059402.2326934
  },
  "USOIL": {
    "bid": 94.61,
    "ask": 96.43,
    "spread": 1.82,
    "spread_pct": 1.90536,
    "timestamp": 1777062433.5410864
  },
  "TSLA": {
    "bid": 376.97,
    "ask": 377.49,
    "spread": 0.52,
    "spread_pct": 0.137847,
    "timestamp": 1777059402.600363
  },
  "AMZN": {
    "bid": 263.79,
    "ask": 264.09,
    "spread": 0.3,
    "spread_pct": 0.113662,
    "timestamp": 1777059402.2325428
  },
  "GBPUSD": {
    "bid": 1.35308,
    "ask": 1.35316,
    "spread": 8e-05,
    "spread_pct": 0.005912,
    "timestamp": 1777062433.4106054
  },
  "AUDUSD": {
    "bid": 0.71499,
    "ask": 0.71508,
    "spread": 9e-05,
    "spread_pct": 0.012587,
    "timestamp": 1777062432.7417839
  },
  "TSM": {
    "bid": 403.31,
    "ask": 403.78,
    "spread": 0.47,
    "spread_pct": 0.116468,
    "timestamp": 1777059402.232916
  },
  "MSTR": {
    "bid": 170.66,
    "ask": 171.38,
    "spread": 0.72,
    "spread_pct": 0.421003,
    "timestamp": 1777059402.9841743
  },
  "XPTUSD": {
    "bid": 2009.04,
    "ask": 2018.94,
    "spread": 9.9,
    "spread_pct": 0.491562,
    "timestamp": 1777062433.541293
  },
  "COST": {
    "bid": 1010.06,
    "ask": 1010.62,
    "spread": 0.56,
    "spread_pct": 0.055427,
    "timestamp": 1777059400.371591
  },
  "XALUSD": {
    "bid": 3595.73,
    "ask": 3611.07,
    "spread": 15.34,
    "spread_pct": 0.425709,
    "timestamp": 1777052799.255632
  },
  "XPDUSD": {
    "bid": 1497.73,
    "ask": 1505.28,
    "spread": 7.55,
    "spread_pct": 0.502829,
    "timestamp": 1777062433.0526779
  }
}