{
  "AAPL": {
    "bid": 297.4,
    "ask": 297.7,
    "spread": 0.3,
    "spread_pct": 0.100823,
    "timestamp": 1779143562.2388406
  },
  "COPPER": {
    "bid": 658.63,
    "ask": 659.03,
    "spread": 0.4,
    "spread_pct": 0.060714,
    "timestamp": 1778745929.310647
  },
  "META": {
    "bid": 611.33,
    "ask": 611.94,
    "spread": 0.61,
    "spread_pct": 0.099733,
    "timestamp": 1779143562.1973834
  },
  "MSFT": {
    "bid": 423.64,
    "ask": 424.06,
    "spread": 0.42,
    "spread_pct": 0.099092,
    "timestamp": 1779143562.2381234
  },
  "ORCL": {
    "bid": 186.72,
    "ask": 186.91,
    "spread": 0.19,
    "spread_pct": 0.101705,
    "timestamp": 1779143562.1658015
  },
  "DJ30": {
    "bid": 49800.72,
    "ask": 49801.78,
    "spread": 1.06,
    "spread_pct": 0.002128,
    "timestamp": 1779143562.1342037
  },
  "TECH100": {
    "bid": 29161.69,
    "ask": 29162.15,
    "spread": 0.46,
    "spread_pct": 0.001577,
    "timestamp": 1779143562.4519627
  },
  "XAUUSD": {
    "bid": 4572.06,
    "ask": 4572.28,
    "spread": 0.22,
    "spread_pct": 0.004812,
    "timestamp": 1779143561.8249102
  },
  "UK100": {
    "bid": 10325.34,
    "ask": 10326.16,
    "spread": 0.82,
    "spread_pct": 0.007941,
    "timestamp": 1779128032.3949327
  },
  "UKOIL": {
    "bid": 108.951,
    "ask": 108.983,
    "spread": 0.032,
    "spread_pct": 0.029367,
    "timestamp": 1779134656.3009615
  },
  "INTEL": {
    "bid": 106.14,
    "ask": 106.3,
    "spread": 0.16,
    "spread_pct": 0.150631,
    "timestamp": 1779128030.307583
  },
  "JPN225": {
    "bid": 61521.45,
    "ask": 61528.55,
    "spread": 7.1,
    "spread_pct": 0.01154,
    "timestamp": 1779134655.4107046
  },
  "NZDUSD": {
    "bid": 0.58708,
    "ask": 0.58719,
    "spread": 0.00011,
    "spread_pct": 0.018735,
    "timestamp": 1779139409.1310718
  },
  "NFLX": {
    "bid": 89.65,
    "ask": 89.78,
    "spread": 0.13,
    "spread_pct": 0.144903,
    "timestamp": 1779143562.2181337
  },
  "AMD": {
    "bid": 424.08,
    "ask": 424.5,
    "spread": 0.42,
    "spread_pct": 0.098989,
    "timestamp": 1779143562.1651611
  },
  "GER30": {
    "bid": 24296.69,
    "ask": 24297.85,
    "spread": 1.16,
    "spread_pct": 0.004774,
    "timestamp": 1779128033.0561764
  },
  "XAGUSD": {
    "bid": 77.971,
    "ask": 78.071,
    "spread": 0.1,
    "spread_pct": 0.128171,
    "timestamp": 1779143560.5219095
  },
  "PLTR": {
    "bid": 134.52,
    "ask": 134.65,
    "spread": 0.13,
    "spread_pct": 0.096593,
    "timestamp": 1779143562.2295566
  },
  "GOOG": {
    "bid": 399.9,
    "ask": 400.3,
    "spread": 0.4,
    "spread_pct": 0.099975,
    "timestamp": 1779128032.8518436
  },
  "NGAS": {
    "bid": 3.0192,
    "ask": 3.0322,
    "spread": 0.013,
    "spread_pct": 0.429653,
    "timestamp": 1779134653.5183244
  },
  "SP500": {
    "bid": 7432.71,
    "ask": 7433.07,
    "spread": 0.36,
    "spread_pct": 0.004843,
    "timestamp": 1779143562.2943003
  },
  "EURUSD": {
    "bid": 1.16581,
    "ask": 1.16591,
    "spread": 0.0001,
    "spread_pct": 0.008577,
    "timestamp": 1779143559.1178803
  },
  "NVIDIA": {
    "bid": 220.09,
    "ask": 220.42,
    "spread": 0.33,
    "spread_pct": 0.149826,
    "timestamp": 1779128032.1756685
  },
  "USOIL": {
    "bid": 102.366,
    "ask": 102.404,
    "spread": 0.038,
    "spread_pct": 0.037115,
    "timestamp": 1779143561.4806278
  },
  "TSLA": {
    "bid": 410.33,
    "ask": 410.82,
    "spread": 0.49,
    "spread_pct": 0.119345,
    "timestamp": 1779143562.1864016
  },
  "AMZN": {
    "bid": 265.07,
    "ask": 265.34,
    "spread": 0.27,
    "spread_pct": 0.101808,
    "timestamp": 1779143562.2589557
  },
  "GBPUSD": {
    "bid": 1.34353,
    "ask": 1.34364,
    "spread": 0.00011,
    "spread_pct": 0.008187,
    "timestamp": 1779143561.0161479
  },
  "AUDUSD": {
    "bid": 0.71703,
    "ask": 0.71714,
    "spread": 0.00011,
    "spread_pct": 0.01534,
    "timestamp": 1779143559.456244
  },
  "TSM": {
    "bid": 397.07,
    "ask": 397.47,
    "spread": 0.4,
    "spread_pct": 0.100687,
    "timestamp": 1779143562.2710478
  },
  "MSTR": {
    "bid": 167.28,
    "ask": 167.45,
    "spread": 0.17,
    "spread_pct": 0.101574,
    "timestamp": 1779143562.1435175
  },
  "XPTUSD": {
    "bid": 1983.77,
    "ask": 1993.61,
    "spread": 9.84,
    "spread_pct": 0.494798,
    "timestamp": 1779143561.9541254
  },
  "COST": {
    "bid": 1075.5,
    "ask": 1076.7,
    "spread": 1.2,
    "spread_pct": 0.111514,
    "timestamp": 1779143562.2927978
  },
  "XALUSD": {
    "bid": 3560.48,
    "ask": 3575.72,
    "spread": 15.24,
    "spread_pct": 0.427118,
    "timestamp": 1779120947.9483714
  },
  "XPDUSD": {
    "bid": 1417.33,
    "ask": 1424.82,
    "spread": 7.49,
    "spread_pct": 0.527066,
    "timestamp": 1779143560.383258
  }
}