{
  "AAPL": {
    "bid": 299.33,
    "ask": 299.63,
    "spread": 0.3,
    "spread_pct": 0.100174,
    "timestamp": 1779067786.1979115
  },
  "COPPER": {
    "bid": 658.63,
    "ask": 659.03,
    "spread": 0.4,
    "spread_pct": 0.060714,
    "timestamp": 1778745929.310647
  },
  "META": {
    "bid": 607.62,
    "ask": 608.23,
    "spread": 0.61,
    "spread_pct": 0.100341,
    "timestamp": 1779067785.2307804
  },
  "MSFT": {
    "bid": 418.92,
    "ask": 419.34,
    "spread": 0.42,
    "spread_pct": 0.100208,
    "timestamp": 1779067786.114247
  },
  "ORCL": {
    "bid": 190.32,
    "ask": 190.7,
    "spread": 0.38,
    "spread_pct": 0.199465,
    "timestamp": 1779067786.1058228
  },
  "DJ30": {
    "bid": 49228.58,
    "ask": 49229.66,
    "spread": 1.08,
    "spread_pct": 0.002194,
    "timestamp": 1779067785.2952192
  },
  "TECH100": {
    "bid": 28962.19,
    "ask": 28962.65,
    "spread": 0.46,
    "spread_pct": 0.001588,
    "timestamp": 1779067785.3108952
  },
  "XAUUSD": {
    "bid": 4504.5,
    "ask": 4504.7,
    "spread": 0.2,
    "spread_pct": 0.00444,
    "timestamp": 1779067785.3516936
  },
  "UK100": {
    "bid": 10163.76,
    "ask": 10164.5,
    "spread": 0.74,
    "spread_pct": 0.007281,
    "timestamp": 1779067784.2652578
  },
  "UKOIL": {
    "bid": 111.843,
    "ask": 111.879,
    "spread": 0.036,
    "spread_pct": 0.032183,
    "timestamp": 1779067784.2650523
  },
  "INTEL": {
    "bid": 109.49,
    "ask": 109.65,
    "spread": 0.16,
    "spread_pct": 0.146025,
    "timestamp": 1778870975.797753
  },
  "JPN225": {
    "bid": 60631.35,
    "ask": 60638.65,
    "spread": 7.3,
    "spread_pct": 0.012039,
    "timestamp": 1779067785.1493814
  },
  "NZDUSD": {
    "bid": 0.5827,
    "ask": 0.58281,
    "spread": 0.00011,
    "spread_pct": 0.018876,
    "timestamp": 1779067785.2874966
  },
  "NFLX": {
    "bid": 86.67,
    "ask": 86.8,
    "spread": 0.13,
    "spread_pct": 0.149882,
    "timestamp": 1779067786.1139789
  },
  "AMD": {
    "bid": 414.77,
    "ask": 415.18,
    "spread": 0.41,
    "spread_pct": 0.098801,
    "timestamp": 1779067786.2182388
  },
  "GER30": {
    "bid": 23741.77,
    "ask": 23743.03,
    "spread": 1.26,
    "spread_pct": 0.005307,
    "timestamp": 1779067785.989001
  },
  "XAGUSD": {
    "bid": 74.073,
    "ask": 74.177,
    "spread": 0.104,
    "spread_pct": 0.140304,
    "timestamp": 1779067785.4133017
  },
  "PLTR": {
    "bid": 132.22,
    "ask": 132.35,
    "spread": 0.13,
    "spread_pct": 0.098273,
    "timestamp": 1779067785.131749
  },
  "GOOG": {
    "bid": 395.93,
    "ask": 396.35,
    "spread": 0.42,
    "spread_pct": 0.106023,
    "timestamp": 1778870974.7875192
  },
  "NGAS": {
    "bid": 3.0162,
    "ask": 3.029,
    "spread": 0.0128,
    "spread_pct": 0.423476,
    "timestamp": 1779060626.3834155
  },
  "SP500": {
    "bid": 7377.14,
    "ask": 7377.46,
    "spread": 0.32,
    "spread_pct": 0.004338,
    "timestamp": 1779067785.3820164
  },
  "EURUSD": {
    "bid": 1.16128,
    "ask": 1.16136,
    "spread": 8e-05,
    "spread_pct": 0.006889,
    "timestamp": 1779067786.000967
  },
  "NVIDIA": {
    "bid": 228.32,
    "ask": 228.66,
    "spread": 0.34,
    "spread_pct": 0.148803,
    "timestamp": 1778870975.3524938
  },
  "USOIL": {
    "bid": 104.045,
    "ask": 104.085,
    "spread": 0.04,
    "spread_pct": 0.038438,
    "timestamp": 1779067785.501542
  },
  "TSLA": {
    "bid": 412.72,
    "ask": 413.22,
    "spread": 0.5,
    "spread_pct": 0.121074,
    "timestamp": 1779067786.1061459
  },
  "AMZN": {
    "bid": 261.41,
    "ask": 261.67,
    "spread": 0.26,
    "spread_pct": 0.099411,
    "timestamp": 1779067785.1959887
  },
  "GBPUSD": {
    "bid": 1.33067,
    "ask": 1.33076,
    "spread": 9e-05,
    "spread_pct": 0.006763,
    "timestamp": 1779067785.6834342
  },
  "AUDUSD": {
    "bid": 0.71247,
    "ask": 0.71258,
    "spread": 0.00011,
    "spread_pct": 0.015438,
    "timestamp": 1779067785.4882686
  },
  "TSM": {
    "bid": 399.9,
    "ask": 400.3,
    "spread": 0.4,
    "spread_pct": 0.099975,
    "timestamp": 1779067786.1752264
  },
  "MSTR": {
    "bid": 169.49,
    "ask": 169.66,
    "spread": 0.17,
    "spread_pct": 0.100251,
    "timestamp": 1779067786.2192292
  },
  "XPTUSD": {
    "bid": 1964.51,
    "ask": 1974.66,
    "spread": 10.15,
    "spread_pct": 0.515337,
    "timestamp": 1779067785.957671
  },
  "COST": {
    "bid": 1050.94,
    "ask": 1051.99,
    "spread": 1.05,
    "spread_pct": 0.099861,
    "timestamp": 1779067786.1455724
  },
  "XALUSD": {
    "bid": 3533.66,
    "ask": 3549.14,
    "spread": 15.48,
    "spread_pct": 0.437115,
    "timestamp": 1779067783.3899486
  },
  "XPDUSD": {
    "bid": 1389.59,
    "ask": 1397.01,
    "spread": 7.42,
    "spread_pct": 0.532549,
    "timestamp": 1779067785.5016847
  }
}