{
  "AAPL": {
    "bid": 297.5,
    "ask": 297.8,
    "spread": 0.3,
    "spread_pct": 0.10079,
    "timestamp": 1779147714.3369377
  },
  "COPPER": {
    "bid": 658.63,
    "ask": 659.03,
    "spread": 0.4,
    "spread_pct": 0.060714,
    "timestamp": 1778745929.310647
  },
  "META": {
    "bid": 611.95,
    "ask": 612.56,
    "spread": 0.61,
    "spread_pct": 0.099632,
    "timestamp": 1779147714.1172612
  },
  "MSFT": {
    "bid": 423.49,
    "ask": 423.91,
    "spread": 0.42,
    "spread_pct": 0.099127,
    "timestamp": 1779147714.3372624
  },
  "ORCL": {
    "bid": 186.94,
    "ask": 187.13,
    "spread": 0.19,
    "spread_pct": 0.101585,
    "timestamp": 1779147714.096452
  },
  "DJ30": {
    "bid": 49795.75,
    "ask": 49796.95,
    "spread": 1.2,
    "spread_pct": 0.00241,
    "timestamp": 1779147712.5877886
  },
  "TECH100": {
    "bid": 29162.78,
    "ask": 29163.2,
    "spread": 0.42,
    "spread_pct": 0.00144,
    "timestamp": 1779147714.2746217
  },
  "XAUUSD": {
    "bid": 4585.62,
    "ask": 4585.8,
    "spread": 0.18,
    "spread_pct": 0.003925,
    "timestamp": 1779147714.1807945
  },
  "UK100": {
    "bid": 10325.34,
    "ask": 10326.16,
    "spread": 0.82,
    "spread_pct": 0.007941,
    "timestamp": 1779128032.3949327
  },
  "UKOIL": {
    "bid": 108.951,
    "ask": 108.983,
    "spread": 0.032,
    "spread_pct": 0.029367,
    "timestamp": 1779134656.3009615
  },
  "INTEL": {
    "bid": 106.14,
    "ask": 106.3,
    "spread": 0.16,
    "spread_pct": 0.150631,
    "timestamp": 1779128030.307583
  },
  "JPN225": {
    "bid": 61589.16,
    "ask": 61598.84,
    "spread": 9.68,
    "spread_pct": 0.015716,
    "timestamp": 1779147714.6016853
  },
  "NZDUSD": {
    "bid": 0.58782,
    "ask": 0.58793,
    "spread": 0.00011,
    "spread_pct": 0.018711,
    "timestamp": 1779147714.4229386
  },
  "NFLX": {
    "bid": 89.59,
    "ask": 89.72,
    "spread": 0.13,
    "spread_pct": 0.145,
    "timestamp": 1779147714.2002745
  },
  "AMD": {
    "bid": 423.57,
    "ask": 423.99,
    "spread": 0.42,
    "spread_pct": 0.099108,
    "timestamp": 1779147714.2410762
  },
  "GER30": {
    "bid": 24296.69,
    "ask": 24297.85,
    "spread": 1.16,
    "spread_pct": 0.004774,
    "timestamp": 1779128033.0561764
  },
  "XAGUSD": {
    "bid": 78.761,
    "ask": 78.865,
    "spread": 0.104,
    "spread_pct": 0.131958,
    "timestamp": 1779147714.040783
  },
  "PLTR": {
    "bid": 134.57,
    "ask": 134.7,
    "spread": 0.13,
    "spread_pct": 0.096557,
    "timestamp": 1779147714.2738585
  },
  "GOOG": {
    "bid": 399.9,
    "ask": 400.3,
    "spread": 0.4,
    "spread_pct": 0.099975,
    "timestamp": 1779128032.8518436
  },
  "NGAS": {
    "bid": 3.0194,
    "ask": 3.0318,
    "spread": 0.0124,
    "spread_pct": 0.409836,
    "timestamp": 1779147708.8849235
  },
  "SP500": {
    "bid": 7432.24,
    "ask": 7432.58,
    "spread": 0.34,
    "spread_pct": 0.004575,
    "timestamp": 1779147712.1052127
  },
  "EURUSD": {
    "bid": 1.16575,
    "ask": 1.16585,
    "spread": 0.0001,
    "spread_pct": 0.008578,
    "timestamp": 1779147713.924816
  },
  "NVIDIA": {
    "bid": 220.09,
    "ask": 220.42,
    "spread": 0.33,
    "spread_pct": 0.149826,
    "timestamp": 1779128032.1756685
  },
  "USOIL": {
    "bid": 101.47,
    "ask": 103.35,
    "spread": 1.88,
    "spread_pct": 1.835758,
    "timestamp": 1779147702.6739745
  },
  "TSLA": {
    "bid": 410.44,
    "ask": 410.93,
    "spread": 0.49,
    "spread_pct": 0.119313,
    "timestamp": 1779147714.272066
  },
  "AMZN": {
    "bid": 264.96,
    "ask": 265.23,
    "spread": 0.27,
    "spread_pct": 0.10185,
    "timestamp": 1779147714.146433
  },
  "GBPUSD": {
    "bid": 1.3436,
    "ask": 1.34372,
    "spread": 0.00012,
    "spread_pct": 0.008931,
    "timestamp": 1779147713.6454391
  },
  "AUDUSD": {
    "bid": 0.71735,
    "ask": 0.71747,
    "spread": 0.00012,
    "spread_pct": 0.016727,
    "timestamp": 1779147713.6143143
  },
  "TSM": {
    "bid": 397.36,
    "ask": 397.76,
    "spread": 0.4,
    "spread_pct": 0.100614,
    "timestamp": 1779147714.2435484
  },
  "MSTR": {
    "bid": 167.21,
    "ask": 167.38,
    "spread": 0.17,
    "spread_pct": 0.101617,
    "timestamp": 1779147714.294016
  },
  "XPTUSD": {
    "bid": 1985.33,
    "ask": 1995.17,
    "spread": 9.84,
    "spread_pct": 0.49441,
    "timestamp": 1779147714.0408895
  },
  "COST": {
    "bid": 1075.81,
    "ask": 1076.89,
    "spread": 1.08,
    "spread_pct": 0.100339,
    "timestamp": 1779147714.2740018
  },
  "XALUSD": {
    "bid": 3560.48,
    "ask": 3575.72,
    "spread": 15.24,
    "spread_pct": 0.427118,
    "timestamp": 1779120947.9483714
  },
  "XPDUSD": {
    "bid": 1420.82,
    "ask": 1428.03,
    "spread": 7.21,
    "spread_pct": 0.506169,
    "timestamp": 1779147713.2035353
  }
}