{
  "AAPL": {
    "bid": 298.55,
    "ask": 298.85,
    "spread": 0.3,
    "spread_pct": 0.100435,
    "timestamp": 1778735601.1966908
  },
  "COPPER": {
    "bid": 657.76,
    "ask": 658.14,
    "spread": 0.38,
    "spread_pct": 0.057755,
    "timestamp": 1778735601.1326494
  },
  "META": {
    "bid": 614.85,
    "ask": 615.47,
    "spread": 0.62,
    "spread_pct": 0.100787,
    "timestamp": 1778735601.3274226
  },
  "MSFT": {
    "bid": 404.18,
    "ask": 404.58,
    "spread": 0.4,
    "spread_pct": 0.098917,
    "timestamp": 1778735601.1762903
  },
  "ORCL": {
    "bid": 190.15,
    "ask": 190.34,
    "spread": 0.19,
    "spread_pct": 0.099871,
    "timestamp": 1778735601.2858772
  },
  "DJ30": {
    "bid": 49910.39,
    "ask": 49911.61,
    "spread": 1.22,
    "spread_pct": 0.002444,
    "timestamp": 1778735601.1328976
  },
  "TECH100": {
    "bid": 29569.12,
    "ask": 29569.58,
    "spread": 0.46,
    "spread_pct": 0.001556,
    "timestamp": 1778735601.5001516
  },
  "XAUUSD": {
    "bid": 4701.76,
    "ask": 4701.94,
    "spread": 0.18,
    "spread_pct": 0.003828,
    "timestamp": 1778735601.5476656
  },
  "UK100": {
    "bid": 10323.0,
    "ask": 10327.0,
    "spread": 4.0,
    "spread_pct": 0.038741,
    "timestamp": 1778735601.7851453
  },
  "UKOIL": {
    "bid": 106.197,
    "ask": 106.233,
    "spread": 0.036,
    "spread_pct": 0.033894,
    "timestamp": 1778735601.4159255
  },
  "INTEL": {
    "bid": 121.1,
    "ask": 121.24,
    "spread": 0.14,
    "spread_pct": 0.11554,
    "timestamp": 1778700391.9036784
  },
  "JPN225": {
    "bid": 63033.99,
    "ask": 63041.01,
    "spread": 7.02,
    "spread_pct": 0.011136,
    "timestamp": 1778735601.6326354
  },
  "NZDUSD": {
    "bid": 0.59309,
    "ask": 0.59319,
    "spread": 0.0001,
    "spread_pct": 0.016859,
    "timestamp": 1778735601.4461825
  },
  "NFLX": {
    "bid": 87.78,
    "ask": 87.91,
    "spread": 0.13,
    "spread_pct": 0.147988,
    "timestamp": 1778735601.231183
  },
  "AMD": {
    "bid": 443.58,
    "ask": 444.02,
    "spread": 0.44,
    "spread_pct": 0.099144,
    "timestamp": 1778735601.3057356
  },
  "GER30": {
    "bid": 24275.14,
    "ask": 24276.32,
    "spread": 1.18,
    "spread_pct": 0.004861,
    "timestamp": 1778735600.1214807
  },
  "XAGUSD": {
    "bid": 87.057,
    "ask": 87.162,
    "spread": 0.105,
    "spread_pct": 0.120538,
    "timestamp": 1778735601.3165276
  },
  "PLTR": {
    "bid": 130.43,
    "ask": 130.56,
    "spread": 0.13,
    "spread_pct": 0.099621,
    "timestamp": 1778735601.3063514
  },
  "GOOG": {
    "bid": 402.22,
    "ask": 402.62,
    "spread": 0.4,
    "spread_pct": 0.099399,
    "timestamp": 1778700392.2463646
  },
  "NGAS": {
    "bid": 2.8794,
    "ask": 2.8916,
    "spread": 0.0122,
    "spread_pct": 0.422804,
    "timestamp": 1778735601.4160945
  },
  "SP500": {
    "bid": 7478.22,
    "ask": 7478.53,
    "spread": 0.31,
    "spread_pct": 0.004145,
    "timestamp": 1778735601.6324656
  },
  "EURUSD": {
    "bid": 1.17124,
    "ask": 1.17136,
    "spread": 0.00012,
    "spread_pct": 0.010245,
    "timestamp": 1778735601.7850034
  },
  "NVIDIA": {
    "bid": 226.33,
    "ask": 226.63,
    "spread": 0.3,
    "spread_pct": 0.132462,
    "timestamp": 1778700392.3255315
  },
  "USOIL": {
    "bid": 96.33,
    "ask": 98.15,
    "spread": 1.82,
    "spread_pct": 1.871658,
    "timestamp": 1778735601.2951453
  },
  "TSLA": {
    "bid": 447.37,
    "ask": 447.91,
    "spread": 0.54,
    "spread_pct": 0.120633,
    "timestamp": 1778735601.1328084
  },
  "AMZN": {
    "bid": 270.48,
    "ask": 270.75,
    "spread": 0.27,
    "spread_pct": 0.099773,
    "timestamp": 1778735601.2857096
  },
  "GBPUSD": {
    "bid": 1.35205,
    "ask": 1.35214,
    "spread": 9e-05,
    "spread_pct": 0.006656,
    "timestamp": 1778735601.317742
  },
  "AUDUSD": {
    "bid": 0.72546,
    "ask": 0.72555,
    "spread": 9e-05,
    "spread_pct": 0.012405,
    "timestamp": 1778735600.1902905
  },
  "TSM": {
    "bid": 402.78,
    "ask": 403.18,
    "spread": 0.4,
    "spread_pct": 0.099261,
    "timestamp": 1778735601.2952769
  },
  "MSTR": {
    "bid": 178.47,
    "ask": 178.65,
    "spread": 0.18,
    "spread_pct": 0.100806,
    "timestamp": 1778735601.2310033
  },
  "XPTUSD": {
    "bid": 2139.02,
    "ask": 2149.1,
    "spread": 10.08,
    "spread_pct": 0.470136,
    "timestamp": 1778735600.5388544
  },
  "COST": {
    "bid": 1027.71,
    "ask": 1031.34,
    "spread": 3.63,
    "spread_pct": 0.35259,
    "timestamp": 1778735601.2663586
  },
  "XALUSD": {
    "bid": 3637.29,
    "ask": 3652.51,
    "spread": 15.22,
    "spread_pct": 0.41757,
    "timestamp": 1778735596.8722084
  },
  "XPDUSD": {
    "bid": 1498.27,
    "ask": 1505.73,
    "spread": 7.46,
    "spread_pct": 0.496671,
    "timestamp": 1778735601.415773
  }
}