{
  "AAPL": {
    "bid": 267.58,
    "ask": 267.76,
    "spread": 0.18,
    "spread_pct": 0.067247,
    "timestamp": 1777319198.9201097
  },
  "COPPER": {
    "bid": 607.18,
    "ask": 607.58,
    "spread": 0.4,
    "spread_pct": 0.065857,
    "timestamp": 1777351651.0474584
  },
  "META": {
    "bid": 678.83,
    "ask": 679.65,
    "spread": 0.82,
    "spread_pct": 0.120723,
    "timestamp": 1777319197.8819156
  },
  "MSFT": {
    "bid": 425.55,
    "ask": 425.71,
    "spread": 0.16,
    "spread_pct": 0.037591,
    "timestamp": 1777319198.136073
  },
  "ORCL": {
    "bid": 172.93,
    "ask": 173.11,
    "spread": 0.18,
    "spread_pct": 0.104034,
    "timestamp": 1777319198.136018
  },
  "DJ30": {
    "bid": 49409.41,
    "ask": 49410.59,
    "spread": 1.18,
    "spread_pct": 0.002388,
    "timestamp": 1777351651.4505742
  },
  "TECH100": {
    "bid": 27437.8,
    "ask": 27438.2,
    "spread": 0.4,
    "spread_pct": 0.001458,
    "timestamp": 1777351654.963859
  },
  "XAUUSD": {
    "bid": 4668.78,
    "ask": 4669.0,
    "spread": 0.22,
    "spread_pct": 0.004712,
    "timestamp": 1777351654.394554
  },
  "UK100": {
    "bid": 10350.0,
    "ask": 10354.0,
    "spread": 4.0,
    "spread_pct": 0.03864,
    "timestamp": 1777351648.00056
  },
  "UKOIL": {
    "bid": 102.624,
    "ask": 102.656,
    "spread": 0.032,
    "spread_pct": 0.031177,
    "timestamp": 1777351652.1863513
  },
  "INTEL": {
    "bid": 84.38,
    "ask": 84.5,
    "spread": 0.12,
    "spread_pct": 0.142113,
    "timestamp": 1777319198.1361268
  },
  "JPN225": {
    "bid": 60055.58,
    "ask": 60064.42,
    "spread": 8.84,
    "spread_pct": 0.014719,
    "timestamp": 1777351654.6129532
  },
  "NZDUSD": {
    "bid": 0.59008,
    "ask": 0.59017,
    "spread": 9e-05,
    "spread_pct": 0.015251,
    "timestamp": 1777351653.4082904
  },
  "NFLX": {
    "bid": 91.05,
    "ask": 92.13,
    "spread": 1.08,
    "spread_pct": 1.179168,
    "timestamp": 1777319198.306423
  },
  "AMD": {
    "bid": 335.56,
    "ask": 335.7,
    "spread": 0.14,
    "spread_pct": 0.041713,
    "timestamp": 1777319198.759899
  },
  "GER30": {
    "bid": 24291.97,
    "ask": 24293.03,
    "spread": 1.06,
    "spread_pct": 0.004363,
    "timestamp": 1777351653.9792202
  },
  "XAGUSD": {
    "bid": 74.536,
    "ask": 74.639,
    "spread": 0.103,
    "spread_pct": 0.138093,
    "timestamp": 1777351654.3946888
  },
  "PLTR": {
    "bid": 142.98,
    "ask": 143.16,
    "spread": 0.18,
    "spread_pct": 0.125813,
    "timestamp": 1777319198.0162265
  },
  "GOOG": {
    "bid": 351.42,
    "ask": 351.86,
    "spread": 0.44,
    "spread_pct": 0.125128,
    "timestamp": 1777319198.4449518
  },
  "NGAS": {
    "bid": 2.7115,
    "ask": 2.7235,
    "spread": 0.012,
    "spread_pct": 0.441582,
    "timestamp": 1777351653.6970093
  },
  "SP500": {
    "bid": 7212.47,
    "ask": 7212.78,
    "spread": 0.31,
    "spread_pct": 0.004298,
    "timestamp": 1777351652.5422516
  },
  "EURUSD": {
    "bid": 1.1715,
    "ask": 1.17161,
    "spread": 0.00011,
    "spread_pct": 0.009389,
    "timestamp": 1777351653.9356396
  },
  "NVIDIA": {
    "bid": 215.79,
    "ask": 216.1,
    "spread": 0.31,
    "spread_pct": 0.143555,
    "timestamp": 1777319198.4448855
  },
  "USOIL": {
    "bid": 97.383,
    "ask": 97.417,
    "spread": 0.034,
    "spread_pct": 0.034908,
    "timestamp": 1777351651.0472844
  },
  "TSLA": {
    "bid": 379.44,
    "ask": 379.96,
    "spread": 0.52,
    "spread_pct": 0.13695,
    "timestamp": 1777319198.4520955
  },
  "AMZN": {
    "bid": 260.85,
    "ask": 261.19,
    "spread": 0.34,
    "spread_pct": 0.130258,
    "timestamp": 1777319198.630619
  },
  "GBPUSD": {
    "bid": 1.35324,
    "ask": 1.35334,
    "spread": 0.0001,
    "spread_pct": 0.007389,
    "timestamp": 1777351654.1205368
  },
  "AUDUSD": {
    "bid": 0.71849,
    "ask": 0.71858,
    "spread": 9e-05,
    "spread_pct": 0.012525,
    "timestamp": 1777351654.1281996
  },
  "TSM": {
    "bid": 403.65,
    "ask": 404.1,
    "spread": 0.45,
    "spread_pct": 0.111421,
    "timestamp": 1777319198.5634277
  },
  "MSTR": {
    "bid": 169.29,
    "ask": 169.99,
    "spread": 0.7,
    "spread_pct": 0.412639,
    "timestamp": 1777319197.1318383
  },
  "XPTUSD": {
    "bid": 1981.24,
    "ask": 1991.5,
    "spread": 10.26,
    "spread_pct": 0.51652,
    "timestamp": 1777351655.0069494
  },
  "COST": {
    "bid": 999.34,
    "ask": 999.9,
    "spread": 0.56,
    "spread_pct": 0.056021,
    "timestamp": 1777319193.9235065
  },
  "XALUSD": {
    "bid": 3558.05,
    "ask": 3573.55,
    "spread": 15.5,
    "spread_pct": 0.434685,
    "timestamp": 1777351650.7626777
  },
  "XPDUSD": {
    "bid": 1465.63,
    "ask": 1472.99,
    "spread": 7.36,
    "spread_pct": 0.500915,
    "timestamp": 1777351655.0070431
  }
}