{
  "AAPL": {
    "bid": 267.17,
    "ask": 267.35,
    "spread": 0.18,
    "spread_pct": 0.06735,
    "timestamp": 1777302281.1770792
  },
  "COPPER": {
    "bid": 605.16,
    "ask": 605.54,
    "spread": 0.38,
    "spread_pct": 0.062774,
    "timestamp": 1777302281.4217677
  },
  "META": {
    "bid": 679.69,
    "ask": 680.53,
    "spread": 0.84,
    "spread_pct": 0.123509,
    "timestamp": 1777302281.4862912
  },
  "MSFT": {
    "bid": 422.63,
    "ask": 422.73,
    "spread": 0.1,
    "spread_pct": 0.023659,
    "timestamp": 1777302281.7422097
  },
  "ORCL": {
    "bid": 171.06,
    "ask": 171.24,
    "spread": 0.18,
    "spread_pct": 0.105171,
    "timestamp": 1777302281.3608868
  },
  "DJ30": {
    "bid": 49236.4,
    "ask": 49237.6,
    "spread": 1.2,
    "spread_pct": 0.002437,
    "timestamp": 1777302281.1768074
  },
  "TECH100": {
    "bid": 27338.9,
    "ask": 27339.35,
    "spread": 0.45,
    "spread_pct": 0.001646,
    "timestamp": 1777302281.2489462
  },
  "XAUUSD": {
    "bid": 4668.8,
    "ask": 4668.98,
    "spread": 0.18,
    "spread_pct": 0.003855,
    "timestamp": 1777302281.3608043
  },
  "UK100": {
    "bid": 10330.6,
    "ask": 10331.4,
    "spread": 0.8,
    "spread_pct": 0.007744,
    "timestamp": 1777302281.2821019
  },
  "UKOIL": {
    "bid": 102.005,
    "ask": 102.035,
    "spread": 0.03,
    "spread_pct": 0.029406,
    "timestamp": 1777302281.807143
  },
  "INTEL": {
    "bid": 84.3,
    "ask": 84.4,
    "spread": 0.1,
    "spread_pct": 0.118554,
    "timestamp": 1777302281.3607094
  },
  "JPN225": {
    "bid": 60038.24,
    "ask": 60046.76,
    "spread": 8.52,
    "spread_pct": 0.01419,
    "timestamp": 1777302281.1769593
  },
  "NZDUSD": {
    "bid": 0.59139,
    "ask": 0.5915,
    "spread": 0.00011,
    "spread_pct": 0.018599,
    "timestamp": 1777302280.1671758
  },
  "NFLX": {
    "bid": 92.21,
    "ask": 93.25,
    "spread": 1.04,
    "spread_pct": 1.121536,
    "timestamp": 1777302281.1761873
  },
  "AMD": {
    "bid": 333.51,
    "ask": 333.69,
    "spread": 0.18,
    "spread_pct": 0.053957,
    "timestamp": 1777302281.55266
  },
  "GER30": {
    "bid": 24186.38,
    "ask": 24187.62,
    "spread": 1.24,
    "spread_pct": 0.005127,
    "timestamp": 1777302281.807255
  },
  "XAGUSD": {
    "bid": 74.635,
    "ask": 74.739,
    "spread": 0.104,
    "spread_pct": 0.139248,
    "timestamp": 1777302281.3594632
  },
  "PLTR": {
    "bid": 143.96,
    "ask": 144.1,
    "spread": 0.14,
    "spread_pct": 0.097202,
    "timestamp": 1777302281.1772873
  },
  "GOOG": {
    "bid": 349.7,
    "ask": 350.14,
    "spread": 0.44,
    "spread_pct": 0.125743,
    "timestamp": 1777302281.5527737
  },
  "NGAS": {
    "bid": 2.7869,
    "ask": 2.8001,
    "spread": 0.0132,
    "spread_pct": 0.472526,
    "timestamp": 1777302281.5528498
  },
  "SP500": {
    "bid": 7183.59,
    "ask": 7183.91,
    "spread": 0.32,
    "spread_pct": 0.004454,
    "timestamp": 1777302281.4007142
  },
  "EURUSD": {
    "bid": 1.17328,
    "ask": 1.17337,
    "spread": 9e-05,
    "spread_pct": 0.007671,
    "timestamp": 1777302281.5524912
  },
  "NVIDIA": {
    "bid": 209.02,
    "ask": 209.38,
    "spread": 0.36,
    "spread_pct": 0.172084,
    "timestamp": 1777302281.1771882
  },
  "USOIL": {
    "bid": 96.14,
    "ask": 97.96,
    "spread": 1.82,
    "spread_pct": 1.875322,
    "timestamp": 1777302281.2441726
  },
  "TSLA": {
    "bid": 364.8,
    "ask": 365.32,
    "spread": 0.52,
    "spread_pct": 0.142442,
    "timestamp": 1777302281.4864168
  },
  "AMZN": {
    "bid": 261.84,
    "ask": 262.18,
    "spread": 0.34,
    "spread_pct": 0.129766,
    "timestamp": 1777302281.0503652
  },
  "GBPUSD": {
    "bid": 1.35496,
    "ask": 1.35507,
    "spread": 0.00011,
    "spread_pct": 0.008118,
    "timestamp": 1777302281.8786433
  },
  "AUDUSD": {
    "bid": 0.71871,
    "ask": 0.71879,
    "spread": 8e-05,
    "spread_pct": 0.01113,
    "timestamp": 1777302281.8074512
  },
  "TSM": {
    "bid": 402.39,
    "ask": 402.86,
    "spread": 0.47,
    "spread_pct": 0.116734,
    "timestamp": 1777302281.1774282
  },
  "MSTR": {
    "bid": 170.23,
    "ask": 170.95,
    "spread": 0.72,
    "spread_pct": 0.422065,
    "timestamp": 1777302281.4865005
  },
  "XPTUSD": {
    "bid": 1984.76,
    "ask": 1994.72,
    "spread": 9.96,
    "spread_pct": 0.500568,
    "timestamp": 1777302281.3605757
  },
  "COST": {
    "bid": 1011.32,
    "ask": 1011.84,
    "spread": 0.52,
    "spread_pct": 0.051405,
    "timestamp": 1777302281.1766243
  },
  "XALUSD": {
    "bid": 3569.26,
    "ask": 3584.74,
    "spread": 15.48,
    "spread_pct": 0.432765,
    "timestamp": 1777302279.9185965
  },
  "XPDUSD": {
    "bid": 1469.1,
    "ask": 1476.4,
    "spread": 7.3,
    "spread_pct": 0.495671,
    "timestamp": 1777302281.1773672
  }
}