{
  "AAPL": {
    "bid": 269.59,
    "ask": 269.86,
    "spread": 0.27,
    "spread_pct": 0.100102,
    "timestamp": 1777583865.1476743
  },
  "COPPER": {
    "bid": 601.44,
    "ask": 601.86,
    "spread": 0.42,
    "spread_pct": 0.069808,
    "timestamp": 1777580055.208146
  },
  "META": {
    "bid": 613.1,
    "ask": 613.71,
    "spread": 0.61,
    "spread_pct": 0.099445,
    "timestamp": 1777583865.3972764
  },
  "MSFT": {
    "bid": 410.58,
    "ask": 410.99,
    "spread": 0.41,
    "spread_pct": 0.099809,
    "timestamp": 1777583865.1853144
  },
  "ORCL": {
    "bid": 162.54,
    "ask": 162.71,
    "spread": 0.17,
    "spread_pct": 0.104535,
    "timestamp": 1777583865.1702971
  },
  "DJ30": {
    "bid": 49866.99,
    "ask": 49868.01,
    "spread": 1.02,
    "spread_pct": 0.002045,
    "timestamp": 1777580062.150947
  },
  "TECH100": {
    "bid": 27586.39,
    "ask": 27586.86,
    "spread": 0.47,
    "spread_pct": 0.001704,
    "timestamp": 1777580062.4887724
  },
  "XAUUSD": {
    "bid": 4616.74,
    "ask": 4616.96,
    "spread": 0.22,
    "spread_pct": 0.004765,
    "timestamp": 1777580062.1417172
  },
  "UK100": {
    "bid": 10370.5,
    "ask": 10374.5,
    "spread": 4.0,
    "spread_pct": 0.038564,
    "timestamp": 1777575685.4622164
  },
  "UKOIL": {
    "bid": 111.251,
    "ask": 111.289,
    "spread": 0.038,
    "spread_pct": 0.034151,
    "timestamp": 1777580062.5581286
  },
  "INTEL": {
    "bid": 92.57,
    "ask": 92.75,
    "spread": 0.18,
    "spread_pct": 0.194259,
    "timestamp": 1777575686.2138278
  },
  "JPN225": {
    "bid": 59785.17,
    "ask": 59794.83,
    "spread": 9.66,
    "spread_pct": 0.016157,
    "timestamp": 1777580048.3074672
  },
  "NZDUSD": {
    "bid": 0.59061,
    "ask": 0.59071,
    "spread": 0.0001,
    "spread_pct": 0.01693,
    "timestamp": 1777583862.1679785
  },
  "NFLX": {
    "bid": 93.96,
    "ask": 94.16,
    "spread": 0.2,
    "spread_pct": 0.21263,
    "timestamp": 1777583865.3784397
  },
  "AMD": {
    "bid": 351.86,
    "ask": 352.45,
    "spread": 0.59,
    "spread_pct": 0.16754,
    "timestamp": 1777583865.118741
  },
  "GER30": {
    "bid": 24426.99,
    "ask": 24428.01,
    "spread": 1.02,
    "spread_pct": 0.004176,
    "timestamp": 1777575685.1484106
  },
  "XAGUSD": {
    "bid": 73.598,
    "ask": 73.701,
    "spread": 0.103,
    "spread_pct": 0.139852,
    "timestamp": 1777580062.6882741
  },
  "PLTR": {
    "bid": 140.74,
    "ask": 140.88,
    "spread": 0.14,
    "spread_pct": 0.099425,
    "timestamp": 1777583865.2143383
  },
  "GOOG": {
    "bid": 381.5,
    "ask": 381.92,
    "spread": 0.42,
    "spread_pct": 0.110031,
    "timestamp": 1777575686.4626043
  },
  "NGAS": {
    "bid": 2.7568,
    "ask": 2.7692,
    "spread": 0.0124,
    "spread_pct": 0.448788,
    "timestamp": 1777580059.9905255
  },
  "SP500": {
    "bid": 7245.46,
    "ask": 7245.79,
    "spread": 0.33,
    "spread_pct": 0.004554,
    "timestamp": 1777580062.151107
  },
  "EURUSD": {
    "bid": 1.17338,
    "ask": 1.17349,
    "spread": 0.00011,
    "spread_pct": 0.009374,
    "timestamp": 1777583855.552111
  },
  "NVIDIA": {
    "bid": 201.78,
    "ask": 202.11,
    "spread": 0.33,
    "spread_pct": 0.163411,
    "timestamp": 1777575686.2136922
  },
  "USOIL": {
    "bid": 105.571,
    "ask": 105.609,
    "spread": 0.038,
    "spread_pct": 0.035988,
    "timestamp": 1777580062.555964
  },
  "TSLA": {
    "bid": 381.19,
    "ask": 381.65,
    "spread": 0.46,
    "spread_pct": 0.120602,
    "timestamp": 1777583865.2257571
  },
  "AMZN": {
    "bid": 264.49,
    "ask": 264.75,
    "spread": 0.26,
    "spread_pct": 0.098254,
    "timestamp": 1777583865.255539
  },
  "GBPUSD": {
    "bid": 1.36054,
    "ask": 1.36063,
    "spread": 9e-05,
    "spread_pct": 0.006615,
    "timestamp": 1777583861.077977
  },
  "AUDUSD": {
    "bid": 0.71983,
    "ask": 0.71993,
    "spread": 0.0001,
    "spread_pct": 0.013891,
    "timestamp": 1777583864.0497677
  },
  "TSM": {
    "bid": 392.7,
    "ask": 393.09,
    "spread": 0.39,
    "spread_pct": 0.099263,
    "timestamp": 1777583865.2254884
  },
  "MSTR": {
    "bid": 165.58,
    "ask": 165.75,
    "spread": 0.17,
    "spread_pct": 0.102617,
    "timestamp": 1777583865.3015509
  },
  "XPTUSD": {
    "bid": 1987.53,
    "ask": 1997.55,
    "spread": 10.02,
    "spread_pct": 0.502876,
    "timestamp": 1777580061.82119
  },
  "COST": {
    "bid": 1014.88,
    "ask": 1017.52,
    "spread": 2.64,
    "spread_pct": 0.259791,
    "timestamp": 1777583865.2896063
  },
  "XALUSD": {
    "bid": 3472.28,
    "ask": 3487.52,
    "spread": 15.24,
    "spread_pct": 0.437944,
    "timestamp": 1777565299.190803
  },
  "XPDUSD": {
    "bid": 1531.05,
    "ask": 1538.56,
    "spread": 7.51,
    "spread_pct": 0.489313,
    "timestamp": 1777580062.7611432
  }
}