{
  "AAPL": {
    "bid": 298.94,
    "ask": 299.24,
    "spread": 0.3,
    "spread_pct": 0.100304,
    "timestamp": 1779221013.3451679
  },
  "COPPER": {
    "bid": 658.63,
    "ask": 659.03,
    "spread": 0.4,
    "spread_pct": 0.060714,
    "timestamp": 1778745929.310647
  },
  "META": {
    "bid": 602.52,
    "ask": 603.12,
    "spread": 0.6,
    "spread_pct": 0.099532,
    "timestamp": 1779221013.3466756
  },
  "MSFT": {
    "bid": 416.72,
    "ask": 417.14,
    "spread": 0.42,
    "spread_pct": 0.100736,
    "timestamp": 1779221013.270787
  },
  "ORCL": {
    "bid": 181.52,
    "ask": 181.7,
    "spread": 0.18,
    "spread_pct": 0.099113,
    "timestamp": 1779221013.2205331
  },
  "DJ30": {
    "bid": 49408.76,
    "ask": 49409.86,
    "spread": 1.1,
    "spread_pct": 0.002226,
    "timestamp": 1779221013.1652179
  },
  "TECH100": {
    "bid": 28902.08,
    "ask": 28902.52,
    "spread": 0.44,
    "spread_pct": 0.001522,
    "timestamp": 1779221013.484195
  },
  "XAUUSD": {
    "bid": 4481.8,
    "ask": 4482.0,
    "spread": 0.2,
    "spread_pct": 0.004462,
    "timestamp": 1779221013.7381384
  },
  "UK100": {
    "bid": 10329.63,
    "ask": 10333.63,
    "spread": 4.0,
    "spread_pct": 0.038716,
    "timestamp": 1779214082.4999087
  },
  "UKOIL": {
    "bid": 111.406,
    "ask": 111.444,
    "spread": 0.038,
    "spread_pct": 0.034104,
    "timestamp": 1779221010.7252018
  },
  "INTEL": {
    "bid": 112.4,
    "ask": 112.52,
    "spread": 0.12,
    "spread_pct": 0.106705,
    "timestamp": 1779214080.197513
  },
  "JPN225": {
    "bid": 60584.93,
    "ask": 60593.57,
    "spread": 8.64,
    "spread_pct": 0.01426,
    "timestamp": 1779221013.2843573
  },
  "NZDUSD": {
    "bid": 0.58352,
    "ask": 0.58363,
    "spread": 0.00011,
    "spread_pct": 0.018849,
    "timestamp": 1779221011.9636075
  },
  "NFLX": {
    "bid": 89.18,
    "ask": 89.31,
    "spread": 0.13,
    "spread_pct": 0.145666,
    "timestamp": 1779221013.3134642
  },
  "AMD": {
    "bid": 414.84,
    "ask": 415.26,
    "spread": 0.42,
    "spread_pct": 0.101193,
    "timestamp": 1779221013.313661
  },
  "GER30": {
    "bid": 24456.08,
    "ask": 24457.22,
    "spread": 1.14,
    "spread_pct": 0.004661,
    "timestamp": 1779214080.2614303
  },
  "XAGUSD": {
    "bid": 73.744,
    "ask": 73.847,
    "spread": 0.103,
    "spread_pct": 0.139575,
    "timestamp": 1779221013.221537
  },
  "PLTR": {
    "bid": 134.78,
    "ask": 134.91,
    "spread": 0.13,
    "spread_pct": 0.096407,
    "timestamp": 1779221013.1754847
  },
  "GOOG": {
    "bid": 391.44,
    "ask": 391.9,
    "spread": 0.46,
    "spread_pct": 0.117446,
    "timestamp": 1779214082.4227853
  },
  "NGAS": {
    "bid": 3.0981,
    "ask": 3.1109,
    "spread": 0.0128,
    "spread_pct": 0.412305,
    "timestamp": 1779214079.4942377
  },
  "SP500": {
    "bid": 7367.96,
    "ask": 7368.3,
    "spread": 0.34,
    "spread_pct": 0.004614,
    "timestamp": 1779221013.6319048
  },
  "EURUSD": {
    "bid": 1.16041,
    "ask": 1.16049,
    "spread": 8e-05,
    "spread_pct": 0.006894,
    "timestamp": 1779221013.1654305
  },
  "NVIDIA": {
    "bid": 223.36,
    "ask": 223.7,
    "spread": 0.34,
    "spread_pct": 0.152105,
    "timestamp": 1779214080.6571395
  },
  "USOIL": {
    "bid": 104.487,
    "ask": 104.519,
    "spread": 0.032,
    "spread_pct": 0.030621,
    "timestamp": 1779221012.66958
  },
  "TSLA": {
    "bid": 403.87,
    "ask": 404.35,
    "spread": 0.48,
    "spread_pct": 0.11878,
    "timestamp": 1779221013.3460207
  },
  "AMZN": {
    "bid": 259.32,
    "ask": 259.58,
    "spread": 0.26,
    "spread_pct": 0.100212,
    "timestamp": 1779221013.1418178
  },
  "GBPUSD": {
    "bid": 1.33978,
    "ask": 1.33989,
    "spread": 0.00011,
    "spread_pct": 0.00821,
    "timestamp": 1779221013.4100556
  },
  "AUDUSD": {
    "bid": 0.7107,
    "ask": 0.71078,
    "spread": 8e-05,
    "spread_pct": 0.011256,
    "timestamp": 1779221012.1139126
  },
  "TSM": {
    "bid": 393.27,
    "ask": 393.66,
    "spread": 0.39,
    "spread_pct": 0.099119,
    "timestamp": 1779221013.1419084
  },
  "MSTR": {
    "bid": 164.5,
    "ask": 164.66,
    "spread": 0.16,
    "spread_pct": 0.097217,
    "timestamp": 1779221013.1647804
  },
  "XPTUSD": {
    "bid": 1920.27,
    "ask": 1930.43,
    "spread": 10.16,
    "spread_pct": 0.527696,
    "timestamp": 1779221013.2216117
  },
  "COST": {
    "bid": 1094.05,
    "ask": 1095.14,
    "spread": 1.09,
    "spread_pct": 0.09958,
    "timestamp": 1779221013.2211814
  },
  "XALUSD": {
    "bid": 3586.4,
    "ask": 3601.7,
    "spread": 15.3,
    "spread_pct": 0.425704,
    "timestamp": 1779206308.4995682
  },
  "XPDUSD": {
    "bid": 1360.57,
    "ask": 1367.99,
    "spread": 7.42,
    "spread_pct": 0.543877,
    "timestamp": 1779214081.8951683
  }
}