{
  "AAPL": {
    "bid": 269.88,
    "ask": 270.06,
    "spread": 0.18,
    "spread_pct": 0.066674,
    "timestamp": 1777055613.473117
  },
  "COPPER": {
    "bid": 608.47,
    "ask": 608.87,
    "spread": 0.4,
    "spread_pct": 0.065717,
    "timestamp": 1777055612.4570842
  },
  "META": {
    "bid": 674.52,
    "ask": 675.36,
    "spread": 0.84,
    "spread_pct": 0.124456,
    "timestamp": 1777055612.214025
  },
  "MSFT": {
    "bid": 422.09,
    "ask": 422.21,
    "spread": 0.12,
    "spread_pct": 0.028426,
    "timestamp": 1777055612.760806
  },
  "ORCL": {
    "bid": 173.41,
    "ask": 173.59,
    "spread": 0.18,
    "spread_pct": 0.103746,
    "timestamp": 1777055613.4732559
  },
  "DJ30": {
    "bid": 49351.41,
    "ask": 49352.59,
    "spread": 1.18,
    "spread_pct": 0.002391,
    "timestamp": 1777055613.3123393
  },
  "TECH100": {
    "bid": 27397.65,
    "ask": 27398.1,
    "spread": 0.45,
    "spread_pct": 0.001642,
    "timestamp": 1777055613.1980944
  },
  "XAUUSD": {
    "bid": 4719.39,
    "ask": 4719.57,
    "spread": 0.18,
    "spread_pct": 0.003814,
    "timestamp": 1777055613.3122516
  },
  "UK100": {
    "bid": 10389.15,
    "ask": 10389.85,
    "spread": 0.7,
    "spread_pct": 0.006738,
    "timestamp": 1777055612.8807237
  },
  "UKOIL": {
    "bid": 99.132,
    "ask": 99.168,
    "spread": 0.036,
    "spread_pct": 0.036309,
    "timestamp": 1777055612.4565547
  },
  "INTEL": {
    "bid": 80.89,
    "ask": 81.05,
    "spread": 0.16,
    "spread_pct": 0.197604,
    "timestamp": 1777055613.4729788
  },
  "JPN225": {
    "bid": 59955.75,
    "ask": 59964.25,
    "spread": 8.5,
    "spread_pct": 0.014176,
    "timestamp": 1777055613.7554884
  },
  "NZDUSD": {
    "bid": 0.58786,
    "ask": 0.58795,
    "spread": 9e-05,
    "spread_pct": 0.015309,
    "timestamp": 1777055613.4623628
  },
  "NFLX": {
    "bid": 91.82,
    "ask": 92.88,
    "spread": 1.06,
    "spread_pct": 1.147807,
    "timestamp": 1777055612.577898
  },
  "AMD": {
    "bid": 346.36,
    "ask": 346.48,
    "spread": 0.12,
    "spread_pct": 0.03464,
    "timestamp": 1777055613.4733396
  },
  "GER30": {
    "bid": 24350.91,
    "ask": 24352.09,
    "spread": 1.18,
    "spread_pct": 0.004846,
    "timestamp": 1777055613.7573404
  },
  "XAGUSD": {
    "bid": 76.384,
    "ask": 76.485,
    "spread": 0.101,
    "spread_pct": 0.132139,
    "timestamp": 1777055613.3120914
  },
  "PLTR": {
    "bid": 143.11,
    "ask": 143.25,
    "spread": 0.14,
    "spread_pct": 0.097779,
    "timestamp": 1777055613.2024794
  },
  "GOOG": {
    "bid": 343.44,
    "ask": 343.86,
    "spread": 0.42,
    "spread_pct": 0.122217,
    "timestamp": 1777055611.2632987
  },
  "NGAS": {
    "bid": 2.6801,
    "ask": 2.6929,
    "spread": 0.0128,
    "spread_pct": 0.476456,
    "timestamp": 1777055612.1503935
  },
  "SP500": {
    "bid": 7187.71,
    "ask": 7188.04,
    "spread": 0.33,
    "spread_pct": 0.004591,
    "timestamp": 1777055613.5835214
  },
  "EURUSD": {
    "bid": 1.17146,
    "ask": 1.17154,
    "spread": 8e-05,
    "spread_pct": 0.006829,
    "timestamp": 1777055612.7543228
  },
  "NVIDIA": {
    "bid": 208.18,
    "ask": 208.53,
    "spread": 0.35,
    "spread_pct": 0.167983,
    "timestamp": 1777055613.6521208
  },
  "USOIL": {
    "bid": 94.566,
    "ask": 94.604,
    "spread": 0.038,
    "spread_pct": 0.040176,
    "timestamp": 1777055613.1359098
  },
  "TSLA": {
    "bid": 375.31,
    "ask": 375.83,
    "spread": 0.52,
    "spread_pct": 0.138456,
    "timestamp": 1777055613.1979108
  },
  "AMZN": {
    "bid": 262.91,
    "ask": 263.25,
    "spread": 0.34,
    "spread_pct": 0.129238,
    "timestamp": 1777055613.2023468
  },
  "GBPUSD": {
    "bid": 1.35252,
    "ask": 1.35262,
    "spread": 0.0001,
    "spread_pct": 0.007393,
    "timestamp": 1777055613.691669
  },
  "AUDUSD": {
    "bid": 0.71495,
    "ask": 0.71506,
    "spread": 0.00011,
    "spread_pct": 0.015385,
    "timestamp": 1777055612.150208
  },
  "TSM": {
    "bid": 405.39,
    "ask": 405.84,
    "spread": 0.45,
    "spread_pct": 0.110943,
    "timestamp": 1777055613.136026
  },
  "MSTR": {
    "bid": 170.67,
    "ask": 171.35,
    "spread": 0.68,
    "spread_pct": 0.397638,
    "timestamp": 1777055613.1983407
  },
  "XPTUSD": {
    "bid": 2014.24,
    "ask": 2024.28,
    "spread": 10.04,
    "spread_pct": 0.497212,
    "timestamp": 1777055612.4568825
  },
  "COST": {
    "bid": 1007.58,
    "ask": 1008.14,
    "spread": 0.56,
    "spread_pct": 0.055563,
    "timestamp": 1777055613.1361146
  },
  "XALUSD": {
    "bid": 3595.73,
    "ask": 3611.07,
    "spread": 15.34,
    "spread_pct": 0.425709,
    "timestamp": 1777052799.255632
  },
  "XPDUSD": {
    "bid": 1498.14,
    "ask": 1505.36,
    "spread": 7.22,
    "spread_pct": 0.480772,
    "timestamp": 1777055611.8298235
  }
}