{
  "AAPL": {
    "bid": 298.25,
    "ask": 298.55,
    "spread": 0.3,
    "spread_pct": 0.100536,
    "timestamp": 1778711012.1205013
  },
  "COPPER": {
    "bid": 661.74,
    "ask": 662.16,
    "spread": 0.42,
    "spread_pct": 0.063449,
    "timestamp": 1778710993.802762
  },
  "META": {
    "bid": 615.45,
    "ask": 616.07,
    "spread": 0.62,
    "spread_pct": 0.100689,
    "timestamp": 1778711012.2902899
  },
  "MSFT": {
    "bid": 404.58,
    "ask": 404.98,
    "spread": 0.4,
    "spread_pct": 0.098819,
    "timestamp": 1778711012.3428943
  },
  "ORCL": {
    "bid": 190.53,
    "ask": 190.72,
    "spread": 0.19,
    "spread_pct": 0.099672,
    "timestamp": 1778711012.2901773
  },
  "DJ30": {
    "bid": 49896.86,
    "ask": 49898.14,
    "spread": 1.28,
    "spread_pct": 0.002565,
    "timestamp": 1778711012.5135624
  },
  "TECH100": {
    "bid": 29550.59,
    "ask": 29551.01,
    "spread": 0.42,
    "spread_pct": 0.001421,
    "timestamp": 1778711012.5133893
  },
  "XAUUSD": {
    "bid": 4695.03,
    "ask": 4695.21,
    "spread": 0.18,
    "spread_pct": 0.003834,
    "timestamp": 1778711011.5061197
  },
  "UK100": {
    "bid": 10341.63,
    "ask": 10342.37,
    "spread": 0.74,
    "spread_pct": 0.007155,
    "timestamp": 1778700391.7556927
  },
  "UKOIL": {
    "bid": 105.766,
    "ask": 105.804,
    "spread": 0.038,
    "spread_pct": 0.035922,
    "timestamp": 1778700391.5422468
  },
  "INTEL": {
    "bid": 121.1,
    "ask": 121.24,
    "spread": 0.14,
    "spread_pct": 0.11554,
    "timestamp": 1778700391.9036784
  },
  "JPN225": {
    "bid": 63398.59,
    "ask": 63406.41,
    "spread": 7.82,
    "spread_pct": 0.012334,
    "timestamp": 1778700391.6914995
  },
  "NZDUSD": {
    "bid": 0.59363,
    "ask": 0.59374,
    "spread": 0.00011,
    "spread_pct": 0.018528,
    "timestamp": 1778711001.1357691
  },
  "NFLX": {
    "bid": 87.54,
    "ask": 87.67,
    "spread": 0.13,
    "spread_pct": 0.148393,
    "timestamp": 1778711012.3302531
  },
  "AMD": {
    "bid": 444.26,
    "ask": 444.7,
    "spread": 0.44,
    "spread_pct": 0.098992,
    "timestamp": 1778711012.1484747
  },
  "GER30": {
    "bid": 24266.27,
    "ask": 24267.53,
    "spread": 1.26,
    "spread_pct": 0.005192,
    "timestamp": 1778700391.5525467
  },
  "XAGUSD": {
    "bid": 87.814,
    "ask": 87.917,
    "spread": 0.103,
    "spread_pct": 0.117225,
    "timestamp": 1778711012.1205955
  },
  "PLTR": {
    "bid": 130.2,
    "ask": 130.33,
    "spread": 0.13,
    "spread_pct": 0.099797,
    "timestamp": 1778711012.1842282
  },
  "GOOG": {
    "bid": 402.22,
    "ask": 402.62,
    "spread": 0.4,
    "spread_pct": 0.099399,
    "timestamp": 1778700392.2463646
  },
  "NGAS": {
    "bid": 2.8598,
    "ask": 2.8722,
    "spread": 0.0124,
    "spread_pct": 0.432659,
    "timestamp": 1778711002.4894183
  },
  "SP500": {
    "bid": 7474.72,
    "ask": 7475.03,
    "spread": 0.31,
    "spread_pct": 0.004147,
    "timestamp": 1778711012.3322191
  },
  "EURUSD": {
    "bid": 1.17172,
    "ask": 1.17183,
    "spread": 0.00011,
    "spread_pct": 0.009387,
    "timestamp": 1778711007.7519054
  },
  "NVIDIA": {
    "bid": 226.33,
    "ask": 226.63,
    "spread": 0.3,
    "spread_pct": 0.132462,
    "timestamp": 1778700392.3255315
  },
  "USOIL": {
    "bid": 95.64,
    "ask": 97.51,
    "spread": 1.87,
    "spread_pct": 1.936319,
    "timestamp": 1778711000.5827801
  },
  "TSLA": {
    "bid": 446.54,
    "ask": 447.08,
    "spread": 0.54,
    "spread_pct": 0.120857,
    "timestamp": 1778711012.1606655
  },
  "AMZN": {
    "bid": 270.15,
    "ask": 270.42,
    "spread": 0.27,
    "spread_pct": 0.099895,
    "timestamp": 1778711012.1054034
  },
  "GBPUSD": {
    "bid": 1.35291,
    "ask": 1.353,
    "spread": 9e-05,
    "spread_pct": 0.006652,
    "timestamp": 1778711009.6841488
  },
  "AUDUSD": {
    "bid": 0.72596,
    "ask": 0.72606,
    "spread": 0.0001,
    "spread_pct": 0.013774,
    "timestamp": 1778711011.9182663
  },
  "TSM": {
    "bid": 400.56,
    "ask": 400.96,
    "spread": 0.4,
    "spread_pct": 0.09981,
    "timestamp": 1778711012.226084
  },
  "MSTR": {
    "bid": 177.89,
    "ask": 178.07,
    "spread": 0.18,
    "spread_pct": 0.101135,
    "timestamp": 1778711012.225311
  },
  "XPTUSD": {
    "bid": 2130.19,
    "ask": 2140.46,
    "spread": 10.27,
    "spread_pct": 0.480957,
    "timestamp": 1778711012.513481
  },
  "COST": {
    "bid": 1029.65,
    "ask": 1031.54,
    "spread": 1.89,
    "spread_pct": 0.183389,
    "timestamp": 1778711012.2991827
  },
  "XALUSD": {
    "bid": 3642.65,
    "ask": 3657.95,
    "spread": 15.3,
    "spread_pct": 0.419144,
    "timestamp": 1778693630.2598474
  },
  "XPDUSD": {
    "bid": 1498.22,
    "ask": 1505.53,
    "spread": 7.31,
    "spread_pct": 0.486725,
    "timestamp": 1778711012.2578812
  }
}