{
  "AAPL": {
    "bid": 281.21,
    "ask": 281.49,
    "spread": 0.28,
    "spread_pct": 0.09952,
    "timestamp": 1777637564.1193173
  },
  "COPPER": {
    "bid": 597.22,
    "ask": 597.62,
    "spread": 0.4,
    "spread_pct": 0.066955,
    "timestamp": 1777637564.643464
  },
  "META": {
    "bid": 614.83,
    "ask": 615.45,
    "spread": 0.62,
    "spread_pct": 0.10079,
    "timestamp": 1777637564.1716652
  },
  "MSFT": {
    "bid": 410.52,
    "ask": 410.93,
    "spread": 0.41,
    "spread_pct": 0.099823,
    "timestamp": 1777637564.2913685
  },
  "ORCL": {
    "bid": 164.72,
    "ask": 164.88,
    "spread": 0.16,
    "spread_pct": 0.097087,
    "timestamp": 1777637564.2337003
  },
  "DJ30": {
    "bid": 49982.92,
    "ask": 49984.08,
    "spread": 1.16,
    "spread_pct": 0.002321,
    "timestamp": 1777637564.5781906
  },
  "TECH100": {
    "bid": 27569.53,
    "ask": 27569.97,
    "spread": 0.44,
    "spread_pct": 0.001596,
    "timestamp": 1777637564.5347517
  },
  "XAUUSD": {
    "bid": 4578.34,
    "ask": 4578.54,
    "spread": 0.2,
    "spread_pct": 0.004368,
    "timestamp": 1777637564.292174
  },
  "UK100": {
    "bid": 10308.5,
    "ask": 10312.5,
    "spread": 4.0,
    "spread_pct": 0.038795,
    "timestamp": 1777637564.409965
  },
  "UKOIL": {
    "bid": 110.826,
    "ask": 110.864,
    "spread": 0.038,
    "spread_pct": 0.034282,
    "timestamp": 1777637564.5780873
  },
  "INTEL": {
    "bid": 92.57,
    "ask": 92.75,
    "spread": 0.18,
    "spread_pct": 0.194259,
    "timestamp": 1777575686.2138278
  },
  "JPN225": {
    "bid": 59207.99,
    "ask": 59217.01,
    "spread": 9.02,
    "spread_pct": 0.015233,
    "timestamp": 1777637564.4419954
  },
  "NZDUSD": {
    "bid": 0.58968,
    "ask": 0.58979,
    "spread": 0.00011,
    "spread_pct": 0.018652,
    "timestamp": 1777637564.5431366
  },
  "NFLX": {
    "bid": 93.88,
    "ask": 94.02,
    "spread": 0.14,
    "spread_pct": 0.149015,
    "timestamp": 1777637564.3361285
  },
  "AMD": {
    "bid": 350.13,
    "ask": 350.6,
    "spread": 0.47,
    "spread_pct": 0.134146,
    "timestamp": 1777637564.3786368
  },
  "GER30": {
    "bid": 24426.99,
    "ask": 24428.01,
    "spread": 1.02,
    "spread_pct": 0.004176,
    "timestamp": 1777575685.1484106
  },
  "XAGUSD": {
    "bid": 73.744,
    "ask": 73.847,
    "spread": 0.103,
    "spread_pct": 0.139575,
    "timestamp": 1777637564.2920527
  },
  "PLTR": {
    "bid": 141.69,
    "ask": 141.83,
    "spread": 0.14,
    "spread_pct": 0.098758,
    "timestamp": 1777637564.136887
  },
  "GOOG": {
    "bid": 381.5,
    "ask": 381.92,
    "spread": 0.42,
    "spread_pct": 0.110031,
    "timestamp": 1777575686.4626043
  },
  "NGAS": {
    "bid": 2.8066,
    "ask": 2.8194,
    "spread": 0.0128,
    "spread_pct": 0.45503,
    "timestamp": 1777637563.2296004
  },
  "SP500": {
    "bid": 7259.22,
    "ask": 7259.53,
    "spread": 0.31,
    "spread_pct": 0.00427,
    "timestamp": 1777637564.5566552
  },
  "EURUSD": {
    "bid": 1.17535,
    "ask": 1.17545,
    "spread": 0.0001,
    "spread_pct": 0.008508,
    "timestamp": 1777637564.3796566
  },
  "NVIDIA": {
    "bid": 201.78,
    "ask": 202.11,
    "spread": 0.33,
    "spread_pct": 0.163411,
    "timestamp": 1777575686.2136922
  },
  "USOIL": {
    "bid": 102.94,
    "ask": 104.83,
    "spread": 1.89,
    "spread_pct": 1.819319,
    "timestamp": 1777637564.4420931
  },
  "TSLA": {
    "bid": 382.41,
    "ask": 382.87,
    "spread": 0.46,
    "spread_pct": 0.120217,
    "timestamp": 1777637564.1715434
  },
  "AMZN": {
    "bid": 262.83,
    "ask": 263.09,
    "spread": 0.26,
    "spread_pct": 0.098874,
    "timestamp": 1777637564.3485565
  },
  "GBPUSD": {
    "bid": 1.36256,
    "ask": 1.36265,
    "spread": 9e-05,
    "spread_pct": 0.006605,
    "timestamp": 1777637564.4421678
  },
  "AUDUSD": {
    "bid": 0.71994,
    "ask": 0.72002,
    "spread": 8e-05,
    "spread_pct": 0.011111,
    "timestamp": 1777637564.2261496
  },
  "TSM": {
    "bid": 394.25,
    "ask": 394.64,
    "spread": 0.39,
    "spread_pct": 0.098873,
    "timestamp": 1777637564.2258348
  },
  "MSTR": {
    "bid": 169.05,
    "ask": 169.22,
    "spread": 0.17,
    "spread_pct": 0.100511,
    "timestamp": 1777637564.1709502
  },
  "XPTUSD": {
    "bid": 1983.16,
    "ask": 1993.26,
    "spread": 10.1,
    "spread_pct": 0.507995,
    "timestamp": 1777637564.2160943
  },
  "COST": {
    "bid": 1013.39,
    "ask": 1014.83,
    "spread": 1.44,
    "spread_pct": 0.141996,
    "timestamp": 1777637564.2338529
  },
  "XALUSD": {
    "bid": 3518.39,
    "ask": 3533.61,
    "spread": 15.22,
    "spread_pct": 0.431651,
    "timestamp": 1777637550.7903152
  },
  "XPDUSD": {
    "bid": 1528.39,
    "ask": 1535.91,
    "spread": 7.52,
    "spread_pct": 0.490814,
    "timestamp": 1777637564.643365
  }
}