{
  "AAPL": {
    "bid": 294.52,
    "ask": 294.81,
    "spread": 0.29,
    "spread_pct": 0.098417,
    "timestamp": 1778613498.360285
  },
  "COPPER": {
    "bid": 662.99,
    "ask": 663.37,
    "spread": 0.38,
    "spread_pct": 0.0573,
    "timestamp": 1778613498.7745645
  },
  "META": {
    "bid": 599.9,
    "ask": 600.74,
    "spread": 0.84,
    "spread_pct": 0.139925,
    "timestamp": 1778613498.8193848
  },
  "MSFT": {
    "bid": 408.2,
    "ask": 408.61,
    "spread": 0.41,
    "spread_pct": 0.100391,
    "timestamp": 1778613498.3603868
  },
  "ORCL": {
    "bid": 185.22,
    "ask": 185.55,
    "spread": 0.33,
    "spread_pct": 0.178008,
    "timestamp": 1778613498.2146266
  },
  "DJ30": {
    "bid": 49871.94,
    "ask": 49873.06,
    "spread": 1.12,
    "spread_pct": 0.002246,
    "timestamp": 1778613498.255927
  },
  "TECH100": {
    "bid": 29052.12,
    "ask": 29052.52,
    "spread": 0.4,
    "spread_pct": 0.001377,
    "timestamp": 1778613498.2351644
  },
  "XAUUSD": {
    "bid": 4701.06,
    "ask": 4701.26,
    "spread": 0.2,
    "spread_pct": 0.004254,
    "timestamp": 1778613498.2558088
  },
  "UK100": {
    "bid": 10286.58,
    "ask": 10287.42,
    "spread": 0.84,
    "spread_pct": 0.008166,
    "timestamp": 1778613498.3962438
  },
  "UKOIL": {
    "bid": 107.704,
    "ask": 107.736,
    "spread": 0.032,
    "spread_pct": 0.029707,
    "timestamp": 1778613498.135042
  },
  "INTEL": {
    "bid": 119.22,
    "ask": 119.34,
    "spread": 0.12,
    "spread_pct": 0.100604,
    "timestamp": 1778613498.5928645
  },
  "JPN225": {
    "bid": 62323.39,
    "ask": 62331.61,
    "spread": 8.22,
    "spread_pct": 0.013188,
    "timestamp": 1778613492.9886267
  },
  "NZDUSD": {
    "bid": 0.59531,
    "ask": 0.59542,
    "spread": 0.00011,
    "spread_pct": 0.018476,
    "timestamp": 1778613498.4446409
  },
  "NFLX": {
    "bid": 87.07,
    "ask": 88.11,
    "spread": 1.04,
    "spread_pct": 1.18735,
    "timestamp": 1778613498.7746894
  },
  "AMD": {
    "bid": 441.13,
    "ask": 441.31,
    "spread": 0.18,
    "spread_pct": 0.040796,
    "timestamp": 1778613498.3963552
  },
  "GER30": {
    "bid": 24107.99,
    "ask": 24109.07,
    "spread": 1.08,
    "spread_pct": 0.00448,
    "timestamp": 1778613498.7007039
  },
  "XAGUSD": {
    "bid": 86.217,
    "ask": 86.322,
    "spread": 0.105,
    "spread_pct": 0.121712,
    "timestamp": 1778613498.2550228
  },
  "PLTR": {
    "bid": 133.99,
    "ask": 134.17,
    "spread": 0.18,
    "spread_pct": 0.134248,
    "timestamp": 1778613498.396534
  },
  "GOOG": {
    "bid": 385.32,
    "ask": 385.72,
    "spread": 0.4,
    "spread_pct": 0.103756,
    "timestamp": 1778613498.329054
  },
  "NGAS": {
    "bid": 2.8319,
    "ask": 2.8441,
    "spread": 0.0122,
    "spread_pct": 0.42988,
    "timestamp": 1778613494.178314
  },
  "SP500": {
    "bid": 7415.97,
    "ask": 7416.28,
    "spread": 0.31,
    "spread_pct": 0.00418,
    "timestamp": 1778613498.396423
  },
  "EURUSD": {
    "bid": 1.17428,
    "ask": 1.17438,
    "spread": 0.0001,
    "spread_pct": 0.008515,
    "timestamp": 1778613498.8192854
  },
  "NVIDIA": {
    "bid": 220.74,
    "ask": 221.07,
    "spread": 0.33,
    "spread_pct": 0.149385,
    "timestamp": 1778613498.4447348
  },
  "USOIL": {
    "bid": 98.469,
    "ask": 98.505,
    "spread": 0.036,
    "spread_pct": 0.036553,
    "timestamp": 1778613497.3942127
  },
  "TSLA": {
    "bid": 432.58,
    "ask": 433.12,
    "spread": 0.54,
    "spread_pct": 0.124755,
    "timestamp": 1778613498.3964813
  },
  "AMZN": {
    "bid": 264.5,
    "ask": 264.82,
    "spread": 0.32,
    "spread_pct": 0.12091,
    "timestamp": 1778613498.5201275
  },
  "GBPUSD": {
    "bid": 1.35393,
    "ask": 1.35403,
    "spread": 0.0001,
    "spread_pct": 0.007386,
    "timestamp": 1778613498.25515
  },
  "AUDUSD": {
    "bid": 0.72383,
    "ask": 0.72392,
    "spread": 9e-05,
    "spread_pct": 0.012433,
    "timestamp": 1778613498.159207
  },
  "TSM": {
    "bid": 396.66,
    "ask": 397.13,
    "spread": 0.47,
    "spread_pct": 0.118419,
    "timestamp": 1778613498.1348572
  },
  "MSTR": {
    "bid": 183.04,
    "ask": 183.78,
    "spread": 0.74,
    "spread_pct": 0.403468,
    "timestamp": 1778613498.3965895
  },
  "XPTUSD": {
    "bid": 2120.36,
    "ask": 2130.44,
    "spread": 10.08,
    "spread_pct": 0.474264,
    "timestamp": 1778613495.0728142
  },
  "COST": {
    "bid": 1019.3,
    "ask": 1019.9,
    "spread": 0.6,
    "spread_pct": 0.058847,
    "timestamp": 1778613498.5202343
  },
  "XALUSD": {
    "bid": 3557.03,
    "ask": 3572.27,
    "spread": 15.24,
    "spread_pct": 0.427531,
    "timestamp": 1778599401.8112879
  },
  "XPDUSD": {
    "bid": 1493.39,
    "ask": 1500.61,
    "spread": 7.22,
    "spread_pct": 0.482298,
    "timestamp": 1778613491.4263647
  }
}