{
  "AAPL": {
    "bid": 301.98,
    "ask": 302.28,
    "spread": 0.3,
    "spread_pct": 0.099295,
    "timestamp": 1778864551.2775536
  },
  "COPPER": {
    "bid": 658.63,
    "ask": 659.03,
    "spread": 0.4,
    "spread_pct": 0.060714,
    "timestamp": 1778745929.310647
  },
  "META": {
    "bid": 616.14,
    "ask": 616.76,
    "spread": 0.62,
    "spread_pct": 0.100576,
    "timestamp": 1778864551.2577436
  },
  "MSFT": {
    "bid": 424.33,
    "ask": 424.47,
    "spread": 0.14,
    "spread_pct": 0.032988,
    "timestamp": 1778864551.128755
  },
  "ORCL": {
    "bid": 193.54,
    "ask": 193.73,
    "spread": 0.19,
    "spread_pct": 0.098123,
    "timestamp": 1778864551.289561
  },
  "DJ30": {
    "bid": 49717.13,
    "ask": 49718.27,
    "spread": 1.14,
    "spread_pct": 0.002293,
    "timestamp": 1778864551.384237
  },
  "TECH100": {
    "bid": 29328.4,
    "ask": 29328.88,
    "spread": 0.48,
    "spread_pct": 0.001637,
    "timestamp": 1778864551.4378147
  },
  "XAUUSD": {
    "bid": 4551.32,
    "ask": 4551.54,
    "spread": 0.22,
    "spread_pct": 0.004834,
    "timestamp": 1778864551.184671
  },
  "UK100": {
    "bid": 10195.24,
    "ask": 10195.98,
    "spread": 0.74,
    "spread_pct": 0.007258,
    "timestamp": 1778864548.227668
  },
  "UKOIL": {
    "bid": 109.028,
    "ask": 109.06,
    "spread": 0.032,
    "spread_pct": 0.029346,
    "timestamp": 1778864548.364206
  },
  "INTEL": {
    "bid": 107.89,
    "ask": 108.03,
    "spread": 0.14,
    "spread_pct": 0.129678,
    "timestamp": 1778864551.5848622
  },
  "JPN225": {
    "bid": 61948.71,
    "ask": 61957.79,
    "spread": 9.08,
    "spread_pct": 0.014656,
    "timestamp": 1778864551.584728
  },
  "NZDUSD": {
    "bid": 0.58465,
    "ask": 0.58476,
    "spread": 0.00011,
    "spread_pct": 0.018813,
    "timestamp": 1778864551.1286564
  },
  "NFLX": {
    "bid": 86.74,
    "ask": 87.78,
    "spread": 1.04,
    "spread_pct": 1.19184,
    "timestamp": 1778864551.9366136
  },
  "AMD": {
    "bid": 431.98,
    "ask": 432.41,
    "spread": 0.43,
    "spread_pct": 0.099492,
    "timestamp": 1778864551.3197582
  },
  "GER30": {
    "bid": 23950.5,
    "ask": 23951.8,
    "spread": 1.3,
    "spread_pct": 0.005428,
    "timestamp": 1778864551.9364276
  },
  "XAGUSD": {
    "bid": 76.505,
    "ask": 76.61,
    "spread": 0.105,
    "spread_pct": 0.137152,
    "timestamp": 1778864551.3402042
  },
  "PLTR": {
    "bid": 134.46,
    "ask": 134.59,
    "spread": 0.13,
    "spread_pct": 0.096636,
    "timestamp": 1778864551.3205554
  },
  "GOOG": {
    "bid": 396.06,
    "ask": 396.46,
    "spread": 0.4,
    "spread_pct": 0.100944,
    "timestamp": 1778864551.6276076
  },
  "NGAS": {
    "bid": 2.96,
    "ask": 2.973,
    "spread": 0.013,
    "spread_pct": 0.438227,
    "timestamp": 1778864551.8718119
  },
  "SP500": {
    "bid": 7447.78,
    "ask": 7448.08,
    "spread": 0.3,
    "spread_pct": 0.004028,
    "timestamp": 1778864551.3304756
  },
  "EURUSD": {
    "bid": 1.16317,
    "ask": 1.16326,
    "spread": 9e-05,
    "spread_pct": 0.007737,
    "timestamp": 1778864549.3645701
  },
  "NVIDIA": {
    "bid": 227.87,
    "ask": 228.19,
    "spread": 0.32,
    "spread_pct": 0.140332,
    "timestamp": 1778864550.1277456
  },
  "USOIL": {
    "bid": 100.619,
    "ask": 100.657,
    "spread": 0.038,
    "spread_pct": 0.037759,
    "timestamp": 1778864550.5588825
  },
  "TSLA": {
    "bid": 425.28,
    "ask": 425.79,
    "spread": 0.51,
    "spread_pct": 0.119849,
    "timestamp": 1778864551.136766
  },
  "AMZN": {
    "bid": 261.92,
    "ask": 262.18,
    "spread": 0.26,
    "spread_pct": 0.099218,
    "timestamp": 1778864551.1679888
  },
  "GBPUSD": {
    "bid": 1.33322,
    "ask": 1.33331,
    "spread": 9e-05,
    "spread_pct": 0.00675,
    "timestamp": 1778864551.4377422
  },
  "AUDUSD": {
    "bid": 0.71582,
    "ask": 0.7159,
    "spread": 8e-05,
    "spread_pct": 0.011175,
    "timestamp": 1778864551.1368916
  },
  "TSM": {
    "bid": 406.17,
    "ask": 406.62,
    "spread": 0.45,
    "spread_pct": 0.11073,
    "timestamp": 1778864551.7648184
  },
  "MSTR": {
    "bid": 174.83,
    "ask": 175.0,
    "spread": 0.17,
    "spread_pct": 0.09719,
    "timestamp": 1778864551.2894666
  },
  "XPTUSD": {
    "bid": 1979.99,
    "ask": 1989.97,
    "spread": 9.98,
    "spread_pct": 0.502776,
    "timestamp": 1778864551.5848014
  },
  "COST": {
    "bid": 1045.58,
    "ask": 1046.63,
    "spread": 1.05,
    "spread_pct": 0.100372,
    "timestamp": 1778864551.1048138
  },
  "XALUSD": {
    "bid": 3559.49,
    "ask": 3574.91,
    "spread": 15.42,
    "spread_pct": 0.432272,
    "timestamp": 1778864538.7208347
  },
  "XPDUSD": {
    "bid": 1414.08,
    "ask": 1421.3,
    "spread": 7.22,
    "spread_pct": 0.509279,
    "timestamp": 1778864551.1845195
  }
}