{
  "AAPL": {
    "bid": 288.04,
    "ask": 288.33,
    "spread": 0.29,
    "spread_pct": 0.10063,
    "timestamp": 1778233825.22162
  },
  "COPPER": {
    "bid": 628.8,
    "ask": 629.2,
    "spread": 0.4,
    "spread_pct": 0.063593,
    "timestamp": 1778233824.9986148
  },
  "META": {
    "bid": 618.92,
    "ask": 619.54,
    "spread": 0.62,
    "spread_pct": 0.100124,
    "timestamp": 1778233825.317495
  },
  "MSFT": {
    "bid": 421.12,
    "ask": 421.54,
    "spread": 0.42,
    "spread_pct": 0.099684,
    "timestamp": 1778233825.3384163
  },
  "ORCL": {
    "bid": 192.51,
    "ask": 192.94,
    "spread": 0.43,
    "spread_pct": 0.223116,
    "timestamp": 1778233825.3586855
  },
  "DJ30": {
    "bid": 49833.9,
    "ask": 49835.1,
    "spread": 1.2,
    "spread_pct": 0.002408,
    "timestamp": 1778233824.5919502
  },
  "TECH100": {
    "bid": 28844.16,
    "ask": 28844.59,
    "spread": 0.43,
    "spread_pct": 0.001491,
    "timestamp": 1778233825.510463
  },
  "XAUUSD": {
    "bid": 4710.7,
    "ask": 4710.88,
    "spread": 0.18,
    "spread_pct": 0.003821,
    "timestamp": 1778233825.6178422
  },
  "UK100": {
    "bid": 10253.1,
    "ask": 10253.9,
    "spread": 0.8,
    "spread_pct": 0.007802,
    "timestamp": 1778233825.564212
  },
  "UKOIL": {
    "bid": 100.414,
    "ask": 100.446,
    "spread": 0.032,
    "spread_pct": 0.031863,
    "timestamp": 1778233825.6387045
  },
  "INTEL": {
    "bid": 109.85,
    "ask": 110.01,
    "spread": 0.16,
    "spread_pct": 0.145547,
    "timestamp": 1778181256.3747072
  },
  "JPN225": {
    "bid": 62813.87,
    "ask": 62821.13,
    "spread": 7.26,
    "spread_pct": 0.011557,
    "timestamp": 1778233825.6794066
  },
  "NZDUSD": {
    "bid": 0.59637,
    "ask": 0.59646,
    "spread": 9e-05,
    "spread_pct": 0.01509,
    "timestamp": 1778233825.454827
  },
  "NFLX": {
    "bid": 88.01,
    "ask": 88.19,
    "spread": 0.18,
    "spread_pct": 0.204313,
    "timestamp": 1778233825.2889707
  },
  "AMD": {
    "bid": 414.41,
    "ask": 414.82,
    "spread": 0.41,
    "spread_pct": 0.098887,
    "timestamp": 1778233825.2531815
  },
  "GER30": {
    "bid": 24530.42,
    "ask": 24531.58,
    "spread": 1.16,
    "spread_pct": 0.004729,
    "timestamp": 1778233824.2106564
  },
  "XAGUSD": {
    "bid": 80.134,
    "ask": 80.235,
    "spread": 0.101,
    "spread_pct": 0.12596,
    "timestamp": 1778233825.1936932
  },
  "PLTR": {
    "bid": 137.06,
    "ask": 137.2,
    "spread": 0.14,
    "spread_pct": 0.102093,
    "timestamp": 1778233825.3125527
  },
  "GOOG": {
    "bid": 395.86,
    "ask": 396.26,
    "spread": 0.4,
    "spread_pct": 0.100995,
    "timestamp": 1778181255.3544738
  },
  "NGAS": {
    "bid": 2.8009,
    "ask": 2.8141,
    "spread": 0.0132,
    "spread_pct": 0.470169,
    "timestamp": 1778233823.6317801
  },
  "SP500": {
    "bid": 7394.21,
    "ask": 7394.54,
    "spread": 0.33,
    "spread_pct": 0.004463,
    "timestamp": 1778233825.1937978
  },
  "EURUSD": {
    "bid": 1.1769,
    "ask": 1.17701,
    "spread": 0.00011,
    "spread_pct": 0.009346,
    "timestamp": 1778233825.6394608
  },
  "NVIDIA": {
    "bid": 212.53,
    "ask": 212.85,
    "spread": 0.32,
    "spread_pct": 0.150454,
    "timestamp": 1778181256.3437207
  },
  "USOIL": {
    "bid": 93.95,
    "ask": 95.83,
    "spread": 1.88,
    "spread_pct": 1.981241,
    "timestamp": 1778233825.6386113
  },
  "TSLA": {
    "bid": 415.05,
    "ask": 415.55,
    "spread": 0.5,
    "spread_pct": 0.120395,
    "timestamp": 1778233825.094461
  },
  "AMZN": {
    "bid": 271.94,
    "ask": 272.21,
    "spread": 0.27,
    "spread_pct": 0.099237,
    "timestamp": 1778233825.3124568
  },
  "GBPUSD": {
    "bid": 1.36152,
    "ask": 1.36161,
    "spread": 9e-05,
    "spread_pct": 0.00661,
    "timestamp": 1778233825.618019
  },
  "AUDUSD": {
    "bid": 0.72349,
    "ask": 0.72361,
    "spread": 0.00012,
    "spread_pct": 0.016585,
    "timestamp": 1778233825.6389515
  },
  "TSM": {
    "bid": 414.96,
    "ask": 415.38,
    "spread": 0.42,
    "spread_pct": 0.101163,
    "timestamp": 1778233825.191209
  },
  "MSTR": {
    "bid": 180.72,
    "ask": 180.9,
    "spread": 0.18,
    "spread_pct": 0.099552,
    "timestamp": 1778233825.2532763
  },
  "XPTUSD": {
    "bid": 2042.08,
    "ask": 2052.32,
    "spread": 10.24,
    "spread_pct": 0.500195,
    "timestamp": 1778233825.499968
  },
  "COST": {
    "bid": 1010.7,
    "ask": 1011.89,
    "spread": 1.19,
    "spread_pct": 0.117671,
    "timestamp": 1778233825.180134
  },
  "XALUSD": {
    "bid": 3506.33,
    "ask": 3521.62,
    "spread": 15.29,
    "spread_pct": 0.43512,
    "timestamp": 1778233823.0765233
  },
  "XPDUSD": {
    "bid": 1496.75,
    "ask": 1504.11,
    "spread": 7.36,
    "spread_pct": 0.490526,
    "timestamp": 1778233825.6361558
  }
}