{
  "AAPL": {
    "bid": 297.46,
    "ask": 297.76,
    "spread": 0.3,
    "spread_pct": 0.100803,
    "timestamp": 1779139409.1263647
  },
  "COPPER": {
    "bid": 658.63,
    "ask": 659.03,
    "spread": 0.4,
    "spread_pct": 0.060714,
    "timestamp": 1778745929.310647
  },
  "META": {
    "bid": 610.72,
    "ask": 611.33,
    "spread": 0.61,
    "spread_pct": 0.099832,
    "timestamp": 1779139409.1502454
  },
  "MSFT": {
    "bid": 423.64,
    "ask": 424.06,
    "spread": 0.42,
    "spread_pct": 0.099092,
    "timestamp": 1779139409.2607663
  },
  "ORCL": {
    "bid": 186.74,
    "ask": 187.0,
    "spread": 0.26,
    "spread_pct": 0.139134,
    "timestamp": 1779139409.324355
  },
  "DJ30": {
    "bid": 49745.69,
    "ask": 49746.81,
    "spread": 1.12,
    "spread_pct": 0.002251,
    "timestamp": 1779134655.5480266
  },
  "TECH100": {
    "bid": 29091.12,
    "ask": 29091.56,
    "spread": 0.44,
    "spread_pct": 0.001512,
    "timestamp": 1779134655.085424
  },
  "XAUUSD": {
    "bid": 4560.84,
    "ask": 4561.04,
    "spread": 0.2,
    "spread_pct": 0.004385,
    "timestamp": 1779134655.4179888
  },
  "UK100": {
    "bid": 10325.34,
    "ask": 10326.16,
    "spread": 0.82,
    "spread_pct": 0.007941,
    "timestamp": 1779128032.3949327
  },
  "UKOIL": {
    "bid": 108.951,
    "ask": 108.983,
    "spread": 0.032,
    "spread_pct": 0.029367,
    "timestamp": 1779134656.3009615
  },
  "INTEL": {
    "bid": 106.14,
    "ask": 106.3,
    "spread": 0.16,
    "spread_pct": 0.150631,
    "timestamp": 1779128030.307583
  },
  "JPN225": {
    "bid": 61521.45,
    "ask": 61528.55,
    "spread": 7.1,
    "spread_pct": 0.01154,
    "timestamp": 1779134655.4107046
  },
  "NZDUSD": {
    "bid": 0.58708,
    "ask": 0.58719,
    "spread": 0.00011,
    "spread_pct": 0.018735,
    "timestamp": 1779139409.1310718
  },
  "NFLX": {
    "bid": 89.56,
    "ask": 89.69,
    "spread": 0.13,
    "spread_pct": 0.145049,
    "timestamp": 1779139409.0951705
  },
  "AMD": {
    "bid": 421.72,
    "ask": 422.14,
    "spread": 0.42,
    "spread_pct": 0.099543,
    "timestamp": 1779139409.1959674
  },
  "GER30": {
    "bid": 24296.69,
    "ask": 24297.85,
    "spread": 1.16,
    "spread_pct": 0.004774,
    "timestamp": 1779128033.0561764
  },
  "XAGUSD": {
    "bid": 77.318,
    "ask": 77.423,
    "spread": 0.105,
    "spread_pct": 0.135711,
    "timestamp": 1779134656.245845
  },
  "PLTR": {
    "bid": 134.51,
    "ask": 134.64,
    "spread": 0.13,
    "spread_pct": 0.0966,
    "timestamp": 1779139409.3465385
  },
  "GOOG": {
    "bid": 399.9,
    "ask": 400.3,
    "spread": 0.4,
    "spread_pct": 0.099975,
    "timestamp": 1779128032.8518436
  },
  "NGAS": {
    "bid": 3.0192,
    "ask": 3.0322,
    "spread": 0.013,
    "spread_pct": 0.429653,
    "timestamp": 1779134653.5183244
  },
  "SP500": {
    "bid": 7418.51,
    "ask": 7418.83,
    "spread": 0.32,
    "spread_pct": 0.004313,
    "timestamp": 1779134656.3010478
  },
  "EURUSD": {
    "bid": 1.16529,
    "ask": 1.1654,
    "spread": 0.00011,
    "spread_pct": 0.009439,
    "timestamp": 1779139405.6450982
  },
  "NVIDIA": {
    "bid": 220.09,
    "ask": 220.42,
    "spread": 0.33,
    "spread_pct": 0.149826,
    "timestamp": 1779128032.1756685
  },
  "USOIL": {
    "bid": 101.902,
    "ask": 101.94,
    "spread": 0.038,
    "spread_pct": 0.037284,
    "timestamp": 1779134656.3008416
  },
  "TSLA": {
    "bid": 409.89,
    "ask": 410.38,
    "spread": 0.49,
    "spread_pct": 0.119473,
    "timestamp": 1779139409.3467069
  },
  "AMZN": {
    "bid": 264.76,
    "ask": 265.02,
    "spread": 0.26,
    "spread_pct": 0.098154,
    "timestamp": 1779139409.2485015
  },
  "GBPUSD": {
    "bid": 1.34293,
    "ask": 1.34304,
    "spread": 0.00011,
    "spread_pct": 0.008191,
    "timestamp": 1779139406.6128657
  },
  "AUDUSD": {
    "bid": 0.71664,
    "ask": 0.71675,
    "spread": 0.00011,
    "spread_pct": 0.015348,
    "timestamp": 1779139409.292078
  },
  "TSM": {
    "bid": 395.69,
    "ask": 396.09,
    "spread": 0.4,
    "spread_pct": 0.101038,
    "timestamp": 1779139409.3134623
  },
  "MSTR": {
    "bid": 166.86,
    "ask": 167.03,
    "spread": 0.17,
    "spread_pct": 0.10183,
    "timestamp": 1779139409.2238133
  },
  "XPTUSD": {
    "bid": 1972.44,
    "ask": 1982.46,
    "spread": 10.02,
    "spread_pct": 0.506713,
    "timestamp": 1779134654.1539736
  },
  "COST": {
    "bid": 1074.99,
    "ask": 1076.4,
    "spread": 1.41,
    "spread_pct": 0.131078,
    "timestamp": 1779139410.0987132
  },
  "XALUSD": {
    "bid": 3560.48,
    "ask": 3575.72,
    "spread": 15.24,
    "spread_pct": 0.427118,
    "timestamp": 1779120947.9483714
  },
  "XPDUSD": {
    "bid": 1413.81,
    "ask": 1421.13,
    "spread": 7.32,
    "spread_pct": 0.516413,
    "timestamp": 1779134642.1996536
  }
}