{
  "AAPL": {
    "bid": 270.04,
    "ask": 270.22,
    "spread": 0.18,
    "spread_pct": 0.066635,
    "timestamp": 1777059403.1095536
  },
  "COPPER": {
    "bid": 609.93,
    "ask": 610.33,
    "spread": 0.4,
    "spread_pct": 0.06556,
    "timestamp": 1777280892.420699
  },
  "META": {
    "bid": 676.18,
    "ask": 677.0,
    "spread": 0.82,
    "spread_pct": 0.121196,
    "timestamp": 1777059400.6640484
  },
  "MSFT": {
    "bid": 423.33,
    "ask": 423.49,
    "spread": 0.16,
    "spread_pct": 0.037788,
    "timestamp": 1777059402.2954955
  },
  "ORCL": {
    "bid": 173.44,
    "ask": 173.6,
    "spread": 0.16,
    "spread_pct": 0.092208,
    "timestamp": 1777059402.2959394
  },
  "DJ30": {
    "bid": 49335.92,
    "ask": 49337.08,
    "spread": 1.16,
    "spread_pct": 0.002351,
    "timestamp": 1777280892.5273972
  },
  "TECH100": {
    "bid": 27441.17,
    "ask": 27441.58,
    "spread": 0.41,
    "spread_pct": 0.001494,
    "timestamp": 1777280892.2245286
  },
  "XAUUSD": {
    "bid": 4707.55,
    "ask": 4707.75,
    "spread": 0.2,
    "spread_pct": 0.004248,
    "timestamp": 1777280892.2255218
  },
  "UK100": {
    "bid": 10397.83,
    "ask": 10398.67,
    "spread": 0.84,
    "spread_pct": 0.008078,
    "timestamp": 1777280891.7206275
  },
  "UKOIL": {
    "bid": 101.464,
    "ask": 101.496,
    "spread": 0.032,
    "spread_pct": 0.031533,
    "timestamp": 1777280891.2728562
  },
  "INTEL": {
    "bid": 80.89,
    "ask": 81.03,
    "spread": 0.14,
    "spread_pct": 0.172925,
    "timestamp": 1777059403.1093316
  },
  "JPN225": {
    "bid": 60388.17,
    "ask": 60396.83,
    "spread": 8.66,
    "spread_pct": 0.01434,
    "timestamp": 1777280890.5338407
  },
  "NZDUSD": {
    "bid": 0.59122,
    "ask": 0.59131,
    "spread": 9e-05,
    "spread_pct": 0.015222,
    "timestamp": 1777280892.6892323
  },
  "NFLX": {
    "bid": 91.9,
    "ask": 92.94,
    "spread": 1.04,
    "spread_pct": 1.125298,
    "timestamp": 1777059402.984387
  },
  "AMD": {
    "bid": 345.64,
    "ask": 345.84,
    "spread": 0.2,
    "spread_pct": 0.057847,
    "timestamp": 1777059403.1096587
  },
  "GER30": {
    "bid": 24365.94,
    "ask": 24367.06,
    "spread": 1.12,
    "spread_pct": 0.004596,
    "timestamp": 1777280892.2250023
  },
  "XAGUSD": {
    "bid": 75.519,
    "ask": 75.622,
    "spread": 0.103,
    "spread_pct": 0.136297,
    "timestamp": 1777280892.4829571
  },
  "PLTR": {
    "bid": 142.59,
    "ask": 142.73,
    "spread": 0.14,
    "spread_pct": 0.098135,
    "timestamp": 1777059403.1097336
  },
  "GOOG": {
    "bid": 344.29,
    "ask": 344.71,
    "spread": 0.42,
    "spread_pct": 0.121916,
    "timestamp": 1777059402.4018574
  },
  "NGAS": {
    "bid": 2.6971,
    "ask": 2.7099,
    "spread": 0.0128,
    "spread_pct": 0.47346,
    "timestamp": 1777280891.1004162
  },
  "SP500": {
    "bid": 7188.95,
    "ask": 7189.3,
    "spread": 0.35,
    "spread_pct": 0.004868,
    "timestamp": 1777280891.8382397
  },
  "EURUSD": {
    "bid": 1.17489,
    "ask": 1.17498,
    "spread": 9e-05,
    "spread_pct": 0.00766,
    "timestamp": 1777280891.838136
  },
  "NVIDIA": {
    "bid": 208.25,
    "ask": 208.58,
    "spread": 0.33,
    "spread_pct": 0.158338,
    "timestamp": 1777059402.2326934
  },
  "USOIL": {
    "bid": 96.263,
    "ask": 96.297,
    "spread": 0.034,
    "spread_pct": 0.035314,
    "timestamp": 1777280891.1975353
  },
  "TSLA": {
    "bid": 376.97,
    "ask": 377.49,
    "spread": 0.52,
    "spread_pct": 0.137847,
    "timestamp": 1777059402.600363
  },
  "AMZN": {
    "bid": 263.79,
    "ask": 264.09,
    "spread": 0.3,
    "spread_pct": 0.113662,
    "timestamp": 1777059402.2325428
  },
  "GBPUSD": {
    "bid": 1.35544,
    "ask": 1.35552,
    "spread": 8e-05,
    "spread_pct": 0.005902,
    "timestamp": 1777280892.6012826
  },
  "AUDUSD": {
    "bid": 0.71884,
    "ask": 0.71895,
    "spread": 0.00011,
    "spread_pct": 0.015301,
    "timestamp": 1777280892.225618
  },
  "TSM": {
    "bid": 403.31,
    "ask": 403.78,
    "spread": 0.47,
    "spread_pct": 0.116468,
    "timestamp": 1777059402.232916
  },
  "MSTR": {
    "bid": 170.66,
    "ask": 171.38,
    "spread": 0.72,
    "spread_pct": 0.421003,
    "timestamp": 1777059402.9841743
  },
  "XPTUSD": {
    "bid": 2026.58,
    "ask": 2036.68,
    "spread": 10.1,
    "spread_pct": 0.497138,
    "timestamp": 1777280892.031177
  },
  "COST": {
    "bid": 1010.06,
    "ask": 1010.62,
    "spread": 0.56,
    "spread_pct": 0.055427,
    "timestamp": 1777059400.371591
  },
  "XALUSD": {
    "bid": 3599.03,
    "ask": 3614.32,
    "spread": 15.29,
    "spread_pct": 0.423936,
    "timestamp": 1777280883.7379253
  },
  "XPDUSD": {
    "bid": 1492.3,
    "ask": 1499.68,
    "spread": 7.38,
    "spread_pct": 0.493319,
    "timestamp": 1777280891.580234
  }
}