{
  "AAPL": {
    "bid": 267.58,
    "ask": 267.76,
    "spread": 0.18,
    "spread_pct": 0.067247,
    "timestamp": 1777319198.9201097
  },
  "COPPER": {
    "bid": 605.02,
    "ask": 605.42,
    "spread": 0.4,
    "spread_pct": 0.066092,
    "timestamp": 1777360813.6068885
  },
  "META": {
    "bid": 678.83,
    "ask": 679.65,
    "spread": 0.82,
    "spread_pct": 0.120723,
    "timestamp": 1777319197.8819156
  },
  "MSFT": {
    "bid": 425.55,
    "ask": 425.71,
    "spread": 0.16,
    "spread_pct": 0.037591,
    "timestamp": 1777319198.136073
  },
  "ORCL": {
    "bid": 172.93,
    "ask": 173.11,
    "spread": 0.18,
    "spread_pct": 0.104034,
    "timestamp": 1777319198.136018
  },
  "DJ30": {
    "bid": 49330.41,
    "ask": 49331.59,
    "spread": 1.18,
    "spread_pct": 0.002392,
    "timestamp": 1777360813.2372084
  },
  "TECH100": {
    "bid": 27338.16,
    "ask": 27338.59,
    "spread": 0.43,
    "spread_pct": 0.001573,
    "timestamp": 1777360813.237286
  },
  "XAUUSD": {
    "bid": 4633.73,
    "ask": 4633.93,
    "spread": 0.2,
    "spread_pct": 0.004316,
    "timestamp": 1777360813.4878364
  },
  "UK100": {
    "bid": 10332.0,
    "ask": 10336.0,
    "spread": 4.0,
    "spread_pct": 0.038707,
    "timestamp": 1777360813.5415897
  },
  "UKOIL": {
    "bid": 104.221,
    "ask": 104.259,
    "spread": 0.038,
    "spread_pct": 0.036454,
    "timestamp": 1777360813.3660662
  },
  "INTEL": {
    "bid": 84.38,
    "ask": 84.5,
    "spread": 0.12,
    "spread_pct": 0.142113,
    "timestamp": 1777319198.1361268
  },
  "JPN225": {
    "bid": 60055.58,
    "ask": 60064.42,
    "spread": 8.84,
    "spread_pct": 0.014719,
    "timestamp": 1777351654.6129532
  },
  "NZDUSD": {
    "bid": 0.58907,
    "ask": 0.58916,
    "spread": 9e-05,
    "spread_pct": 0.015277,
    "timestamp": 1777360812.1971214
  },
  "NFLX": {
    "bid": 91.05,
    "ask": 92.13,
    "spread": 1.08,
    "spread_pct": 1.179168,
    "timestamp": 1777319198.306423
  },
  "AMD": {
    "bid": 335.56,
    "ask": 335.7,
    "spread": 0.14,
    "spread_pct": 0.041713,
    "timestamp": 1777319198.759899
  },
  "GER30": {
    "bid": 24143.36,
    "ask": 24144.64,
    "spread": 1.28,
    "spread_pct": 0.005302,
    "timestamp": 1777360813.258666
  },
  "XAGUSD": {
    "bid": 73.427,
    "ask": 73.528,
    "spread": 0.101,
    "spread_pct": 0.137457,
    "timestamp": 1777360813.4877279
  },
  "PLTR": {
    "bid": 142.98,
    "ask": 143.16,
    "spread": 0.18,
    "spread_pct": 0.125813,
    "timestamp": 1777319198.0162265
  },
  "GOOG": {
    "bid": 351.42,
    "ask": 351.86,
    "spread": 0.44,
    "spread_pct": 0.125128,
    "timestamp": 1777319198.4449518
  },
  "NGAS": {
    "bid": 2.71,
    "ask": 2.723,
    "spread": 0.013,
    "spread_pct": 0.478557,
    "timestamp": 1777360803.3614755
  },
  "SP500": {
    "bid": 7192.83,
    "ask": 7193.17,
    "spread": 0.34,
    "spread_pct": 0.004727,
    "timestamp": 1777360813.366178
  },
  "EURUSD": {
    "bid": 1.16989,
    "ask": 1.16999,
    "spread": 0.0001,
    "spread_pct": 0.008547,
    "timestamp": 1777360813.2373543
  },
  "NVIDIA": {
    "bid": 215.79,
    "ask": 216.1,
    "spread": 0.31,
    "spread_pct": 0.143555,
    "timestamp": 1777319198.4448855
  },
  "USOIL": {
    "bid": 97.8,
    "ask": 99.68,
    "spread": 1.88,
    "spread_pct": 1.90399,
    "timestamp": 1777360812.196646
  },
  "TSLA": {
    "bid": 379.44,
    "ask": 379.96,
    "spread": 0.52,
    "spread_pct": 0.13695,
    "timestamp": 1777319198.4520955
  },
  "AMZN": {
    "bid": 260.85,
    "ask": 261.19,
    "spread": 0.34,
    "spread_pct": 0.130258,
    "timestamp": 1777319198.630619
  },
  "GBPUSD": {
    "bid": 1.35116,
    "ask": 1.35127,
    "spread": 0.00011,
    "spread_pct": 0.008141,
    "timestamp": 1777360813.5416732
  },
  "AUDUSD": {
    "bid": 0.71736,
    "ask": 0.71746,
    "spread": 0.0001,
    "spread_pct": 0.013939,
    "timestamp": 1777360813.30275
  },
  "TSM": {
    "bid": 403.65,
    "ask": 404.1,
    "spread": 0.45,
    "spread_pct": 0.111421,
    "timestamp": 1777319198.5634277
  },
  "MSTR": {
    "bid": 169.29,
    "ask": 169.99,
    "spread": 0.7,
    "spread_pct": 0.412639,
    "timestamp": 1777319197.1318383
  },
  "XPTUSD": {
    "bid": 1952.83,
    "ask": 1963.05,
    "spread": 10.22,
    "spread_pct": 0.521977,
    "timestamp": 1777360811.5605986
  },
  "COST": {
    "bid": 999.34,
    "ask": 999.9,
    "spread": 0.56,
    "spread_pct": 0.056021,
    "timestamp": 1777319193.9235065
  },
  "XALUSD": {
    "bid": 3551.14,
    "ask": 3566.36,
    "spread": 15.22,
    "spread_pct": 0.427678,
    "timestamp": 1777360812.7162387
  },
  "XPDUSD": {
    "bid": 1454.29,
    "ask": 1461.6,
    "spread": 7.31,
    "spread_pct": 0.501391,
    "timestamp": 1777360812.2867205
  }
}