{
  "AAPL": {
    "bid": 304.41,
    "ask": 304.71,
    "spread": 0.3,
    "spread_pct": 0.098503,
    "timestamp": 1779400369.2489977
  },
  "COPPER": {
    "bid": 658.63,
    "ask": 659.03,
    "spread": 0.4,
    "spread_pct": 0.060714,
    "timestamp": 1778745929.310647
  },
  "META": {
    "bid": 606.85,
    "ask": 607.46,
    "spread": 0.61,
    "spread_pct": 0.100469,
    "timestamp": 1779400369.174647
  },
  "MSFT": {
    "bid": 420.21,
    "ask": 420.63,
    "spread": 0.42,
    "spread_pct": 0.0999,
    "timestamp": 1779400369.226573
  },
  "ORCL": {
    "bid": 189.88,
    "ask": 190.07,
    "spread": 0.19,
    "spread_pct": 0.100013,
    "timestamp": 1779400369.3028378
  },
  "DJ30": {
    "bid": 50404.44,
    "ask": 50405.56,
    "spread": 1.12,
    "spread_pct": 0.002222,
    "timestamp": 1779394737.0025923
  },
  "TECH100": {
    "bid": 29448.99,
    "ask": 29449.45,
    "spread": 0.46,
    "spread_pct": 0.001562,
    "timestamp": 1779394735.3545816
  },
  "XAUUSD": {
    "bid": 4541.58,
    "ask": 4541.8,
    "spread": 0.22,
    "spread_pct": 0.004844,
    "timestamp": 1779394737.5556471
  },
  "UK100": {
    "bid": 10534.46,
    "ask": 10535.3,
    "spread": 0.84,
    "spread_pct": 0.007974,
    "timestamp": 1779387757.3849556
  },
  "UKOIL": {
    "bid": 102.841,
    "ask": 102.871,
    "spread": 0.03,
    "spread_pct": 0.029167,
    "timestamp": 1779387752.99861
  },
  "INTEL": {
    "bid": 118.64,
    "ask": 118.78,
    "spread": 0.14,
    "spread_pct": 0.117934,
    "timestamp": 1779387752.7324202
  },
  "JPN225": {
    "bid": 62167.14,
    "ask": 62175.86,
    "spread": 8.72,
    "spread_pct": 0.014026,
    "timestamp": 1779394737.431632
  },
  "NZDUSD": {
    "bid": 0.58739,
    "ask": 0.58749,
    "spread": 0.0001,
    "spread_pct": 0.017023,
    "timestamp": 1779400368.1143398
  },
  "NFLX": {
    "bid": 89.25,
    "ask": 89.38,
    "spread": 0.13,
    "spread_pct": 0.145552,
    "timestamp": 1779400369.3010974
  },
  "AMD": {
    "bid": 448.31,
    "ask": 448.76,
    "spread": 0.45,
    "spread_pct": 0.100327,
    "timestamp": 1779400369.3571203
  },
  "GER30": {
    "bid": 24912.26,
    "ask": 24913.54,
    "spread": 1.28,
    "spread_pct": 0.005138,
    "timestamp": 1779387757.3850293
  },
  "XAGUSD": {
    "bid": 76.575,
    "ask": 76.676,
    "spread": 0.101,
    "spread_pct": 0.13181,
    "timestamp": 1779394736.2844305
  },
  "PLTR": {
    "bid": 137.26,
    "ask": 137.4,
    "spread": 0.14,
    "spread_pct": 0.101944,
    "timestamp": 1779400369.359079
  },
  "GOOG": {
    "bid": 390.54,
    "ask": 390.98,
    "spread": 0.44,
    "spread_pct": 0.112601,
    "timestamp": 1779387752.7323153
  },
  "NGAS": {
    "bid": 3.1161,
    "ask": 3.1287,
    "spread": 0.0126,
    "spread_pct": 0.403536,
    "timestamp": 1779394736.7626169
  },
  "SP500": {
    "bid": 7462.71,
    "ask": 7463.03,
    "spread": 0.32,
    "spread_pct": 0.004288,
    "timestamp": 1779394735.5402734
  },
  "EURUSD": {
    "bid": 1.16189,
    "ask": 1.162,
    "spread": 0.00011,
    "spread_pct": 0.009467,
    "timestamp": 1779400366.8344345
  },
  "NVIDIA": {
    "bid": 219.73,
    "ask": 220.06,
    "spread": 0.33,
    "spread_pct": 0.150072,
    "timestamp": 1779387753.4266732
  },
  "USOIL": {
    "bid": 97.596,
    "ask": 97.634,
    "spread": 0.038,
    "spread_pct": 0.038928,
    "timestamp": 1779394737.334717
  },
  "TSLA": {
    "bid": 417.35,
    "ask": 417.85,
    "spread": 0.5,
    "spread_pct": 0.119732,
    "timestamp": 1779400369.170856
  },
  "AMZN": {
    "bid": 268.46,
    "ask": 268.73,
    "spread": 0.27,
    "spread_pct": 0.100523,
    "timestamp": 1779400369.2024262
  },
  "GBPUSD": {
    "bid": 1.34328,
    "ask": 1.34339,
    "spread": 0.00011,
    "spread_pct": 0.008189,
    "timestamp": 1779400368.409807
  },
  "AUDUSD": {
    "bid": 0.7149,
    "ask": 0.71501,
    "spread": 0.00011,
    "spread_pct": 0.015386,
    "timestamp": 1779400369.2915175
  },
  "TSM": {
    "bid": 407.58,
    "ask": 407.99,
    "spread": 0.41,
    "spread_pct": 0.100543,
    "timestamp": 1779400369.1933956
  },
  "MSTR": {
    "bid": 165.6,
    "ask": 165.77,
    "spread": 0.17,
    "spread_pct": 0.102604,
    "timestamp": 1779400369.0852876
  },
  "XPTUSD": {
    "bid": 1963.46,
    "ask": 1973.26,
    "spread": 9.8,
    "spread_pct": 0.497876,
    "timestamp": 1779394736.6208746
  },
  "COST": {
    "bid": 1050.68,
    "ask": 1053.02,
    "spread": 2.34,
    "spread_pct": 0.222465,
    "timestamp": 1779400369.2902248
  },
  "XALUSD": {
    "bid": 3632.49,
    "ask": 3647.91,
    "spread": 15.42,
    "spread_pct": 0.423603,
    "timestamp": 1779381032.2611456
  },
  "XPDUSD": {
    "bid": 1388.79,
    "ask": 1396.27,
    "spread": 7.48,
    "spread_pct": 0.537152,
    "timestamp": 1779394736.367252
  }
}