{
  "AAPL": {
    "bid": 294.12,
    "ask": 294.3,
    "spread": 0.18,
    "spread_pct": 0.061181,
    "timestamp": 1778599412.0644734
  },
  "COPPER": {
    "bid": 649.91,
    "ask": 650.29,
    "spread": 0.38,
    "spread_pct": 0.058453,
    "timestamp": 1778599411.5065117
  },
  "META": {
    "bid": 600.91,
    "ask": 601.51,
    "spread": 0.6,
    "spread_pct": 0.099799,
    "timestamp": 1778599411.1523633
  },
  "MSFT": {
    "bid": 408.24,
    "ask": 408.34,
    "spread": 0.1,
    "spread_pct": 0.024492,
    "timestamp": 1778599411.1848097
  },
  "ORCL": {
    "bid": 183.63,
    "ask": 183.79,
    "spread": 0.16,
    "spread_pct": 0.087094,
    "timestamp": 1778599411.5060472
  },
  "DJ30": {
    "bid": 49526.41,
    "ask": 49527.59,
    "spread": 1.18,
    "spread_pct": 0.002383,
    "timestamp": 1778599412.1362214
  },
  "TECH100": {
    "bid": 28905.97,
    "ask": 28906.43,
    "spread": 0.46,
    "spread_pct": 0.001591,
    "timestamp": 1778599411.3252022
  },
  "XAUUSD": {
    "bid": 4640.41,
    "ask": 4640.61,
    "spread": 0.2,
    "spread_pct": 0.00431,
    "timestamp": 1778599411.5498447
  },
  "UK100": {
    "bid": 10239.61,
    "ask": 10240.39,
    "spread": 0.78,
    "spread_pct": 0.007617,
    "timestamp": 1778599411.6160347
  },
  "UKOIL": {
    "bid": 108.172,
    "ask": 108.208,
    "spread": 0.036,
    "spread_pct": 0.033275,
    "timestamp": 1778599411.3249552
  },
  "INTEL": {
    "bid": 117.41,
    "ask": 117.53,
    "spread": 0.12,
    "spread_pct": 0.102154,
    "timestamp": 1778599411.5064259
  },
  "JPN225": {
    "bid": 61908.34,
    "ask": 61916.66,
    "spread": 8.32,
    "spread_pct": 0.013438,
    "timestamp": 1778599410.8791766
  },
  "NZDUSD": {
    "bid": 0.59382,
    "ask": 0.59393,
    "spread": 0.00011,
    "spread_pct": 0.018522,
    "timestamp": 1778599411.184653
  },
  "NFLX": {
    "bid": 88.73,
    "ask": 88.86,
    "spread": 0.13,
    "spread_pct": 0.146405,
    "timestamp": 1778599412.1611829
  },
  "AMD": {
    "bid": 438.17,
    "ask": 438.61,
    "spread": 0.44,
    "spread_pct": 0.100367,
    "timestamp": 1778599411.225648
  },
  "GER30": {
    "bid": 23994.6,
    "ask": 23995.86,
    "spread": 1.26,
    "spread_pct": 0.005251,
    "timestamp": 1778599412.1358907
  },
  "XAGUSD": {
    "bid": 83.058,
    "ask": 83.161,
    "spread": 0.103,
    "spread_pct": 0.123933,
    "timestamp": 1778599411.2583234
  },
  "PLTR": {
    "bid": 134.08,
    "ask": 134.26,
    "spread": 0.18,
    "spread_pct": 0.134158,
    "timestamp": 1778599411.6163292
  },
  "GOOG": {
    "bid": 387.04,
    "ask": 387.42,
    "spread": 0.38,
    "spread_pct": 0.098133,
    "timestamp": 1778599411.3859942
  },
  "NGAS": {
    "bid": 2.817,
    "ask": 2.83,
    "spread": 0.013,
    "spread_pct": 0.460421,
    "timestamp": 1778599411.7534468
  },
  "SP500": {
    "bid": 7370.72,
    "ask": 7371.03,
    "spread": 0.31,
    "spread_pct": 0.004206,
    "timestamp": 1778599411.3239398
  },
  "EURUSD": {
    "bid": 1.17256,
    "ask": 1.17265,
    "spread": 9e-05,
    "spread_pct": 0.007675,
    "timestamp": 1778599410.6144533
  },
  "NVIDIA": {
    "bid": 216.53,
    "ask": 216.88,
    "spread": 0.35,
    "spread_pct": 0.16151,
    "timestamp": 1778599411.6150377
  },
  "USOIL": {
    "bid": 98.496,
    "ask": 98.532,
    "spread": 0.036,
    "spread_pct": 0.036543,
    "timestamp": 1778599412.0121434
  },
  "TSLA": {
    "bid": 427.11,
    "ask": 427.65,
    "spread": 0.54,
    "spread_pct": 0.126351,
    "timestamp": 1778599411.5062902
  },
  "AMZN": {
    "bid": 263.98,
    "ask": 264.3,
    "spread": 0.32,
    "spread_pct": 0.121148,
    "timestamp": 1778599411.7532892
  },
  "GBPUSD": {
    "bid": 1.35039,
    "ask": 1.3505,
    "spread": 0.00011,
    "spread_pct": 0.008145,
    "timestamp": 1778599411.3858795
  },
  "AUDUSD": {
    "bid": 0.72198,
    "ask": 0.72206,
    "spread": 8e-05,
    "spread_pct": 0.01108,
    "timestamp": 1778599411.6162136
  },
  "TSM": {
    "bid": 387.21,
    "ask": 387.66,
    "spread": 0.45,
    "spread_pct": 0.116149,
    "timestamp": 1778599411.6156495
  },
  "MSTR": {
    "bid": 183.93,
    "ask": 184.63,
    "spread": 0.7,
    "spread_pct": 0.379857,
    "timestamp": 1778599411.526744
  },
  "XPTUSD": {
    "bid": 2067.22,
    "ask": 2077.48,
    "spread": 10.26,
    "spread_pct": 0.49509,
    "timestamp": 1778599412.1361492
  },
  "COST": {
    "bid": 1021.89,
    "ask": 1022.43,
    "spread": 0.54,
    "spread_pct": 0.052829,
    "timestamp": 1778599411.3253057
  },
  "XALUSD": {
    "bid": 3557.03,
    "ask": 3572.27,
    "spread": 15.24,
    "spread_pct": 0.427531,
    "timestamp": 1778599401.8112879
  },
  "XPDUSD": {
    "bid": 1451.86,
    "ask": 1459.14,
    "spread": 7.28,
    "spread_pct": 0.500172,
    "timestamp": 1778599411.7531145
  }
}