{
  "AAPL": {
    "bid": 270.83,
    "ask": 271.1,
    "spread": 0.27,
    "spread_pct": 0.099644,
    "timestamp": 1777539666.174464
  },
  "COPPER": {
    "bid": 598.43,
    "ask": 598.83,
    "spread": 0.4,
    "spread_pct": 0.066819,
    "timestamp": 1777539666.1470046
  },
  "META": {
    "bid": 615.52,
    "ask": 616.14,
    "spread": 0.62,
    "spread_pct": 0.100677,
    "timestamp": 1777539666.3177106
  },
  "MSFT": {
    "bid": 417.66,
    "ask": 418.08,
    "spread": 0.42,
    "spread_pct": 0.10051,
    "timestamp": 1777539666.3044908
  },
  "ORCL": {
    "bid": 162.54,
    "ask": 162.7,
    "spread": 0.16,
    "spread_pct": 0.098389,
    "timestamp": 1777539666.1743407
  },
  "DJ30": {
    "bid": 48826.93,
    "ask": 48828.07,
    "spread": 1.14,
    "spread_pct": 0.002335,
    "timestamp": 1777539666.1480467
  },
  "TECH100": {
    "bid": 27370.65,
    "ask": 27371.1,
    "spread": 0.45,
    "spread_pct": 0.001644,
    "timestamp": 1777539666.1473927
  },
  "XAUUSD": {
    "bid": 4616.51,
    "ask": 4616.69,
    "spread": 0.18,
    "spread_pct": 0.003899,
    "timestamp": 1777539666.2688735
  },
  "UK100": {
    "bid": 10271.5,
    "ask": 10275.5,
    "spread": 4.0,
    "spread_pct": 0.038935,
    "timestamp": 1777539666.22527
  },
  "UKOIL": {
    "bid": 111.777,
    "ask": 111.813,
    "spread": 0.036,
    "spread_pct": 0.032202,
    "timestamp": 1777539666.1479404
  },
  "INTEL": {
    "bid": 94.43,
    "ask": 94.55,
    "spread": 0.12,
    "spread_pct": 0.126998,
    "timestamp": 1777492423.3666635
  },
  "JPN225": {
    "bid": 59343.55,
    "ask": 59351.45,
    "spread": 7.9,
    "spread_pct": 0.013311,
    "timestamp": 1777539666.1151805
  },
  "NZDUSD": {
    "bid": 0.58402,
    "ask": 0.58411,
    "spread": 9e-05,
    "spread_pct": 0.015409,
    "timestamp": 1777539666.2253578
  },
  "NFLX": {
    "bid": 91.47,
    "ask": 91.61,
    "spread": 0.14,
    "spread_pct": 0.152939,
    "timestamp": 1777539666.268772
  },
  "AMD": {
    "bid": 343.09,
    "ask": 343.52,
    "spread": 0.43,
    "spread_pct": 0.125253,
    "timestamp": 1777539666.2144063
  },
  "GER30": {
    "bid": 23990.88,
    "ask": 23992.12,
    "spread": 1.24,
    "spread_pct": 0.005168,
    "timestamp": 1777539666.3863115
  },
  "XAGUSD": {
    "bid": 73.302,
    "ask": 73.406,
    "spread": 0.104,
    "spread_pct": 0.141778,
    "timestamp": 1777539666.4615974
  },
  "PLTR": {
    "bid": 137.41,
    "ask": 137.55,
    "spread": 0.14,
    "spread_pct": 0.101833,
    "timestamp": 1777539666.1472964
  },
  "GOOG": {
    "bid": 350.17,
    "ask": 350.55,
    "spread": 0.38,
    "spread_pct": 0.10846,
    "timestamp": 1777492423.2499824
  },
  "NGAS": {
    "bid": 2.6241,
    "ask": 2.6369,
    "spread": 0.0128,
    "spread_pct": 0.4866,
    "timestamp": 1777539666.4614716
  },
  "SP500": {
    "bid": 7166.97,
    "ask": 7167.28,
    "spread": 0.31,
    "spread_pct": 0.004325,
    "timestamp": 1777539666.5160205
  },
  "EURUSD": {
    "bid": 1.16809,
    "ask": 1.16818,
    "spread": 9e-05,
    "spread_pct": 0.007705,
    "timestamp": 1777539665.259609
  },
  "NVIDIA": {
    "bid": 208.83,
    "ask": 209.16,
    "spread": 0.33,
    "spread_pct": 0.157899,
    "timestamp": 1777492423.5693095
  },
  "USOIL": {
    "bid": 107.918,
    "ask": 107.952,
    "spread": 0.034,
    "spread_pct": 0.0315,
    "timestamp": 1777539664.5421355
  },
  "TSLA": {
    "bid": 372.12,
    "ask": 372.57,
    "spread": 0.45,
    "spread_pct": 0.120856,
    "timestamp": 1777539666.2251587
  },
  "AMZN": {
    "bid": 267.72,
    "ask": 267.99,
    "spread": 0.27,
    "spread_pct": 0.100801,
    "timestamp": 1777539666.2142596
  },
  "GBPUSD": {
    "bid": 1.34853,
    "ask": 1.34865,
    "spread": 0.00012,
    "spread_pct": 0.008898,
    "timestamp": 1777539666.516116
  },
  "AUDUSD": {
    "bid": 0.71307,
    "ask": 0.71319,
    "spread": 0.00012,
    "spread_pct": 0.016827,
    "timestamp": 1777539665.5812304
  },
  "TSM": {
    "bid": 394.97,
    "ask": 395.37,
    "spread": 0.4,
    "spread_pct": 0.101222,
    "timestamp": 1777539666.3317618
  },
  "MSTR": {
    "bid": 158.66,
    "ask": 158.82,
    "spread": 0.16,
    "spread_pct": 0.100794,
    "timestamp": 1777539666.3541677
  },
  "XPTUSD": {
    "bid": 1938.0,
    "ask": 1947.8,
    "spread": 9.8,
    "spread_pct": 0.504401,
    "timestamp": 1777539665.887711
  },
  "COST": {
    "bid": 992.49,
    "ask": 994.11,
    "spread": 1.62,
    "spread_pct": 0.163093,
    "timestamp": 1777539666.194045
  },
  "XALUSD": {
    "bid": 3477.77,
    "ask": 3492.98,
    "spread": 15.21,
    "spread_pct": 0.436395,
    "timestamp": 1777539650.9781544
  },
  "XPDUSD": {
    "bid": 1474.64,
    "ask": 1482.12,
    "spread": 7.48,
    "spread_pct": 0.505959,
    "timestamp": 1777539664.9992745
  }
}