{
  "AAPL": {
    "bid": 271.11,
    "ask": 271.38,
    "spread": 0.27,
    "spread_pct": 0.099541,
    "timestamp": 1777507594.3658369
  },
  "COPPER": {
    "bid": 594.25,
    "ask": 594.65,
    "spread": 0.4,
    "spread_pct": 0.067289,
    "timestamp": 1777507593.662534
  },
  "META": {
    "bid": 670.79,
    "ask": 671.61,
    "spread": 0.82,
    "spread_pct": 0.122169,
    "timestamp": 1777492423.5684698
  },
  "MSFT": {
    "bid": 423.3,
    "ask": 423.44,
    "spread": 0.14,
    "spread_pct": 0.033068,
    "timestamp": 1777492423.501683
  },
  "ORCL": {
    "bid": 165.34,
    "ask": 165.51,
    "spread": 0.17,
    "spread_pct": 0.102766,
    "timestamp": 1777507594.3670912
  },
  "DJ30": {
    "bid": 48845.9,
    "ask": 48847.1,
    "spread": 1.2,
    "spread_pct": 0.002457,
    "timestamp": 1777507594.3045034
  },
  "TECH100": {
    "bid": 27561.53,
    "ask": 27561.97,
    "spread": 0.44,
    "spread_pct": 0.001596,
    "timestamp": 1777507594.304357
  },
  "XAUUSD": {
    "bid": 4561.54,
    "ask": 4561.74,
    "spread": 0.2,
    "spread_pct": 0.004384,
    "timestamp": 1777507594.3416936
  },
  "UK100": {
    "bid": 10206.12,
    "ask": 10206.88,
    "spread": 0.76,
    "spread_pct": 0.007446,
    "timestamp": 1777507594.0891693
  },
  "UKOIL": {
    "bid": 111.031,
    "ask": 111.069,
    "spread": 0.038,
    "spread_pct": 0.034219,
    "timestamp": 1777507594.3041837
  },
  "INTEL": {
    "bid": 94.43,
    "ask": 94.55,
    "spread": 0.12,
    "spread_pct": 0.126998,
    "timestamp": 1777492423.3666635
  },
  "JPN225": {
    "bid": 59252.5,
    "ask": 59292.5,
    "spread": 40.0,
    "spread_pct": 0.067485,
    "timestamp": 1777507593.8436217
  },
  "NZDUSD": {
    "bid": 0.58403,
    "ask": 0.58414,
    "spread": 0.00011,
    "spread_pct": 0.018833,
    "timestamp": 1777507593.5909894
  },
  "NFLX": {
    "bid": 91.64,
    "ask": 91.78,
    "spread": 0.14,
    "spread_pct": 0.152655,
    "timestamp": 1777507594.1507564
  },
  "AMD": {
    "bid": 348.71,
    "ask": 349.08,
    "spread": 0.37,
    "spread_pct": 0.106049,
    "timestamp": 1777507594.2687416
  },
  "GER30": {
    "bid": 23951.5,
    "ask": 23961.5,
    "spread": 10.0,
    "spread_pct": 0.041742,
    "timestamp": 1777492423.4437199
  },
  "XAGUSD": {
    "bid": 71.884,
    "ask": 71.987,
    "spread": 0.103,
    "spread_pct": 0.143184,
    "timestamp": 1777507594.3417773
  },
  "PLTR": {
    "bid": 138.7,
    "ask": 138.87,
    "spread": 0.17,
    "spread_pct": 0.122492,
    "timestamp": 1777507594.3238912
  },
  "GOOG": {
    "bid": 350.17,
    "ask": 350.55,
    "spread": 0.38,
    "spread_pct": 0.10846,
    "timestamp": 1777492423.2499824
  },
  "NGAS": {
    "bid": 2.629,
    "ask": 2.642,
    "spread": 0.013,
    "spread_pct": 0.493265,
    "timestamp": 1777507591.9653914
  },
  "SP500": {
    "bid": 7192.6,
    "ask": 7192.9,
    "spread": 0.3,
    "spread_pct": 0.004171,
    "timestamp": 1777507593.380442
  },
  "EURUSD": {
    "bid": 1.16846,
    "ask": 1.16855,
    "spread": 9e-05,
    "spread_pct": 0.007702,
    "timestamp": 1777507593.704809
  },
  "NVIDIA": {
    "bid": 208.83,
    "ask": 209.16,
    "spread": 0.33,
    "spread_pct": 0.157899,
    "timestamp": 1777492423.5693095
  },
  "USOIL": {
    "bid": 106.42,
    "ask": 108.24,
    "spread": 1.82,
    "spread_pct": 1.695705,
    "timestamp": 1777507594.3031166
  },
  "TSLA": {
    "bid": 372.87,
    "ask": 373.41,
    "spread": 0.54,
    "spread_pct": 0.144718,
    "timestamp": 1777492423.1802778
  },
  "AMZN": {
    "bid": 270.6,
    "ask": 270.87,
    "spread": 0.27,
    "spread_pct": 0.099729,
    "timestamp": 1777507594.2057726
  },
  "GBPUSD": {
    "bid": 1.34899,
    "ask": 1.34909,
    "spread": 0.0001,
    "spread_pct": 0.007413,
    "timestamp": 1777507594.376462
  },
  "AUDUSD": {
    "bid": 0.7125,
    "ask": 0.7126,
    "spread": 0.0001,
    "spread_pct": 0.014034,
    "timestamp": 1777507594.3854613
  },
  "TSM": {
    "bid": 392.75,
    "ask": 393.22,
    "spread": 0.47,
    "spread_pct": 0.119597,
    "timestamp": 1777492423.6238737
  },
  "MSTR": {
    "bid": 159.28,
    "ask": 159.44,
    "spread": 0.16,
    "spread_pct": 0.100402,
    "timestamp": 1777507594.1839893
  },
  "XPTUSD": {
    "bid": 1898.75,
    "ask": 1908.91,
    "spread": 10.16,
    "spread_pct": 0.533661,
    "timestamp": 1777507594.1420405
  },
  "COST": {
    "bid": 995.47,
    "ask": 996.47,
    "spread": 1.0,
    "spread_pct": 0.100405,
    "timestamp": 1777507594.3415859
  },
  "XALUSD": {
    "bid": 3486.43,
    "ask": 3501.67,
    "spread": 15.24,
    "spread_pct": 0.43617,
    "timestamp": 1777507594.304586
  },
  "XPDUSD": {
    "bid": 1473.98,
    "ask": 1481.27,
    "spread": 7.29,
    "spread_pct": 0.493359,
    "timestamp": 1777507593.8009708
  }
}