{
  "AAPL": {
    "bid": 270.04,
    "ask": 270.22,
    "spread": 0.18,
    "spread_pct": 0.066635,
    "timestamp": 1777059403.1095536
  },
  "COPPER": {
    "bid": 608.42,
    "ask": 608.84,
    "spread": 0.42,
    "spread_pct": 0.069007,
    "timestamp": 1777059401.3614635
  },
  "META": {
    "bid": 676.18,
    "ask": 677.0,
    "spread": 0.82,
    "spread_pct": 0.121196,
    "timestamp": 1777059400.6640484
  },
  "MSFT": {
    "bid": 423.33,
    "ask": 423.49,
    "spread": 0.16,
    "spread_pct": 0.037788,
    "timestamp": 1777059402.2954955
  },
  "ORCL": {
    "bid": 173.44,
    "ask": 173.6,
    "spread": 0.16,
    "spread_pct": 0.092208,
    "timestamp": 1777059402.2959394
  },
  "DJ30": {
    "bid": 49349.41,
    "ask": 49350.59,
    "spread": 1.18,
    "spread_pct": 0.002391,
    "timestamp": 1777059403.109465
  },
  "TECH100": {
    "bid": 27404.51,
    "ask": 27404.99,
    "spread": 0.48,
    "spread_pct": 0.001752,
    "timestamp": 1777059402.232784
  },
  "XAUUSD": {
    "bid": 4717.88,
    "ask": 4718.08,
    "spread": 0.2,
    "spread_pct": 0.004239,
    "timestamp": 1777059402.3595319
  },
  "UK100": {
    "bid": 10389.61,
    "ask": 10390.39,
    "spread": 0.78,
    "spread_pct": 0.007507,
    "timestamp": 1777059402.9202387
  },
  "UKOIL": {
    "bid": 99.786,
    "ask": 99.824,
    "spread": 0.038,
    "spread_pct": 0.038074,
    "timestamp": 1777059402.9840057
  },
  "INTEL": {
    "bid": 80.89,
    "ask": 81.03,
    "spread": 0.14,
    "spread_pct": 0.172925,
    "timestamp": 1777059403.1093316
  },
  "JPN225": {
    "bid": 59978.27,
    "ask": 59986.73,
    "spread": 8.46,
    "spread_pct": 0.014104,
    "timestamp": 1777059401.3613641
  },
  "NZDUSD": {
    "bid": 0.58806,
    "ask": 0.58816,
    "spread": 0.0001,
    "spread_pct": 0.017004,
    "timestamp": 1777059402.9842868
  },
  "NFLX": {
    "bid": 91.9,
    "ask": 92.94,
    "spread": 1.04,
    "spread_pct": 1.125298,
    "timestamp": 1777059402.984387
  },
  "AMD": {
    "bid": 345.64,
    "ask": 345.84,
    "spread": 0.2,
    "spread_pct": 0.057847,
    "timestamp": 1777059403.1096587
  },
  "GER30": {
    "bid": 24359.89,
    "ask": 24361.11,
    "spread": 1.22,
    "spread_pct": 0.005008,
    "timestamp": 1777059402.4746032
  },
  "XAGUSD": {
    "bid": 76.112,
    "ask": 76.215,
    "spread": 0.103,
    "spread_pct": 0.135235,
    "timestamp": 1777059402.3594024
  },
  "PLTR": {
    "bid": 142.59,
    "ask": 142.73,
    "spread": 0.14,
    "spread_pct": 0.098135,
    "timestamp": 1777059403.1097336
  },
  "GOOG": {
    "bid": 344.29,
    "ask": 344.71,
    "spread": 0.42,
    "spread_pct": 0.121916,
    "timestamp": 1777059402.4018574
  },
  "NGAS": {
    "bid": 2.6723,
    "ask": 2.6847,
    "spread": 0.0124,
    "spread_pct": 0.462946,
    "timestamp": 1777059400.5543938
  },
  "SP500": {
    "bid": 7190.46,
    "ask": 7190.79,
    "spread": 0.33,
    "spread_pct": 0.004589,
    "timestamp": 1777059403.1090324
  },
  "EURUSD": {
    "bid": 1.17171,
    "ask": 1.17179,
    "spread": 8e-05,
    "spread_pct": 0.006827,
    "timestamp": 1777059402.2329917
  },
  "NVIDIA": {
    "bid": 208.25,
    "ask": 208.58,
    "spread": 0.33,
    "spread_pct": 0.158338,
    "timestamp": 1777059402.2326934
  },
  "USOIL": {
    "bid": 93.89,
    "ask": 95.73,
    "spread": 1.84,
    "spread_pct": 1.940724,
    "timestamp": 1777059401.3615427
  },
  "TSLA": {
    "bid": 376.97,
    "ask": 377.49,
    "spread": 0.52,
    "spread_pct": 0.137847,
    "timestamp": 1777059402.600363
  },
  "AMZN": {
    "bid": 263.79,
    "ask": 264.09,
    "spread": 0.3,
    "spread_pct": 0.113662,
    "timestamp": 1777059402.2325428
  },
  "GBPUSD": {
    "bid": 1.35292,
    "ask": 1.35303,
    "spread": 0.00011,
    "spread_pct": 0.00813,
    "timestamp": 1777059402.9837773
  },
  "AUDUSD": {
    "bid": 0.71503,
    "ask": 0.71515,
    "spread": 0.00012,
    "spread_pct": 0.016781,
    "timestamp": 1777059402.6667428
  },
  "TSM": {
    "bid": 403.31,
    "ask": 403.78,
    "spread": 0.47,
    "spread_pct": 0.116468,
    "timestamp": 1777059402.232916
  },
  "MSTR": {
    "bid": 170.66,
    "ask": 171.38,
    "spread": 0.72,
    "spread_pct": 0.421003,
    "timestamp": 1777059402.9841743
  },
  "XPTUSD": {
    "bid": 2011.98,
    "ask": 2022.12,
    "spread": 10.14,
    "spread_pct": 0.502714,
    "timestamp": 1777059401.8487432
  },
  "COST": {
    "bid": 1010.06,
    "ask": 1010.62,
    "spread": 0.56,
    "spread_pct": 0.055427,
    "timestamp": 1777059400.371591
  },
  "XALUSD": {
    "bid": 3595.73,
    "ask": 3611.07,
    "spread": 15.34,
    "spread_pct": 0.425709,
    "timestamp": 1777052799.255632
  },
  "XPDUSD": {
    "bid": 1498.89,
    "ask": 1506.21,
    "spread": 7.32,
    "spread_pct": 0.487172,
    "timestamp": 1777059401.7881246
  }
}