{
  "AAPL": {
    "bid": 298.73,
    "ask": 299.03,
    "spread": 0.3,
    "spread_pct": 0.100375,
    "timestamp": 1778700392.1186361
  },
  "COPPER": {
    "bid": 661.81,
    "ask": 662.19,
    "spread": 0.38,
    "spread_pct": 0.057402,
    "timestamp": 1778700391.5426102
  },
  "META": {
    "bid": 616.45,
    "ask": 617.07,
    "spread": 0.62,
    "spread_pct": 0.100525,
    "timestamp": 1778700392.3256094
  },
  "MSFT": {
    "bid": 404.97,
    "ask": 405.38,
    "spread": 0.41,
    "spread_pct": 0.101191,
    "timestamp": 1778700392.1187613
  },
  "ORCL": {
    "bid": 190.59,
    "ask": 190.94,
    "spread": 0.35,
    "spread_pct": 0.183472,
    "timestamp": 1778700392.2236893
  },
  "DJ30": {
    "bid": 49805.98,
    "ask": 49807.02,
    "spread": 1.04,
    "spread_pct": 0.002088,
    "timestamp": 1778700391.3836904
  },
  "TECH100": {
    "bid": 29510.28,
    "ask": 29510.7,
    "spread": 0.42,
    "spread_pct": 0.001423,
    "timestamp": 1778700392.32532
  },
  "XAUUSD": {
    "bid": 4687.48,
    "ask": 4687.7,
    "spread": 0.22,
    "spread_pct": 0.004693,
    "timestamp": 1778700392.3246207
  },
  "UK100": {
    "bid": 10341.63,
    "ask": 10342.37,
    "spread": 0.74,
    "spread_pct": 0.007155,
    "timestamp": 1778700391.7556927
  },
  "UKOIL": {
    "bid": 105.766,
    "ask": 105.804,
    "spread": 0.038,
    "spread_pct": 0.035922,
    "timestamp": 1778700391.5422468
  },
  "INTEL": {
    "bid": 121.1,
    "ask": 121.24,
    "spread": 0.14,
    "spread_pct": 0.11554,
    "timestamp": 1778700391.9036784
  },
  "JPN225": {
    "bid": 63398.59,
    "ask": 63406.41,
    "spread": 7.82,
    "spread_pct": 0.012334,
    "timestamp": 1778700391.6914995
  },
  "NZDUSD": {
    "bid": 0.59334,
    "ask": 0.59345,
    "spread": 0.00011,
    "spread_pct": 0.018537,
    "timestamp": 1778700390.3719516
  },
  "NFLX": {
    "bid": 88.01,
    "ask": 88.14,
    "spread": 0.13,
    "spread_pct": 0.147601,
    "timestamp": 1778700392.2874193
  },
  "AMD": {
    "bid": 448.24,
    "ask": 448.69,
    "spread": 0.45,
    "spread_pct": 0.100342,
    "timestamp": 1778700392.179483
  },
  "GER30": {
    "bid": 24266.27,
    "ask": 24267.53,
    "spread": 1.26,
    "spread_pct": 0.005192,
    "timestamp": 1778700391.5525467
  },
  "XAGUSD": {
    "bid": 87.737,
    "ask": 87.838,
    "spread": 0.101,
    "spread_pct": 0.115051,
    "timestamp": 1778700391.7550247
  },
  "PLTR": {
    "bid": 130.11,
    "ask": 130.24,
    "spread": 0.13,
    "spread_pct": 0.099866,
    "timestamp": 1778700392.2458947
  },
  "GOOG": {
    "bid": 402.22,
    "ask": 402.62,
    "spread": 0.4,
    "spread_pct": 0.099399,
    "timestamp": 1778700392.2463646
  },
  "NGAS": {
    "bid": 2.8535,
    "ask": 2.8655,
    "spread": 0.012,
    "spread_pct": 0.419654,
    "timestamp": 1778700392.1488366
  },
  "SP500": {
    "bid": 7476.47,
    "ask": 7476.78,
    "spread": 0.31,
    "spread_pct": 0.004146,
    "timestamp": 1778700392.1486917
  },
  "EURUSD": {
    "bid": 1.17093,
    "ask": 1.17102,
    "spread": 9e-05,
    "spread_pct": 0.007686,
    "timestamp": 1778700391.2482126
  },
  "NVIDIA": {
    "bid": 226.33,
    "ask": 226.63,
    "spread": 0.3,
    "spread_pct": 0.132462,
    "timestamp": 1778700392.3255315
  },
  "USOIL": {
    "bid": 96.819,
    "ask": 96.857,
    "spread": 0.038,
    "spread_pct": 0.039241,
    "timestamp": 1778700391.3104672
  },
  "TSLA": {
    "bid": 444.13,
    "ask": 444.66,
    "spread": 0.53,
    "spread_pct": 0.119263,
    "timestamp": 1778700392.2246683
  },
  "AMZN": {
    "bid": 269.29,
    "ask": 269.61,
    "spread": 0.32,
    "spread_pct": 0.11876,
    "timestamp": 1778700392.3254247
  },
  "GBPUSD": {
    "bid": 1.35205,
    "ask": 1.35214,
    "spread": 9e-05,
    "spread_pct": 0.006656,
    "timestamp": 1778700392.0536919
  },
  "AUDUSD": {
    "bid": 0.72558,
    "ask": 0.72567,
    "spread": 9e-05,
    "spread_pct": 0.012403,
    "timestamp": 1778700391.5849113
  },
  "TSM": {
    "bid": 400.59,
    "ask": 401.04,
    "spread": 0.45,
    "spread_pct": 0.112271,
    "timestamp": 1778700391.2374442
  },
  "MSTR": {
    "bid": 178.64,
    "ask": 178.82,
    "spread": 0.18,
    "spread_pct": 0.100711,
    "timestamp": 1778700392.3470764
  },
  "XPTUSD": {
    "bid": 2148.61,
    "ask": 2158.49,
    "spread": 9.88,
    "spread_pct": 0.458777,
    "timestamp": 1778700384.7873282
  },
  "COST": {
    "bid": 1032.57,
    "ask": 1033.6,
    "spread": 1.03,
    "spread_pct": 0.099701,
    "timestamp": 1778700392.2245474
  },
  "XALUSD": {
    "bid": 3642.65,
    "ask": 3657.95,
    "spread": 15.3,
    "spread_pct": 0.419144,
    "timestamp": 1778693630.2598474
  },
  "XPDUSD": {
    "bid": 1502.29,
    "ask": 1509.71,
    "spread": 7.42,
    "spread_pct": 0.492696,
    "timestamp": 1778700384.8829713
  }
}