{
  "AAPL": {
    "bid": 286.86,
    "ask": 287.15,
    "spread": 0.29,
    "spread_pct": 0.101044,
    "timestamp": 1778087976.1619496
  },
  "COPPER": {
    "bid": 617.73,
    "ask": 618.11,
    "spread": 0.38,
    "spread_pct": 0.061497,
    "timestamp": 1778087976.1526868
  },
  "META": {
    "bid": 613.63,
    "ask": 614.24,
    "spread": 0.61,
    "spread_pct": 0.099359,
    "timestamp": 1778087975.1315773
  },
  "MSFT": {
    "bid": 413.09,
    "ask": 413.25,
    "spread": 0.16,
    "spread_pct": 0.038725,
    "timestamp": 1778087975.4496944
  },
  "ORCL": {
    "bid": 192.02,
    "ask": 192.21,
    "spread": 0.19,
    "spread_pct": 0.098899,
    "timestamp": 1778087976.1189091
  },
  "DJ30": {
    "bid": 49904.46,
    "ask": 49905.54,
    "spread": 1.08,
    "spread_pct": 0.002164,
    "timestamp": 1778087976.009905
  },
  "TECH100": {
    "bid": 28583.29,
    "ask": 28583.71,
    "spread": 0.42,
    "spread_pct": 0.001469,
    "timestamp": 1778087975.2169144
  },
  "XAUUSD": {
    "bid": 4682.52,
    "ask": 4682.74,
    "spread": 0.22,
    "spread_pct": 0.004698,
    "timestamp": 1778087975.4608407
  },
  "UK100": {
    "bid": 10429.0,
    "ask": 10433.0,
    "spread": 4.0,
    "spread_pct": 0.038347,
    "timestamp": 1778087975.8616931
  },
  "UKOIL": {
    "bid": 102.085,
    "ask": 102.115,
    "spread": 0.03,
    "spread_pct": 0.029383,
    "timestamp": 1778087975.4392233
  },
  "INTEL": {
    "bid": 111.11,
    "ask": 111.27,
    "spread": 0.16,
    "spread_pct": 0.143898,
    "timestamp": 1778087975.154384
  },
  "JPN225": {
    "bid": 61773.38,
    "ask": 61781.62,
    "spread": 8.24,
    "spread_pct": 0.013338,
    "timestamp": 1778087975.6519344
  },
  "NZDUSD": {
    "bid": 0.5953,
    "ask": 0.59541,
    "spread": 0.00011,
    "spread_pct": 0.018476,
    "timestamp": 1778087975.8412828
  },
  "NFLX": {
    "bid": 87.37,
    "ask": 88.45,
    "spread": 1.08,
    "spread_pct": 1.228529,
    "timestamp": 1778087976.1615274
  },
  "AMD": {
    "bid": 414.87,
    "ask": 414.99,
    "spread": 0.12,
    "spread_pct": 0.028921,
    "timestamp": 1778087976.0100343
  },
  "GER30": {
    "bid": 24991.86,
    "ask": 24993.14,
    "spread": 1.28,
    "spread_pct": 0.005122,
    "timestamp": 1778087975.8410354
  },
  "XAGUSD": {
    "bid": 76.771,
    "ask": 76.872,
    "spread": 0.101,
    "spread_pct": 0.131474,
    "timestamp": 1778087975.4611878
  },
  "PLTR": {
    "bid": 133.0,
    "ask": 133.2,
    "spread": 0.2,
    "spread_pct": 0.150263,
    "timestamp": 1778087976.1086843
  },
  "GOOG": {
    "bid": 399.2,
    "ask": 399.62,
    "spread": 0.42,
    "spread_pct": 0.105155,
    "timestamp": 1778087974.9198246
  },
  "NGAS": {
    "bid": 2.7141,
    "ask": 2.7269,
    "spread": 0.0128,
    "spread_pct": 0.470502,
    "timestamp": 1778087976.0105722
  },
  "SP500": {
    "bid": 7365.2,
    "ask": 7365.55,
    "spread": 0.35,
    "spread_pct": 0.004752,
    "timestamp": 1778087975.3972104
  },
  "EURUSD": {
    "bid": 1.17519,
    "ask": 1.17529,
    "spread": 0.0001,
    "spread_pct": 0.008509,
    "timestamp": 1778087974.3585296
  },
  "NVIDIA": {
    "bid": 204.89,
    "ask": 205.22,
    "spread": 0.33,
    "spread_pct": 0.160932,
    "timestamp": 1778087975.4495842
  },
  "USOIL": {
    "bid": 95.543,
    "ask": 95.577,
    "spread": 0.034,
    "spread_pct": 0.03558,
    "timestamp": 1778087976.1526058
  },
  "TSLA": {
    "bid": 397.95,
    "ask": 398.45,
    "spread": 0.5,
    "spread_pct": 0.125565,
    "timestamp": 1778087975.5328135
  },
  "AMZN": {
    "bid": 276.44,
    "ask": 276.72,
    "spread": 0.28,
    "spread_pct": 0.101237,
    "timestamp": 1778087975.2468555
  },
  "GBPUSD": {
    "bid": 1.35948,
    "ask": 1.35957,
    "spread": 9e-05,
    "spread_pct": 0.00662,
    "timestamp": 1778087975.5876641
  },
  "AUDUSD": {
    "bid": 0.72317,
    "ask": 0.72327,
    "spread": 0.0001,
    "spread_pct": 0.013827,
    "timestamp": 1778087975.1547952
  },
  "TSM": {
    "bid": 415.55,
    "ask": 416.0,
    "spread": 0.45,
    "spread_pct": 0.108232,
    "timestamp": 1778087975.6525905
  },
  "MSTR": {
    "bid": 184.51,
    "ask": 184.69,
    "spread": 0.18,
    "spread_pct": 0.097508,
    "timestamp": 1778087975.365162
  },
  "XPTUSD": {
    "bid": 2048.59,
    "ask": 2058.55,
    "spread": 9.96,
    "spread_pct": 0.485009,
    "timestamp": 1778087974.8434474
  },
  "COST": {
    "bid": 993.4,
    "ask": 994.42,
    "spread": 1.02,
    "spread_pct": 0.102625,
    "timestamp": 1778087975.0998158
  },
  "XALUSD": {
    "bid": 3520.86,
    "ask": 3536.24,
    "spread": 15.38,
    "spread_pct": 0.435873,
    "timestamp": 1778087974.3581412
  },
  "XPDUSD": {
    "bid": 1536.41,
    "ask": 1543.69,
    "spread": 7.28,
    "spread_pct": 0.472712,
    "timestamp": 1778087975.8939881
  }
}