{
  "AAPL": {
    "bid": 297.88,
    "ask": 298.18,
    "spread": 0.3,
    "spread_pct": 0.100661,
    "timestamp": 1778790394.3325322
  },
  "COPPER": {
    "bid": 658.63,
    "ask": 659.03,
    "spread": 0.4,
    "spread_pct": 0.060714,
    "timestamp": 1778745929.310647
  },
  "META": {
    "bid": 617.57,
    "ask": 618.19,
    "spread": 0.62,
    "spread_pct": 0.100343,
    "timestamp": 1778790394.108756
  },
  "MSFT": {
    "bid": 408.16,
    "ask": 408.57,
    "spread": 0.41,
    "spread_pct": 0.1004,
    "timestamp": 1778790394.2394469
  },
  "ORCL": {
    "bid": 195.54,
    "ask": 195.8,
    "spread": 0.26,
    "spread_pct": 0.132877,
    "timestamp": 1778790394.3449304
  },
  "DJ30": {
    "bid": 50124.21,
    "ask": 50125.37,
    "spread": 1.16,
    "spread_pct": 0.002314,
    "timestamp": 1778790394.3032076
  },
  "TECH100": {
    "bid": 29681.74,
    "ask": 29682.22,
    "spread": 0.48,
    "spread_pct": 0.001617,
    "timestamp": 1778790394.3022342
  },
  "XAUUSD": {
    "bid": 4647.41,
    "ask": 4647.59,
    "spread": 0.18,
    "spread_pct": 0.003873,
    "timestamp": 1778790394.322855
  },
  "UK100": {
    "bid": 10392.15,
    "ask": 10392.87,
    "spread": 0.72,
    "spread_pct": 0.006928,
    "timestamp": 1778784739.8225543
  },
  "UKOIL": {
    "bid": 106.488,
    "ask": 106.526,
    "spread": 0.038,
    "spread_pct": 0.035678,
    "timestamp": 1778790392.8310153
  },
  "INTEL": {
    "bid": 116.42,
    "ask": 116.52,
    "spread": 0.1,
    "spread_pct": 0.085859,
    "timestamp": 1778784741.5946746
  },
  "JPN225": {
    "bid": 63008.0,
    "ask": 63048.0,
    "spread": 40.0,
    "spread_pct": 0.063464,
    "timestamp": 1778790392.5238888
  },
  "NZDUSD": {
    "bid": 0.59094,
    "ask": 0.59102,
    "spread": 8e-05,
    "spread_pct": 0.013537,
    "timestamp": 1778790390.7727442
  },
  "NFLX": {
    "bid": 86.84,
    "ask": 86.97,
    "spread": 0.13,
    "spread_pct": 0.149589,
    "timestamp": 1778790394.3012686
  },
  "AMD": {
    "bid": 447.61,
    "ask": 448.06,
    "spread": 0.45,
    "spread_pct": 0.100483,
    "timestamp": 1778790394.088694
  },
  "GER30": {
    "bid": 24411.98,
    "ask": 24413.24,
    "spread": 1.26,
    "spread_pct": 0.005161,
    "timestamp": 1778784741.0223985
  },
  "XAGUSD": {
    "bid": 83.208,
    "ask": 83.313,
    "spread": 0.105,
    "spread_pct": 0.12611,
    "timestamp": 1778790393.2575982
  },
  "PLTR": {
    "bid": 133.16,
    "ask": 133.29,
    "spread": 0.13,
    "spread_pct": 0.097579,
    "timestamp": 1778790394.1766906
  },
  "GOOG": {
    "bid": 399.93,
    "ask": 400.37,
    "spread": 0.44,
    "spread_pct": 0.109959,
    "timestamp": 1778784739.2200098
  },
  "NGAS": {
    "bid": 2.9081,
    "ask": 2.9207,
    "spread": 0.0126,
    "spread_pct": 0.432336,
    "timestamp": 1778790391.7096734
  },
  "SP500": {
    "bid": 7517.38,
    "ask": 7517.74,
    "spread": 0.36,
    "spread_pct": 0.004789,
    "timestamp": 1778790393.084575
  },
  "EURUSD": {
    "bid": 1.16664,
    "ask": 1.16675,
    "spread": 0.00011,
    "spread_pct": 0.009428,
    "timestamp": 1778790393.265751
  },
  "NVIDIA": {
    "bid": 235.8,
    "ask": 236.12,
    "spread": 0.32,
    "spread_pct": 0.135616,
    "timestamp": 1778784740.8841429
  },
  "USOIL": {
    "bid": 97.62,
    "ask": 97.654,
    "spread": 0.034,
    "spread_pct": 0.034823,
    "timestamp": 1778790393.957463
  },
  "TSLA": {
    "bid": 442.6,
    "ask": 443.13,
    "spread": 0.53,
    "spread_pct": 0.119675,
    "timestamp": 1778790394.088807
  },
  "AMZN": {
    "bid": 267.0,
    "ask": 267.27,
    "spread": 0.27,
    "spread_pct": 0.101072,
    "timestamp": 1778790394.2581975
  },
  "GBPUSD": {
    "bid": 1.33979,
    "ask": 1.3399,
    "spread": 0.00011,
    "spread_pct": 0.00821,
    "timestamp": 1778790393.5056794
  },
  "AUDUSD": {
    "bid": 0.72186,
    "ask": 0.72197,
    "spread": 0.00011,
    "spread_pct": 0.015237,
    "timestamp": 1778790393.084699
  },
  "TSM": {
    "bid": 417.56,
    "ask": 417.98,
    "spread": 0.42,
    "spread_pct": 0.100534,
    "timestamp": 1778790394.2289565
  },
  "MSTR": {
    "bid": 186.29,
    "ask": 186.48,
    "spread": 0.19,
    "spread_pct": 0.10194,
    "timestamp": 1778790394.2377865
  },
  "XPTUSD": {
    "bid": 2052.46,
    "ask": 2062.32,
    "spread": 9.86,
    "spread_pct": 0.479248,
    "timestamp": 1778790392.3935316
  },
  "COST": {
    "bid": 1037.44,
    "ask": 1041.87,
    "spread": 4.43,
    "spread_pct": 0.426103,
    "timestamp": 1778790394.1100802
  },
  "XALUSD": {
    "bid": 3638.33,
    "ask": 3653.57,
    "spread": 15.24,
    "spread_pct": 0.417998,
    "timestamp": 1778777570.373426
  },
  "XPDUSD": {
    "bid": 1446.67,
    "ask": 1453.89,
    "spread": 7.22,
    "spread_pct": 0.497835,
    "timestamp": 1778784739.3263402
  }
}