{
  "AAPL": {
    "bid": 269.82,
    "ask": 270.0,
    "spread": 0.18,
    "spread_pct": 0.066689,
    "timestamp": 1777402555.240041
  },
  "COPPER": {
    "bid": 597.6,
    "ask": 598.0,
    "spread": 0.4,
    "spread_pct": 0.066912,
    "timestamp": 1777407147.641612
  },
  "META": {
    "bid": 671.41,
    "ask": 672.21,
    "spread": 0.8,
    "spread_pct": 0.119081,
    "timestamp": 1777402555.141898
  },
  "MSFT": {
    "bid": 427.11,
    "ask": 427.23,
    "spread": 0.12,
    "spread_pct": 0.028092,
    "timestamp": 1777402555.4344442
  },
  "ORCL": {
    "bid": 166.46,
    "ask": 166.62,
    "spread": 0.16,
    "spread_pct": 0.096073,
    "timestamp": 1777402554.1626806
  },
  "DJ30": {
    "bid": 49355.36,
    "ask": 49356.64,
    "spread": 1.28,
    "spread_pct": 0.002593,
    "timestamp": 1777407157.4873736
  },
  "TECH100": {
    "bid": 27195.53,
    "ask": 27195.97,
    "spread": 0.44,
    "spread_pct": 0.001618,
    "timestamp": 1777407158.3007438
  },
  "XAUUSD": {
    "bid": 4597.98,
    "ask": 4598.16,
    "spread": 0.18,
    "spread_pct": 0.003915,
    "timestamp": 1777407158.3008351
  },
  "UK100": {
    "bid": 10311.5,
    "ask": 10315.5,
    "spread": 4.0,
    "spread_pct": 0.038784,
    "timestamp": 1777402554.1142027
  },
  "UKOIL": {
    "bid": 104.109,
    "ask": 104.141,
    "spread": 0.032,
    "spread_pct": 0.030732,
    "timestamp": 1777407156.7001078
  },
  "INTEL": {
    "bid": 84.04,
    "ask": 84.14,
    "spread": 0.1,
    "spread_pct": 0.11892,
    "timestamp": 1777402555.5210788
  },
  "JPN225": {
    "bid": 59150.53,
    "ask": 59159.47,
    "spread": 8.94,
    "spread_pct": 0.015113,
    "timestamp": 1777407158.9221785
  },
  "NZDUSD": {
    "bid": 0.58847,
    "ask": 0.58858,
    "spread": 0.00011,
    "spread_pct": 0.018691,
    "timestamp": 1777407158.755233
  },
  "NFLX": {
    "bid": 91.44,
    "ask": 92.52,
    "spread": 1.08,
    "spread_pct": 1.174168,
    "timestamp": 1777402554.2028255
  },
  "AMD": {
    "bid": 324.37,
    "ask": 324.51,
    "spread": 0.14,
    "spread_pct": 0.043151,
    "timestamp": 1777402555.682999
  },
  "GER30": {
    "bid": 24114.98,
    "ask": 24116.02,
    "spread": 1.04,
    "spread_pct": 0.004313,
    "timestamp": 1777402553.3227198
  },
  "XAGUSD": {
    "bid": 73.115,
    "ask": 73.217,
    "spread": 0.102,
    "spread_pct": 0.139409,
    "timestamp": 1777407158.3363204
  },
  "PLTR": {
    "bid": 141.52,
    "ask": 141.7,
    "spread": 0.18,
    "spread_pct": 0.12711,
    "timestamp": 1777402555.5207434
  },
  "GOOG": {
    "bid": 349.47,
    "ask": 349.89,
    "spread": 0.42,
    "spread_pct": 0.12011,
    "timestamp": 1777402555.5450108
  },
  "NGAS": {
    "bid": 2.6759,
    "ask": 2.6881,
    "spread": 0.0122,
    "spread_pct": 0.454884,
    "timestamp": 1777407155.2846282
  },
  "SP500": {
    "bid": 7175.21,
    "ask": 7175.54,
    "spread": 0.33,
    "spread_pct": 0.004599,
    "timestamp": 1777407158.5626035
  },
  "EURUSD": {
    "bid": 1.17121,
    "ask": 1.17132,
    "spread": 0.00011,
    "spread_pct": 0.009392,
    "timestamp": 1777407158.1287663
  },
  "NVIDIA": {
    "bid": 213.5,
    "ask": 213.85,
    "spread": 0.35,
    "spread_pct": 0.1638,
    "timestamp": 1777402555.6406739
  },
  "USOIL": {
    "bid": 99.631,
    "ask": 99.669,
    "spread": 0.038,
    "spread_pct": 0.038133,
    "timestamp": 1777407156.3557901
  },
  "TSLA": {
    "bid": 377.41,
    "ask": 377.95,
    "spread": 0.54,
    "spread_pct": 0.142978,
    "timestamp": 1777402555.4564366
  },
  "AMZN": {
    "bid": 258.75,
    "ask": 259.07,
    "spread": 0.32,
    "spread_pct": 0.123595,
    "timestamp": 1777402555.3799934
  },
  "GBPUSD": {
    "bid": 1.35194,
    "ask": 1.35205,
    "spread": 0.00011,
    "spread_pct": 0.008136,
    "timestamp": 1777407157.5644865
  },
  "AUDUSD": {
    "bid": 0.71811,
    "ask": 0.71823,
    "spread": 0.00012,
    "spread_pct": 0.016709,
    "timestamp": 1777407158.110558
  },
  "TSM": {
    "bid": 392.43,
    "ask": 392.9,
    "spread": 0.47,
    "spread_pct": 0.119695,
    "timestamp": 1777402555.1968126
  },
  "MSTR": {
    "bid": 166.07,
    "ask": 166.75,
    "spread": 0.68,
    "spread_pct": 0.408629,
    "timestamp": 1777402555.7611969
  },
  "XPTUSD": {
    "bid": 1941.06,
    "ask": 1951.05,
    "spread": 9.99,
    "spread_pct": 0.513346,
    "timestamp": 1777407157.1991029
  },
  "COST": {
    "bid": 988.45,
    "ask": 988.97,
    "spread": 0.52,
    "spread_pct": 0.052594,
    "timestamp": 1777402554.3323452
  },
  "XALUSD": {
    "bid": 3541.2,
    "ask": 3556.5,
    "spread": 15.3,
    "spread_pct": 0.431126,
    "timestamp": 1777390648.1311426
  },
  "XPDUSD": {
    "bid": 1464.28,
    "ask": 1471.61,
    "spread": 7.33,
    "spread_pct": 0.499338,
    "timestamp": 1777407158.9322438
  }
}