{
  "AAPL": {
    "bid": 287.41,
    "ask": 287.7,
    "spread": 0.29,
    "spread_pct": 0.10085,
    "timestamp": 1778098855.243705
  },
  "COPPER": {
    "bid": 617.91,
    "ask": 618.29,
    "spread": 0.38,
    "spread_pct": 0.061479,
    "timestamp": 1778098856.156701
  },
  "META": {
    "bid": 612.63,
    "ask": 613.24,
    "spread": 0.61,
    "spread_pct": 0.099521,
    "timestamp": 1778098855.1348224
  },
  "MSFT": {
    "bid": 413.69,
    "ask": 414.1,
    "spread": 0.41,
    "spread_pct": 0.099059,
    "timestamp": 1778098856.187973
  },
  "ORCL": {
    "bid": 194.97,
    "ask": 195.17,
    "spread": 0.2,
    "spread_pct": 0.102527,
    "timestamp": 1778098856.134689
  },
  "DJ30": {
    "bid": 50011.5,
    "ask": 50012.5,
    "spread": 1.0,
    "spread_pct": 0.002,
    "timestamp": 1778098855.6921868
  },
  "TECH100": {
    "bid": 28795.3,
    "ask": 28795.7,
    "spread": 0.4,
    "spread_pct": 0.001389,
    "timestamp": 1778098855.5075412
  },
  "XAUUSD": {
    "bid": 4698.26,
    "ask": 4698.44,
    "spread": 0.18,
    "spread_pct": 0.003831,
    "timestamp": 1778098855.9311857
  },
  "UK100": {
    "bid": 10439.65,
    "ask": 10440.35,
    "spread": 0.7,
    "spread_pct": 0.006705,
    "timestamp": 1778093843.331283
  },
  "UKOIL": {
    "bid": 101.581,
    "ask": 101.619,
    "spread": 0.038,
    "spread_pct": 0.037402,
    "timestamp": 1778098855.285921
  },
  "INTEL": {
    "bid": 112.21,
    "ask": 112.35,
    "spread": 0.14,
    "spread_pct": 0.124688,
    "timestamp": 1778093843.2089787
  },
  "JPN225": {
    "bid": 62316.38,
    "ask": 62323.62,
    "spread": 7.24,
    "spread_pct": 0.011617,
    "timestamp": 1778098854.450849
  },
  "NZDUSD": {
    "bid": 0.59556,
    "ask": 0.59566,
    "spread": 0.0001,
    "spread_pct": 0.01679,
    "timestamp": 1778098855.8479755
  },
  "NFLX": {
    "bid": 88.21,
    "ask": 88.34,
    "spread": 0.13,
    "spread_pct": 0.147267,
    "timestamp": 1778098855.2438645
  },
  "AMD": {
    "bid": 423.94,
    "ask": 424.36,
    "spread": 0.42,
    "spread_pct": 0.099022,
    "timestamp": 1778098855.2440221
  },
  "GER30": {
    "bid": 25034.35,
    "ask": 25035.65,
    "spread": 1.3,
    "spread_pct": 0.005193,
    "timestamp": 1778093843.3318365
  },
  "XAGUSD": {
    "bid": 77.525,
    "ask": 77.628,
    "spread": 0.103,
    "spread_pct": 0.132772,
    "timestamp": 1778098856.0924277
  },
  "PLTR": {
    "bid": 133.6,
    "ask": 133.73,
    "spread": 0.13,
    "spread_pct": 0.097258,
    "timestamp": 1778098856.1568394
  },
  "GOOG": {
    "bid": 396.65,
    "ask": 397.09,
    "spread": 0.44,
    "spread_pct": 0.110868,
    "timestamp": 1778093843.2086306
  },
  "NGAS": {
    "bid": 2.712,
    "ask": 2.725,
    "spread": 0.013,
    "spread_pct": 0.478205,
    "timestamp": 1778098855.007839
  },
  "SP500": {
    "bid": 7392.71,
    "ask": 7393.04,
    "spread": 0.33,
    "spread_pct": 0.004464,
    "timestamp": 1778098855.5724347
  },
  "EURUSD": {
    "bid": 1.1749,
    "ask": 1.17502,
    "spread": 0.00012,
    "spread_pct": 0.010213,
    "timestamp": 1778098854.8243537
  },
  "NVIDIA": {
    "bid": 206.89,
    "ask": 207.21,
    "spread": 0.32,
    "spread_pct": 0.154552,
    "timestamp": 1778093843.5791183
  },
  "USOIL": {
    "bid": 94.63,
    "ask": 96.5,
    "spread": 1.87,
    "spread_pct": 1.956783,
    "timestamp": 1778098855.4976268
  },
  "TSLA": {
    "bid": 397.86,
    "ask": 398.34,
    "spread": 0.48,
    "spread_pct": 0.120573,
    "timestamp": 1778098856.1889486
  },
  "AMZN": {
    "bid": 275.15,
    "ask": 275.43,
    "spread": 0.28,
    "spread_pct": 0.101711,
    "timestamp": 1778098856.1555827
  },
  "GBPUSD": {
    "bid": 1.35938,
    "ask": 1.35948,
    "spread": 0.0001,
    "spread_pct": 0.007356,
    "timestamp": 1778098855.6437087
  },
  "AUDUSD": {
    "bid": 0.72372,
    "ask": 0.72381,
    "spread": 9e-05,
    "spread_pct": 0.012435,
    "timestamp": 1778098852.294584
  },
  "TSM": {
    "bid": 419.61,
    "ask": 420.03,
    "spread": 0.42,
    "spread_pct": 0.100043,
    "timestamp": 1778098855.1347191
  },
  "MSTR": {
    "bid": 187.63,
    "ask": 187.82,
    "spread": 0.19,
    "spread_pct": 0.101212,
    "timestamp": 1778098856.1994174
  },
  "XPTUSD": {
    "bid": 2058.35,
    "ask": 2068.27,
    "spread": 9.92,
    "spread_pct": 0.480781,
    "timestamp": 1778098856.172927
  },
  "COST": {
    "bid": 994.85,
    "ask": 996.37,
    "spread": 1.52,
    "spread_pct": 0.15267,
    "timestamp": 1778098856.2011123
  },
  "XALUSD": {
    "bid": 3520.86,
    "ask": 3536.24,
    "spread": 15.38,
    "spread_pct": 0.435873,
    "timestamp": 1778087974.3581412
  },
  "XPDUSD": {
    "bid": 1537.76,
    "ask": 1545.24,
    "spread": 7.48,
    "spread_pct": 0.485242,
    "timestamp": 1778098856.0922995
  }
}