{
  "AAPL": {
    "bid": 267.58,
    "ask": 267.76,
    "spread": 0.18,
    "spread_pct": 0.067247,
    "timestamp": 1777319198.9201097
  },
  "COPPER": {
    "bid": 608.21,
    "ask": 608.63,
    "spread": 0.42,
    "spread_pct": 0.069031,
    "timestamp": 1777329368.4628944
  },
  "META": {
    "bid": 678.83,
    "ask": 679.65,
    "spread": 0.82,
    "spread_pct": 0.120723,
    "timestamp": 1777319197.8819156
  },
  "MSFT": {
    "bid": 425.55,
    "ask": 425.71,
    "spread": 0.16,
    "spread_pct": 0.037591,
    "timestamp": 1777319198.136073
  },
  "ORCL": {
    "bid": 172.93,
    "ask": 173.11,
    "spread": 0.18,
    "spread_pct": 0.104034,
    "timestamp": 1777319198.136018
  },
  "DJ30": {
    "bid": 49413.98,
    "ask": 49415.02,
    "spread": 1.04,
    "spread_pct": 0.002105,
    "timestamp": 1777329369.7827528
  },
  "TECH100": {
    "bid": 27490.89,
    "ask": 27491.36,
    "spread": 0.47,
    "spread_pct": 0.00171,
    "timestamp": 1777329372.6015925
  },
  "XAUUSD": {
    "bid": 4687.28,
    "ask": 4687.48,
    "spread": 0.2,
    "spread_pct": 0.004267,
    "timestamp": 1777329372.5509064
  },
  "UK100": {
    "bid": 10348.84,
    "ask": 10349.66,
    "spread": 0.82,
    "spread_pct": 0.007923,
    "timestamp": 1777319198.3063202
  },
  "UKOIL": {
    "bid": 101.88,
    "ask": 101.91,
    "spread": 0.03,
    "spread_pct": 0.029442,
    "timestamp": 1777322709.3570569
  },
  "INTEL": {
    "bid": 84.38,
    "ask": 84.5,
    "spread": 0.12,
    "spread_pct": 0.142113,
    "timestamp": 1777319198.1361268
  },
  "JPN225": {
    "bid": 60242.5,
    "ask": 60282.5,
    "spread": 40.0,
    "spread_pct": 0.066376,
    "timestamp": 1777322698.3867385
  },
  "NZDUSD": {
    "bid": 0.59108,
    "ask": 0.59117,
    "spread": 9e-05,
    "spread_pct": 0.015225,
    "timestamp": 1777329371.359838
  },
  "NFLX": {
    "bid": 91.05,
    "ask": 92.13,
    "spread": 1.08,
    "spread_pct": 1.179168,
    "timestamp": 1777319198.306423
  },
  "AMD": {
    "bid": 335.56,
    "ask": 335.7,
    "spread": 0.14,
    "spread_pct": 0.041713,
    "timestamp": 1777319198.759899
  },
  "GER30": {
    "bid": 24259.47,
    "ask": 24260.53,
    "spread": 1.06,
    "spread_pct": 0.004369,
    "timestamp": 1777319197.562285
  },
  "XAGUSD": {
    "bid": 75.85,
    "ask": 75.953,
    "spread": 0.103,
    "spread_pct": 0.135702,
    "timestamp": 1777329372.401979
  },
  "PLTR": {
    "bid": 142.98,
    "ask": 143.16,
    "spread": 0.18,
    "spread_pct": 0.125813,
    "timestamp": 1777319198.0162265
  },
  "GOOG": {
    "bid": 351.42,
    "ask": 351.86,
    "spread": 0.44,
    "spread_pct": 0.125128,
    "timestamp": 1777319198.4449518
  },
  "NGAS": {
    "bid": 2.7204,
    "ask": 2.7326,
    "spread": 0.0122,
    "spread_pct": 0.44746,
    "timestamp": 1777329360.4792407
  },
  "SP500": {
    "bid": 7217.7,
    "ask": 7218.05,
    "spread": 0.35,
    "spread_pct": 0.004849,
    "timestamp": 1777329369.6480236
  },
  "EURUSD": {
    "bid": 1.17225,
    "ask": 1.17234,
    "spread": 9e-05,
    "spread_pct": 0.007677,
    "timestamp": 1777329372.9032848
  },
  "NVIDIA": {
    "bid": 215.79,
    "ask": 216.1,
    "spread": 0.31,
    "spread_pct": 0.143555,
    "timestamp": 1777319198.4448855
  },
  "USOIL": {
    "bid": 96.385,
    "ask": 96.425,
    "spread": 0.04,
    "spread_pct": 0.041492,
    "timestamp": 1777329372.6017075
  },
  "TSLA": {
    "bid": 379.44,
    "ask": 379.96,
    "spread": 0.52,
    "spread_pct": 0.13695,
    "timestamp": 1777319198.4520955
  },
  "AMZN": {
    "bid": 260.85,
    "ask": 261.19,
    "spread": 0.34,
    "spread_pct": 0.130258,
    "timestamp": 1777319198.630619
  },
  "GBPUSD": {
    "bid": 1.35364,
    "ask": 1.35373,
    "spread": 9e-05,
    "spread_pct": 0.006649,
    "timestamp": 1777329368.257945
  },
  "AUDUSD": {
    "bid": 0.71878,
    "ask": 0.71887,
    "spread": 9e-05,
    "spread_pct": 0.01252,
    "timestamp": 1777329371.7964745
  },
  "TSM": {
    "bid": 403.65,
    "ask": 404.1,
    "spread": 0.45,
    "spread_pct": 0.111421,
    "timestamp": 1777319198.5634277
  },
  "MSTR": {
    "bid": 169.29,
    "ask": 169.99,
    "spread": 0.7,
    "spread_pct": 0.412639,
    "timestamp": 1777319197.1318383
  },
  "XPTUSD": {
    "bid": 1991.07,
    "ask": 2000.93,
    "spread": 9.86,
    "spread_pct": 0.493988,
    "timestamp": 1777329372.6016521
  },
  "COST": {
    "bid": 999.34,
    "ask": 999.9,
    "spread": 0.56,
    "spread_pct": 0.056021,
    "timestamp": 1777319193.9235065
  },
  "XALUSD": {
    "bid": 3575.04,
    "ask": 3590.36,
    "spread": 15.32,
    "spread_pct": 0.42761,
    "timestamp": 1777308742.7481203
  },
  "XPDUSD": {
    "bid": 1473.86,
    "ask": 1481.2,
    "spread": 7.34,
    "spread_pct": 0.496775,
    "timestamp": 1777329372.903185
  }
}