{
  "AAPL": {
    "bid": 273.61,
    "ask": 273.75,
    "spread": 0.14,
    "spread_pct": 0.051155,
    "timestamp": 1776973150.2095842
  },
  "COPPER": {
    "bid": 608.98,
    "ask": 609.36,
    "spread": 0.38,
    "spread_pct": 0.06238,
    "timestamp": 1777036414.6706
  },
  "META": {
    "bid": 659.79,
    "ask": 660.61,
    "spread": 0.82,
    "spread_pct": 0.124205,
    "timestamp": 1776973151.2760155
  },
  "MSFT": {
    "bid": 415.82,
    "ask": 415.92,
    "spread": 0.1,
    "spread_pct": 0.024046,
    "timestamp": 1776973150.818721
  },
  "ORCL": {
    "bid": 175.42,
    "ask": 175.6,
    "spread": 0.18,
    "spread_pct": 0.102558,
    "timestamp": 1776973150.209661
  },
  "DJ30": {
    "bid": 49446.93,
    "ask": 49448.07,
    "spread": 1.14,
    "spread_pct": 0.002305,
    "timestamp": 1777036414.3357425
  },
  "TECH100": {
    "bid": 27249.04,
    "ask": 27249.46,
    "spread": 0.42,
    "spread_pct": 0.001541,
    "timestamp": 1777036414.670691
  },
  "XAUUSD": {
    "bid": 4705.08,
    "ask": 4705.28,
    "spread": 0.2,
    "spread_pct": 0.004251,
    "timestamp": 1777036414.4015763
  },
  "UK100": {
    "bid": 10424.25,
    "ask": 10428.25,
    "spread": 4.0,
    "spread_pct": 0.038365,
    "timestamp": 1777036414.2013006
  },
  "UKOIL": {
    "bid": 98.817,
    "ask": 98.853,
    "spread": 0.036,
    "spread_pct": 0.036424,
    "timestamp": 1777036414.4017096
  },
  "INTEL": {
    "bid": 66.1,
    "ask": 66.22,
    "spread": 0.12,
    "spread_pct": 0.181378,
    "timestamp": 1776973151.209863
  },
  "JPN225": {
    "bid": 59831.36,
    "ask": 59838.64,
    "spread": 7.28,
    "spread_pct": 0.012167,
    "timestamp": 1777036414.265755
  },
  "NZDUSD": {
    "bid": 0.58698,
    "ask": 0.58706,
    "spread": 8e-05,
    "spread_pct": 0.013628,
    "timestamp": 1777036414.9186077
  },
  "NFLX": {
    "bid": 92.56,
    "ask": 93.58,
    "spread": 1.02,
    "spread_pct": 1.095949,
    "timestamp": 1776973151.2760873
  },
  "AMD": {
    "bid": 303.35,
    "ask": 303.51,
    "spread": 0.16,
    "spread_pct": 0.05273,
    "timestamp": 1776973150.2097318
  },
  "GER30": {
    "bid": 24279.91,
    "ask": 24281.09,
    "spread": 1.18,
    "spread_pct": 0.00486,
    "timestamp": 1777036414.1730711
  },
  "XAGUSD": {
    "bid": 75.623,
    "ask": 75.723,
    "spread": 0.1,
    "spread_pct": 0.132148,
    "timestamp": 1777036414.5245066
  },
  "PLTR": {
    "bid": 141.54,
    "ask": 141.68,
    "spread": 0.14,
    "spread_pct": 0.098863,
    "timestamp": 1776973150.3746104
  },
  "GOOG": {
    "bid": 339.02,
    "ask": 339.46,
    "spread": 0.44,
    "spread_pct": 0.129702,
    "timestamp": 1776973151.204068
  },
  "NGAS": {
    "bid": 2.6885,
    "ask": 2.7005,
    "spread": 0.012,
    "spread_pct": 0.445352,
    "timestamp": 1777036413.4027116
  },
  "SP500": {
    "bid": 7166.46,
    "ask": 7166.79,
    "spread": 0.33,
    "spread_pct": 0.004605,
    "timestamp": 1777036414.336104
  },
  "EURUSD": {
    "bid": 1.17081,
    "ask": 1.1709,
    "spread": 9e-05,
    "spread_pct": 0.007687,
    "timestamp": 1777036414.3360283
  },
  "NVIDIA": {
    "bid": 198.84,
    "ask": 199.18,
    "spread": 0.34,
    "spread_pct": 0.170846,
    "timestamp": 1776973150.3237202
  },
  "USOIL": {
    "bid": 95.061,
    "ask": 95.099,
    "spread": 0.038,
    "spread_pct": 0.039966,
    "timestamp": 1777036414.3359523
  },
  "TSLA": {
    "bid": 372.76,
    "ask": 373.3,
    "spread": 0.54,
    "spread_pct": 0.14476,
    "timestamp": 1776973151.2041981
  },
  "AMZN": {
    "bid": 255.39,
    "ask": 255.73,
    "spread": 0.34,
    "spread_pct": 0.133041,
    "timestamp": 1776973150.8186264
  },
  "GBPUSD": {
    "bid": 1.34965,
    "ask": 1.34977,
    "spread": 0.00012,
    "spread_pct": 0.008891,
    "timestamp": 1777036414.2120602
  },
  "AUDUSD": {
    "bid": 0.71365,
    "ask": 0.71374,
    "spread": 9e-05,
    "spread_pct": 0.01261,
    "timestamp": 1777036414.52413
  },
  "TSM": {
    "bid": 380.76,
    "ask": 381.21,
    "spread": 0.45,
    "spread_pct": 0.118115,
    "timestamp": 1776973150.2023056
  },
  "MSTR": {
    "bid": 172.76,
    "ask": 173.46,
    "spread": 0.7,
    "spread_pct": 0.404367,
    "timestamp": 1776973150.3239782
  },
  "XPTUSD": {
    "bid": 1998.23,
    "ask": 2008.27,
    "spread": 10.04,
    "spread_pct": 0.501186,
    "timestamp": 1777036414.2019851
  },
  "COST": {
    "bid": 1011.84,
    "ask": 1012.46,
    "spread": 0.62,
    "spread_pct": 0.061256,
    "timestamp": 1776973143.3722465
  },
  "XALUSD": {
    "bid": 3595.57,
    "ask": 3610.93,
    "spread": 15.36,
    "spread_pct": 0.426282,
    "timestamp": 1777036407.6493242
  },
  "XPDUSD": {
    "bid": 1491.63,
    "ask": 1498.99,
    "spread": 7.36,
    "spread_pct": 0.492206,
    "timestamp": 1777036413.9463189
  }
}